CustomerID,Country,Quantity,UnitPrice,NumProducts,DayOfWeek,Month,Hour,IsReturning,SessionLength,PagesViewed,TotalSales,WillPurchase
10892,UK,4.0,108.25,5,5,11,18,0,29.7,12,433.0,0
17739,France,25.0,106.83,7,3,9,14,1,4.0,24,2670.75,1
16545,Norway,28.0,30.8,17,4,3,18,1,27.9,18,862.4,0
14388,Australia,36.0,5.98,2,6,12,10,1,48.2,28,215.28000000000003,0
14330,UK,29.0,45.92,3,0,12,11,0,35.9,5,1331.68,0
18585,UK,10.0,23.99,6,0,1,9,1,55.3,26,239.89999999999998,0
10859,Sweden,18.0,59.67,12,6,1,16,0,43.3,17,1074.06,0
16973,Sweden,22.0,146.91,16,3,3,17,0,46.9,23,3232.02,1
12014,UK,49.0,27.57,11,4,10,11,0,28.0,23,1350.93,0
10941,Germany,27.0,48.17,10,2,8,12,1,11.2,17,1300.5900000000001,0
15264,UK,32.0,108.9,17,5,7,15,0,54.8,14,3484.8,1
19756,UK,37.0,76.62,4,4,5,17,1,39.9,24,2834.94,1
17357,UK,18.0,7.07,18,1,6,11,1,54.7,15,127.26,0
17611,UK,48.0,24.67,6,4,8,14,0,37.4,29,1184.16,0
17174,UK,34.0,140.32,6,0,1,10,1,27.8,20,4770.88,1
17860,Australia,42.0,15.92,19,1,8,18,1,8.9,19,668.64,0
15132,UK,37.0,95.45,13,1,3,19,0,24.5,17,3531.65,1
11281,UK,31.0,118.95,9,5,10,17,1,36.3,8,3687.4500000000003,1
18397,UK,2.0,40.18,7,5,3,18,0,55.9,22,80.36,0
14503,UK,29.0,108.9,9,0,1,17,1,49.9,8,3158.1000000000004,1
15003,UK,7.0,25.9,16,6,6,18,0,31.3,18,181.29999999999998,0
13707,Germany,30.0,43.07,3,5,6,13,0,27.4,24,1292.1,0
11825,UK,35.0,47.12,4,3,7,10,0,3.0,14,1649.1999999999998,1
19267,Germany,27.0,149.47,6,1,11,20,0,21.7,29,4035.69,1
17815,Sweden,16.0,32.58,10,2,9,8,0,58.9,5,521.28,0
16438,UK,3.0,19.82,16,4,5,13,1,,7,59.46,0
14024,Sweden,33.0,138.89,5,4,9,17,1,32.0,9,4583.37,1
18227,Sweden,35.0,24.71,15,2,7,18,0,,29,864.85,0
15454,Australia,24.0,131.95,18,0,3,16,1,2.4,16,3166.7999999999997,1
14434,Germany,36.0,,9,4,1,14,0,57.5,8,2744.46,1
14504,Germany,,86.74,19,4,1,19,0,42.3,29,2168.5,1
12272,Germany,26.0,112.83,17,1,3,11,1,1.8,12,2933.58,1
10921,France,3.0,109.04,16,4,10,9,0,42.6,8,327.12,0
15545,UK,43.0,17.02,8,3,6,16,1,5.9,27,731.86,0
18878,Norway,23.0,149.92,6,3,6,12,0,38.7,5,3448.16,1
10638,Germany,33.0,141.31,17,0,5,14,0,18.8,28,4663.2300000000005,1
18582,Netherlands,45.0,134.54,9,2,4,13,1,13.5,2,6054.299999999999,1
18276,UK,18.0,93.53,1,2,9,11,0,38.1,17,1683.54,1
12767,UK,31.0,78.66,14,5,1,20,0,26.6,17,2438.46,1
16316,UK,1.0,80.67,7,5,8,12,1,4.8,28,80.67,0
11652,UK,44.0,2.73,18,6,12,16,1,49.5,27,120.12,0
17580,UK,3.0,75.17,17,3,11,10,1,,25,225.51,0
17005,UK,27.0,93.75,2,2,5,20,1,37.5,27,2531.25,1
13545,UK,18.0,98.98,18,3,11,20,0,37.0,26,1781.64,1
10679,UK,2.0,50.15,19,5,3,8,1,4.3,15,100.3,0
19706,UK,23.0,70.96,15,4,3,16,1,59.8,26,1632.08,1
14456,Norway,46.0,95.63,6,4,5,15,1,27.4,23,4398.98,1
18931,UK,9.0,64.53,13,3,1,10,0,13.1,12,580.77,0
16779,UK,15.0,144.34,17,4,4,18,1,26.8,26,2165.1,1
17783,UK,10.0,105.96,16,6,11,17,1,36.6,1,1059.6,0
17598,UK,7.0,0.69,9,4,10,18,1,1.2,3,4.83,0
11946,UK,12.0,3.98,14,2,4,15,1,18.7,5,47.76,0
13639,Germany,29.0,103.7,8,5,4,17,0,32.6,16,3007.3,1
14667,Norway,39.0,62.19,5,6,5,17,1,42.0,3,2425.41,1
14977,UK,34.0,126.0,13,5,2,17,1,19.5,7,4284.0,1
10438,France,38.0,26.37,9,6,2,15,1,,8,1002.0600000000001,0
15465,UK,36.0,2.57,5,1,12,17,1,14.1,8,92.52,0
11542,UK,19.0,58.52,13,2,9,8,0,18.3,2,1111.88,0
17433,UK,45.0,110.54,7,1,9,16,0,41.6,7,4974.3,1
16830,UK,9.0,145.77,12,2,4,10,0,20.9,9,1311.93,0
19225,Germany,35.0,132.61,7,5,11,13,1,17.5,23,4641.35,1
17447,France,6.0,72.87,17,4,3,17,1,18.6,18,437.22,0
13666,France,38.0,122.02,17,0,12,9,1,37.1,10,4636.76,1
19675,UK,5.0,11.01,10,5,7,17,0,34.1,5,55.05,0
14108,Germany,11.0,86.05,14,1,4,11,0,25.0,15,946.55,0
13258,UK,20.0,138.68,4,1,10,17,1,38.3,10,2773.6000000000004,1
19055,UK,35.0,59.76,19,3,6,17,0,38.9,21,2091.6,1
13704,UK,3.0,144.04,5,1,4,8,0,1.8,7,432.12,0
10763,France,13.0,33.49,17,6,9,11,0,21.0,29,435.37,0
14695,Norway,17.0,16.29,17,1,9,18,0,15.4,3,276.93,0
17956,UK,36.0,78.95,4,1,8,12,1,49.9,25,2842.2000000000003,1
11894,Germany,48.0,136.13,1,5,6,13,1,17.3,20,6534.24,1
14629,Netherlands,31.0,47.04,15,2,4,8,1,19.7,20,1458.24,0
11299,Australia,25.0,120.12,17,5,5,17,0,32.7,26,3003.0,1
16864,UK,17.0,25.79,14,4,11,9,1,33.3,14,438.43,0
14757,Germany,41.0,111.96,2,1,5,11,1,48.8,21,4590.36,1
13301,France,6.0,83.78,13,4,12,14,0,23.9,16,502.68,0
12269,Japan,7.0,26.67,8,3,2,18,0,17.6,20,186.69,0
15644,UK,10.0,,18,0,2,14,1,36.9,17,762.35,0
16698,Sweden,14.0,107.21,16,5,4,20,0,44.0,29,1500.9399999999998,1
19403,UK,23.0,77.56,16,6,1,14,0,59.6,10,1783.88,1
14371,Australia,47.0,34.21,8,6,11,11,0,37.5,22,1607.8700000000001,1
11606,UK,32.0,20.28,7,0,5,10,1,30.0,5,648.96,0
18326,UK,19.0,143.61,16,1,2,18,0,8.9,2,2728.59,1
16297,UK,11.0,98.54,3,5,8,13,0,59.2,21,1083.94,0
17002,UK,32.0,121.48,2,2,12,15,1,41.4,7,3887.36,1
10972,UK,13.0,104.7,2,4,12,12,0,10.7,1,1361.1000000000001,0
13123,UK,48.0,124.51,10,2,2,11,0,28.1,19,5976.4800000000005,1
17678,UK,24.0,24.79,2,1,10,15,0,34.1,18,594.96,0
18322,UK,27.0,74.79,12,4,5,11,0,13.8,19,2019.3300000000002,1
14352,Netherlands,45.0,100.24,4,1,11,20,1,44.2,14,4510.8,1
18047,Japan,15.0,15.96,17,0,8,17,1,39.4,25,239.4,0
18416,France,24.0,22.92,9,3,9,18,1,14.8,1,550.08,0
13874,UK,27.0,95.28,2,1,11,11,0,59.4,5,2572.56,1
18980,UK,14.0,130.37,14,1,11,8,0,57.0,11,1825.18,1
12883,Sweden,3.0,99.23,7,5,2,8,0,16.7,29,297.69,0
12395,UK,14.0,5.91,5,3,9,19,0,27.1,21,82.74000000000001,0
16824,UK,6.0,145.58,13,3,2,19,1,53.8,15,873.48,0
16367,Sweden,34.0,21.36,19,1,12,16,0,25.0,28,726.24,0
11397,Norway,1.0,35.27,19,1,8,15,1,57.3,27,35.27,0
18327,UK,16.0,146.26,9,2,3,10,1,12.8,4,2340.16,1
11999,France,44.0,115.77,17,2,4,17,0,43.7,16,5093.88,1
18048,UK,28.0,140.52,4,3,11,14,0,36.4,28,3934.5600000000004,1
10073,Netherlands,,121.09,17,0,8,15,1,21.4,6,3027.25,1
17968,UK,33.0,97.93,18,6,3,8,1,43.3,5,3231.69,1
17869,UK,15.0,43.04,10,2,10,14,1,2.4,11,645.6,0
17803,Germany,31.0,49.37,10,5,9,17,1,14.6,29,1530.47,1
16648,UK,11.0,142.12,11,2,1,18,0,16.4,7,1563.3200000000002,1
14715,France,32.0,129.16,2,3,4,9,0,7.9,19,4133.12,1
17051,UK,34.0,,17,0,11,8,0,3.0,8,2591.99,1
12771,Japan,43.0,56.3,15,4,5,19,1,21.8,22,2420.9,1
17807,Australia,46.0,45.01,17,0,1,12,1,13.9,26,2070.46,1
15556,UK,2.0,49.26,3,5,8,14,0,8.8,2,98.52,0
14589,Netherlands,15.0,129.17,16,6,11,16,0,10.3,11,1937.5499999999997,1
15056,UK,27.0,2.07,7,2,7,14,0,49.7,17,55.88999999999999,0
15687,UK,16.0,65.69,16,6,12,20,1,6.6,6,1051.04,0
10372,UK,31.0,141.45,19,4,2,18,0,43.8,19,4384.95,1
11397,Japan,42.0,81.62,17,0,9,13,0,4.2,11,3428.04,1
12454,Australia,13.0,67.84,18,1,8,10,1,3.4,2,881.9200000000001,0
11145,Sweden,44.0,47.2,3,4,12,20,0,27.1,18,2076.8,1
14396,Japan,44.0,11.55,7,4,7,17,1,23.5,2,508.20000000000005,0
16684,Norway,45.0,34.06,6,0,10,17,1,33.2,6,1532.7,1
16544,UK,4.0,14.02,10,4,2,14,0,42.5,5,56.08,0
14710,Sweden,15.0,,19,5,1,14,1,19.3,2,1143.525,0
18550,Germany,7.0,24.95,14,0,9,10,1,12.5,12,174.65,0
15652,UK,6.0,45.65,11,6,1,13,0,49.5,26,273.9,0
10791,Germany,3.0,2.15,16,3,11,15,0,10.8,9,6.449999999999999,0
17649,UK,22.0,142.55,4,4,1,9,0,48.1,7,3136.1000000000004,1
15746,UK,5.0,19.01,13,0,9,16,1,35.6,24,95.05000000000001,0
16347,UK,15.0,57.78,10,4,6,15,1,18.1,28,866.7,0
15653,UK,49.0,131.99,4,3,8,18,0,19.5,9,6467.51,1
15535,UK,44.0,16.43,13,2,8,8,1,22.9,2,722.92,0
10905,Japan,46.0,72.8,16,5,6,10,0,35.9,23,3348.7999999999997,1
15592,Germany,2.0,126.8,16,1,6,13,0,58.8,19,253.6,0
17949,UK,33.0,83.77,17,0,7,19,1,19.8,29,2764.41,1
13039,UK,32.0,31.95,16,3,9,11,0,56.6,20,1022.4,0
16028,UK,7.0,110.46,9,5,9,20,1,13.1,27,773.2199999999999,0
10308,UK,45.0,102.36,1,0,6,20,1,7.7,5,4606.2,1
13474,Australia,20.0,54.65,19,6,5,9,1,32.4,5,1093.0,0
14367,UK,48.0,7.42,9,4,1,12,0,58.6,20,356.15999999999997,0
19827,France,6.0,1.68,13,6,10,11,0,29.6,22,10.08,0
12145,Netherlands,32.0,123.9,1,3,3,14,0,48.2,12,3964.8,1
12765,Germany,7.0,48.57,17,0,6,20,1,28.9,13,339.99,0
14085,Japan,47.0,21.1,17,1,12,12,0,51.2,12,991.7,0
19926,UK,30.0,78.02,18,3,10,16,0,49.0,2,2340.6,1
18534,Japan,4.0,138.16,4,4,5,9,0,41.5,26,552.64,0
10346,France,11.0,1.77,17,5,6,15,1,37.3,27,19.47,0
12339,Netherlands,18.0,,12,5,4,12,1,31.6,28,1372.23,0
18216,France,1.0,62.85,3,5,8,19,1,57.4,15,62.85,0
10583,Australia,1.0,101.56,11,4,2,18,0,33.9,5,101.56,0
18556,Norway,46.0,71.68,10,0,12,10,1,20.9,12,3297.28,1
12813,UK,49.0,134.68,12,3,12,16,1,53.1,20,6599.320000000001,1
19176,Australia,27.0,7.09,2,5,4,12,0,39.9,6,191.43,0
12935,France,45.0,51.35,11,5,3,13,0,33.9,5,2310.75,1
14343,UK,33.0,53.03,13,5,7,14,1,41.2,29,1749.99,1
16619,Sweden,2.0,51.35,14,0,8,18,0,21.6,2,102.7,0
11262,UK,36.0,73.41,15,3,8,11,0,25.8,18,2642.7599999999998,1
15570,Germany,1.0,118.69,12,4,1,8,1,,5,118.69,0
15050,UK,41.0,48.02,14,1,9,10,0,,1,1968.8200000000002,1
17838,UK,18.0,111.8,2,2,1,18,1,40.3,19,2012.3999999999999,1
19961,Australia,7.0,22.4,16,0,5,11,1,49.6,6,156.79999999999998,0
16643,UK,13.0,84.33,7,1,9,8,0,19.7,22,1096.29,0
14091,UK,34.0,56.58,11,0,11,13,1,59.7,24,1923.72,1
14063,UK,42.0,81.11,11,6,8,19,0,22.1,15,3406.62,1
14179,UK,28.0,16.61,19,6,2,19,0,21.9,5,465.08,0
18140,Australia,8.0,143.04,7,2,9,20,1,57.7,28,1144.32,0
13212,Japan,45.0,,8,0,1,16,0,39.6,11,3430.575,1
11669,UK,39.0,124.05,15,2,3,18,1,,23,4837.95,1
13342,Germany,21.0,133.97,13,3,2,18,0,37.8,6,2813.37,1
10227,UK,28.0,,7,1,12,8,1,15.5,5,2134.58,1
11061,Germany,48.0,75.81,7,4,5,13,1,24.1,20,3638.88,1
10900,UK,19.0,48.03,16,6,7,14,1,,7,912.57,0
17715,UK,2.0,133.16,16,5,10,14,0,29.9,16,266.32,0
17223,UK,8.0,28.82,3,5,12,18,0,42.8,18,230.56,0
16967,Germany,30.0,33.38,8,5,12,20,1,10.8,4,1001.4000000000001,0
14618,UK,49.0,103.16,15,0,2,15,1,24.6,10,5054.84,1
17170,UK,37.0,13.79,3,3,5,9,1,50.5,6,510.22999999999996,0
11612,Australia,31.0,109.99,4,3,5,12,0,56.5,1,3409.69,1
19006,France,16.0,40.59,4,0,10,10,0,20.1,28,649.44,0
15010,UK,22.0,99.31,11,1,5,14,0,11.2,1,2184.82,1
19380,Australia,2.0,131.02,9,3,3,11,1,2.4,25,262.04,0
11523,Japan,19.0,91.64,7,5,10,9,1,8.5,12,1741.16,1
14973,UK,31.0,32.3,3,1,6,10,0,50.3,9,1001.3,0
16963,Germany,45.0,7.85,13,3,9,14,0,27.9,16,353.25,0
14956,UK,46.0,7.17,16,0,5,9,1,18.2,27,329.82,0
14461,France,41.0,13.78,5,0,6,8,0,46.8,19,564.98,0
11662,UK,2.0,87.18,13,4,1,11,0,47.8,3,174.36,0
13810,France,40.0,52.56,16,3,1,16,0,22.4,23,2102.4,1
12387,UK,11.0,36.84,11,5,1,16,1,54.2,23,405.24,0
13015,UK,31.0,33.29,11,6,3,13,1,28.3,29,1031.99,0
16837,Sweden,47.0,142.31,4,1,5,16,0,16.4,6,6688.57,1
16302,UK,44.0,18.26,19,2,1,10,1,54.1,25,803.44,0
16071,Japan,33.0,46.07,19,5,2,17,1,,11,1520.31,1
13618,Norway,,70.99,14,0,11,8,1,59.8,11,1774.7499999999998,1
19596,Japan,26.0,0.57,18,5,11,9,0,37.2,19,14.819999999999999,0
10876,UK,35.0,138.18,12,6,4,19,0,55.0,16,4836.3,1
13425,Australia,26.0,15.32,13,0,12,14,1,11.6,7,398.32,0
11180,UK,20.0,102.53,16,0,2,15,0,24.0,7,2050.6,1
13389,UK,20.0,94.52,1,4,1,13,1,52.5,19,1890.3999999999999,1
19618,Japan,30.0,121.46,5,3,5,16,1,50.4,29,3643.7999999999997,1
13662,France,2.0,,4,6,4,17,1,52.4,7,152.47,0
19085,UK,49.0,115.52,13,3,1,18,1,17.5,16,5660.48,1
14950,UK,6.0,,5,4,11,11,0,37.4,9,457.40999999999997,0
16997,Australia,49.0,73.56,8,1,12,16,0,24.0,8,3604.44,1
14574,France,2.0,105.4,10,2,4,18,0,19.9,24,210.8,0
12658,UK,26.0,85.48,15,1,4,13,0,31.7,21,2222.48,1
17642,Japan,21.0,76.98,10,1,9,12,1,43.2,14,1616.5800000000002,1
19691,UK,29.0,,1,0,12,16,0,31.6,15,2210.815,1
12635,UK,22.0,39.09,14,6,4,15,0,14.6,13,859.98,0
17787,Germany,44.0,54.1,9,0,9,11,0,48.6,29,2380.4,1
12611,Norway,1.0,1.89,3,3,1,20,0,58.7,28,1.89,0
17168,UK,49.0,62.9,13,3,7,15,1,22.4,3,3082.1,1
17890,UK,34.0,0.91,6,0,12,15,0,51.1,24,30.94,0
14493,UK,39.0,84.97,9,5,6,10,1,52.0,10,3313.83,1
17369,Japan,7.0,105.75,19,3,8,16,0,16.4,19,740.25,0
12722,UK,4.0,84.54,5,0,9,19,1,42.6,28,338.16,0
10792,UK,20.0,104.18,17,0,8,17,1,56.4,13,2083.6000000000004,1
10963,Norway,16.0,,9,4,9,14,0,44.7,14,1219.76,0
14470,UK,39.0,9.39,18,4,11,16,1,2.8,19,366.21000000000004,0
19026,Germany,44.0,104.92,17,2,1,11,0,36.7,10,4616.4800000000005,1
11275,UK,21.0,120.53,16,2,11,8,1,,8,2531.13,1
14557,Australia,38.0,107.8,4,0,11,16,1,37.5,18,4096.4,1
17040,UK,3.0,99.62,16,0,11,10,0,2.7,7,298.86,0
12023,UK,37.0,106.25,7,3,5,9,0,8.1,20,3931.25,1
17216,UK,5.0,111.07,18,2,7,18,1,48.3,8,555.3499999999999,0
13059,France,33.0,108.79,19,1,5,13,1,29.8,3,3590.07,1
18086,Netherlands,19.0,110.83,12,2,11,19,1,57.5,3,2105.77,1
15792,UK,21.0,11.57,18,4,5,19,1,25.5,8,242.97,0
15469,UK,14.0,9.96,11,2,4,9,0,49.5,3,139.44,0
11767,Japan,20.0,54.49,1,2,9,17,0,3.1,9,1089.8,0
14632,UK,43.0,79.38,17,1,1,12,1,50.6,13,3413.3399999999997,1
18566,UK,40.0,114.51,11,4,5,17,0,51.7,8,4580.400000000001,1
10195,Germany,17.0,50.54,1,0,3,8,1,22.4,16,859.18,0
17585,UK,15.0,41.63,2,6,5,14,0,19.3,12,624.45,0
14927,UK,25.0,117.33,14,3,6,16,1,54.7,3,2933.25,1
17194,UK,34.0,37.78,18,1,1,13,1,46.9,10,1284.52,0
16632,UK,9.0,123.22,14,5,11,15,0,36.3,1,1108.98,0
14320,UK,36.0,26.98,9,6,5,8,0,26.7,22,971.28,0
13086,France,47.0,54.24,6,0,5,8,1,54.8,13,2549.28,1
16273,Germany,42.0,60.46,8,1,2,15,0,45.1,18,2539.32,1
11402,UK,27.0,45.28,7,1,12,13,0,25.6,5,1222.56,0
15840,Australia,16.0,1.0,6,0,11,15,0,30.3,13,16.0,0
10946,UK,16.0,35.71,3,5,6,12,1,6.8,24,571.36,0
16498,Netherlands,37.0,50.98,11,1,5,8,1,48.8,6,1886.26,1
16287,UK,23.0,47.39,5,2,6,17,1,50.7,29,1089.97,0
10844,Netherlands,6.0,117.94,3,5,12,9,1,22.0,13,707.64,0
17574,UK,34.0,7.58,6,4,3,18,1,19.3,4,257.72,0
14158,UK,7.0,58.65,16,4,9,8,1,15.9,6,410.55,0
17868,UK,49.0,6.11,11,0,11,20,1,11.2,14,299.39000000000004,0
10416,UK,,139.63,10,6,10,11,1,56.9,28,3490.75,1
11794,UK,17.0,118.64,12,0,11,19,1,45.8,14,2016.88,1
14939,France,3.0,147.33,11,4,12,8,0,26.6,6,441.99,0
11882,Australia,9.0,136.57,10,4,1,13,0,7.5,12,1229.1299999999999,0
13298,UK,47.0,47.71,16,2,3,13,0,,25,2242.37,1
16605,Japan,27.0,103.89,14,5,2,10,0,42.9,29,2805.03,1
11445,Netherlands,45.0,46.33,4,6,7,14,0,13.0,18,2084.85,1
16777,Japan,,133.29,16,0,5,10,1,21.5,26,3332.25,1
11034,France,3.0,61.91,4,6,1,13,1,57.5,24,185.73,0
11751,France,19.0,56.7,2,1,7,12,0,35.3,13,1077.3,0
15876,UK,42.0,137.15,8,5,2,10,1,48.7,26,5760.3,1
17934,France,25.0,125.59,8,5,5,18,1,7.1,3,3139.75,1
11705,Sweden,25.0,144.98,15,3,5,14,0,20.5,24,3624.4999999999995,1
12999,UK,28.0,10.44,14,6,11,18,0,53.8,17,292.32,0
19251,UK,35.0,36.88,2,5,9,18,1,48.8,18,1290.8000000000002,0
19896,UK,46.0,45.48,10,3,8,11,1,43.7,28,2092.08,1
15810,Sweden,44.0,63.94,16,1,10,11,0,35.7,8,2813.3599999999997,1
14470,UK,31.0,71.23,14,3,3,20,1,16.9,6,2208.13,1
13468,France,,44.08,10,6,4,12,1,35.5,20,1102.0,0
16124,Australia,18.0,118.67,12,1,10,9,1,4.0,22,2136.06,1
15909,Norway,6.0,33.87,11,6,9,15,1,12.9,1,203.21999999999997,0
12947,UK,35.0,104.63,5,1,1,20,0,31.6,15,3662.0499999999997,1
10228,Netherlands,1.0,127.84,11,4,3,11,1,1.1,11,127.84,0
11514,Japan,35.0,,13,4,3,16,0,14.7,24,2668.225,1
19585,UK,25.0,53.45,2,1,1,12,1,10.0,25,1336.25,0
14181,Netherlands,39.0,28.59,14,3,8,13,1,21.4,5,1115.01,0
14823,UK,47.0,20.58,5,1,1,13,1,51.6,17,967.2599999999999,0
14671,Germany,28.0,111.75,1,2,11,9,1,56.9,21,3129.0,1
17827,UK,29.0,70.64,15,6,8,13,1,10.7,8,2048.56,1
10649,UK,24.0,7.42,8,0,10,11,1,14.6,28,178.07999999999998,0
10827,UK,19.0,147.58,8,6,6,18,1,51.0,26,2804.0200000000004,1
12758,UK,5.0,100.86,12,4,12,10,1,11.2,5,504.3,0
14866,UK,2.0,126.71,11,5,4,19,0,44.7,1,253.42,0
16711,Germany,36.0,66.01,12,1,7,8,0,6.0,17,2376.36,1
14907,UK,45.0,143.34,18,6,1,13,0,39.3,26,6450.3,1
14411,UK,3.0,30.33,13,1,10,11,1,16.7,20,90.99,0
19378,France,17.0,28.18,1,3,7,13,1,45.2,23,479.06,0
11610,France,30.0,133.61,5,0,3,18,0,31.6,21,4008.3,1
15717,UK,35.0,133.81,9,6,10,20,1,11.6,5,4683.35,1
15422,Sweden,,75.1,9,4,12,17,0,24.7,2,1877.4999999999998,1
14734,UK,35.0,19.31,7,1,1,14,1,31.3,2,675.8499999999999,0
18075,Australia,5.0,46.13,4,4,11,14,1,59.8,29,230.65,0
12669,UK,13.0,,3,1,9,20,0,29.3,28,991.055,0
19537,France,23.0,126.98,3,3,5,20,0,9.9,25,2920.54,1
13315,Norway,4.0,52.47,19,3,8,17,0,33.8,2,209.88,0
15450,Australia,17.0,9.65,8,6,10,10,0,14.0,26,164.05,0
15206,Germany,19.0,100.03,19,2,6,11,0,52.9,29,1900.57,1
18497,Germany,48.0,111.05,7,0,8,11,0,50.2,23,5330.4,1
14389,UK,16.0,63.89,6,3,1,10,1,8.6,13,1022.24,0
12845,France,48.0,87.67,10,6,12,20,1,35.7,3,4208.16,1
10216,Netherlands,35.0,148.11,18,5,12,10,0,42.1,11,5183.85,1
13636,Norway,34.0,37.13,11,0,3,19,1,15.8,6,1262.42,0
18262,UK,41.0,86.16,1,0,6,18,0,38.0,19,3532.56,1
10099,UK,42.0,91.84,6,5,3,14,0,28.3,26,3857.28,1
18961,Germany,11.0,82.59,19,5,5,11,0,,15,908.49,0
15428,UK,21.0,130.43,3,3,4,11,1,33.5,2,2739.03,1
11402,UK,26.0,,16,0,11,16,0,,12,1982.11,1
13021,UK,48.0,76.43,18,1,9,16,0,42.9,24,3668.6400000000003,1
15540,France,2.0,18.89,5,5,11,15,0,27.7,19,37.78,0
13156,UK,24.0,105.63,11,0,10,15,1,43.6,2,2535.12,1
11085,UK,11.0,20.25,12,1,9,18,1,29.7,11,222.75,0
16659,UK,11.0,4.47,16,3,2,17,0,40.1,11,49.169999999999995,0
16722,Japan,38.0,73.54,16,5,10,17,0,16.5,1,2794.5200000000004,1
11188,France,10.0,86.08,2,5,10,11,0,33.0,11,860.8,0
12812,UK,39.0,149.86,7,4,2,8,0,28.6,24,5844.540000000001,1
12438,UK,49.0,106.99,18,3,2,13,1,18.8,4,5242.509999999999,1
16594,Germany,39.0,127.36,7,2,10,12,0,4.7,15,4967.04,1
17302,UK,9.0,52.29,5,0,5,12,0,31.1,20,470.61,0
17269,Germany,7.0,76.58,12,1,4,14,0,1.6,20,536.06,0
19387,UK,22.0,146.15,4,1,5,20,1,24.0,10,3215.3,1
17686,Sweden,28.0,62.9,3,0,11,18,1,22.9,17,1761.2,1
13206,UK,39.0,121.19,16,5,5,16,1,38.4,21,4726.41,1
11077,France,21.0,79.14,3,2,5,17,1,59.3,18,1661.94,1
16146,UK,,33.98,17,3,5,13,1,51.6,25,849.4999999999999,0
19160,Norway,49.0,,5,1,1,15,1,58.5,7,3735.515,1
19751,Norway,45.0,33.1,3,4,1,13,0,57.1,4,1489.5,1
12302,France,33.0,0.95,15,0,5,18,1,5.4,28,31.349999999999998,0
12364,UK,35.0,35.77,4,4,1,20,1,17.6,22,1251.95,0
10374,UK,46.0,29.38,7,5,10,13,0,18.5,13,1351.48,0
11412,Australia,24.0,55.95,7,2,6,17,0,5.2,17,1342.8000000000002,0
15548,France,8.0,133.35,10,1,7,8,1,51.0,27,1066.8,0
15468,UK,30.0,58.48,9,5,5,13,0,53.8,26,1754.3999999999999,1
13709,UK,23.0,126.86,4,1,10,19,0,36.7,24,2917.78,1
13099,UK,40.0,83.56,5,1,6,16,1,53.6,18,3342.4,1
18297,Australia,38.0,1.64,4,2,1,14,1,43.1,21,62.31999999999999,0
14600,France,24.0,28.72,2,6,6,10,0,27.0,17,689.28,0
18082,Germany,19.0,139.73,13,3,3,18,1,9.8,14,2654.87,1
19632,Germany,21.0,90.82,9,1,8,20,1,57.6,20,1907.2199999999998,1
13171,UK,31.0,139.47,3,3,7,13,0,41.8,1,4323.57,1
12027,UK,32.0,46.86,7,2,6,18,1,21.9,24,1499.52,1
19528,UK,26.0,107.63,13,4,5,15,0,8.6,10,2798.38,1
16348,Netherlands,27.0,,6,3,8,13,1,48.1,16,2058.345,1
12909,UK,49.0,146.37,8,4,9,12,0,48.3,20,7172.13,1
16218,UK,,3.22,15,3,11,14,1,33.0,10,80.5,0
15150,UK,9.0,142.86,13,3,12,13,0,60.0,10,1285.7400000000002,0
19055,UK,40.0,59.04,14,3,1,16,1,23.8,6,2361.6,1
12559,Germany,46.0,125.78,8,2,8,9,0,56.6,3,5785.88,1
19913,UK,30.0,81.93,10,6,2,14,1,38.2,26,2457.9,1
19360,UK,20.0,84.92,17,1,6,17,1,44.4,16,1698.4,1
11807,Netherlands,18.0,54.23,17,5,9,18,0,55.1,20,976.14,0
11646,UK,23.0,124.36,2,4,7,11,0,50.0,5,2860.28,1
15331,UK,3.0,39.97,16,3,10,15,0,18.0,25,119.91,0
10449,UK,,74.09,17,2,11,11,1,52.2,9,1852.25,1
12987,Australia,14.0,84.25,18,3,12,18,1,32.8,14,1179.5,0
14350,UK,14.0,111.51,6,5,9,12,1,3.6,15,1561.14,1
19693,Netherlands,,71.01,10,1,9,16,1,40.8,22,1775.2500000000002,1
19923,Sweden,48.0,102.2,1,4,10,13,0,30.5,4,4905.6,1
11515,France,11.0,73.05,3,5,3,11,1,,27,803.55,0
18916,UK,45.0,99.07,11,4,4,15,0,25.3,4,4458.15,1
10909,France,26.0,101.28,4,1,5,16,0,4.8,19,2633.28,1
17486,UK,,106.56,5,3,9,16,0,11.6,7,2664.0,1
18456,UK,19.0,,6,1,5,18,0,45.6,27,1448.465,0
18907,UK,49.0,81.34,9,6,2,16,0,14.8,18,3985.6600000000003,1
12234,UK,33.0,29.4,3,2,10,19,0,38.0,28,970.1999999999999,0
18934,UK,33.0,102.11,16,2,9,13,0,33.0,28,3369.63,1
11159,UK,28.0,12.03,13,6,8,14,0,14.1,8,336.84,0
15188,UK,23.0,,16,2,11,14,0,17.6,7,1753.405,1
14695,UK,26.0,118.93,18,1,10,15,1,23.6,4,3092.1800000000003,1
13159,Germany,,65.54,12,6,11,9,0,52.9,21,1638.5000000000002,1
10221,Sweden,39.0,74.96,7,4,4,19,1,56.5,1,2923.4399999999996,1
17720,UK,2.0,148.12,19,4,2,14,1,23.8,6,296.24,0
13355,Germany,35.0,35.66,11,0,5,15,0,3.7,27,1248.1,0
16616,UK,41.0,3.42,9,3,10,19,1,36.5,19,140.22,0
14102,UK,37.0,17.15,8,3,12,14,0,25.6,14,634.55,0
13736,UK,25.0,,1,1,2,13,0,30.0,4,1905.875,1
18862,UK,17.0,109.03,19,3,11,15,1,27.1,25,1853.51,1
10944,UK,33.0,116.49,16,1,6,20,1,,25,3844.1699999999996,1
17366,UK,33.0,85.04,14,3,10,11,1,19.0,2,2806.32,1
17467,UK,,38.63,5,5,9,10,1,53.7,22,965.7500000000001,0
13799,UK,20.0,78.5,18,5,1,9,0,25.9,10,1570.0,1
12624,UK,19.0,2.74,4,1,6,17,0,21.2,20,52.06,0
10053,UK,3.0,102.43,5,1,2,8,1,55.5,9,307.29,0
19368,UK,2.0,92.34,2,0,5,17,0,22.1,1,184.68,0
19477,UK,5.0,3.76,6,2,10,19,0,5.9,22,18.799999999999997,0
12409,UK,21.0,122.64,7,0,9,16,0,10.2,25,2575.44,1
10319,UK,26.0,114.63,16,0,9,10,0,43.1,20,2980.38,1
11227,UK,21.0,,7,6,8,16,0,34.2,5,1600.935,1
10676,UK,47.0,95.49,19,5,1,13,0,32.5,14,4488.03,1
18311,Sweden,12.0,90.42,6,3,7,8,1,5.8,16,1085.04,0
18919,UK,20.0,,10,5,6,10,0,10.7,24,1524.7,1
11532,UK,,29.39,12,3,7,17,1,24.4,23,734.75,0
17467,UK,15.0,102.64,16,4,3,15,1,27.4,26,1539.6,1
11792,Norway,,140.07,15,6,9,14,1,23.2,19,3501.75,1
13672,Germany,16.0,86.65,17,0,8,18,1,30.7,28,1386.4,0
15993,Germany,16.0,85.39,18,2,5,14,0,44.3,24,1366.24,0
17199,Norway,,97.18,3,0,1,20,1,38.5,6,2429.5,1
18745,UK,41.0,66.37,2,5,1,8,1,37.1,21,2721.17,1
10447,Norway,11.0,8.6,9,5,5,11,1,33.9,3,94.6,0
11964,UK,6.0,59.78,3,5,7,10,0,12.9,22,358.68,0
12805,Germany,12.0,135.09,10,4,12,13,1,36.7,7,1621.08,1
13103,UK,29.0,120.84,12,3,9,19,0,10.3,9,3504.36,1
19980,UK,48.0,139.15,6,0,6,13,0,43.1,17,6679.200000000001,1
17774,Sweden,8.0,23.35,2,5,4,12,0,27.7,11,186.8,0
13204,UK,3.0,76.14,19,6,3,9,1,35.3,19,228.42000000000002,0
19718,Norway,26.0,87.92,8,6,2,13,1,51.9,15,2285.92,1
14993,UK,49.0,31.88,16,2,1,10,1,23.0,19,1562.12,1
15007,Germany,28.0,30.55,12,1,11,10,1,6.9,17,855.4,0
14336,Norway,,117.41,13,4,1,9,1,53.6,6,2935.25,1
11438,UK,32.0,100.94,15,0,11,16,1,22.5,21,3230.08,1
19343,Sweden,2.0,97.25,6,0,8,17,0,25.0,28,194.5,0
10139,Germany,21.0,40.41,5,5,8,17,1,18.5,17,848.6099999999999,0
11742,France,38.0,76.26,19,6,12,8,1,25.8,18,2897.88,1
12296,UK,25.0,3.95,13,2,10,19,0,31.7,21,98.75,0
12792,UK,10.0,19.93,6,3,2,14,1,50.8,3,199.3,0
11318,France,9.0,77.98,13,3,12,15,0,43.5,5,701.82,0
10179,UK,33.0,46.8,8,0,3,19,1,31.3,17,1544.3999999999999,1
16776,UK,23.0,144.87,17,1,7,11,1,46.1,12,3332.01,1
19693,UK,29.0,70.99,10,2,8,14,0,51.0,21,2058.71,1
11218,Japan,19.0,12.99,6,5,3,8,1,4.4,27,246.81,0
12965,UK,17.0,3.17,14,3,8,14,0,35.9,23,53.89,0
15063,France,33.0,108.93,15,5,8,11,1,3.6,7,3594.69,1
19275,Norway,1.0,26.14,8,1,12,10,0,19.2,9,26.14,0
16942,UK,22.0,28.58,15,6,11,16,0,46.0,5,628.76,0
17661,UK,19.0,63.86,5,6,5,9,0,47.7,3,1213.34,0
15811,France,39.0,39.98,5,3,9,20,1,53.1,22,1559.2199999999998,1
14170,UK,36.0,92.68,16,1,10,11,0,30.4,21,3336.4800000000005,1
11997,Germany,21.0,73.11,12,6,1,9,0,6.0,6,1535.31,1
18643,France,13.0,17.16,1,5,9,13,1,8.5,21,223.08,0
18041,Germany,12.0,117.82,13,3,12,13,0,15.4,14,1413.84,0
10251,UK,11.0,64.17,6,1,2,16,1,23.0,26,705.87,0
17154,France,14.0,91.82,6,4,10,16,0,32.1,21,1285.48,0
10843,Germany,38.0,1.09,9,2,1,15,0,39.1,8,41.42,0
17389,UK,3.0,94.15,9,4,5,15,0,10.6,15,282.45000000000005,0
18259,Germany,2.0,42.79,17,5,10,18,0,12.1,7,85.58,0
11310,Japan,27.0,74.41,9,3,12,16,1,11.2,27,2009.07,1
14338,France,11.0,45.01,6,0,9,9,0,45.5,15,495.10999999999996,0
11237,UK,41.0,149.44,15,3,9,14,1,18.8,26,6127.04,1
15672,UK,37.0,35.01,11,6,4,16,1,10.8,15,1295.37,0
19275,UK,38.0,136.97,1,1,10,11,0,26.5,15,5204.86,1
10808,UK,23.0,137.74,13,6,8,19,0,15.6,6,3168.0200000000004,1
13975,UK,22.0,63.44,10,2,12,14,0,,28,1395.6799999999998,0
19731,Norway,21.0,45.95,11,4,8,12,0,49.6,20,964.95,0
13009,UK,10.0,57.46,4,4,1,12,1,20.7,9,574.6,0
11322,Australia,28.0,148.41,10,1,7,16,1,11.3,25,4155.48,1
14885,UK,43.0,93.01,13,0,10,17,0,14.7,7,3999.4300000000003,1
15083,UK,13.0,81.94,13,6,10,11,1,3.0,3,1065.22,0
16628,UK,3.0,5.87,13,4,5,10,0,54.2,20,17.61,0
13137,UK,28.0,127.25,19,4,3,9,0,42.1,22,3563.0,1
19556,Netherlands,20.0,13.03,10,2,11,14,0,28.3,17,260.59999999999997,0
15210,Norway,40.0,7.52,9,0,10,20,0,34.1,21,300.79999999999995,0
12864,Japan,42.0,41.59,11,1,11,20,1,16.0,8,1746.7800000000002,1
19602,UK,47.0,71.63,7,3,9,15,0,24.8,9,3366.6099999999997,1
19248,Netherlands,20.0,134.35,6,4,10,14,1,19.9,11,2687.0,1
14991,UK,45.0,118.62,14,2,5,14,1,49.6,7,5337.900000000001,1
10248,Sweden,6.0,30.05,6,1,10,11,0,44.9,7,180.3,0
15969,UK,19.0,56.13,15,1,6,13,1,17.7,2,1066.47,0
15551,UK,14.0,117.15,15,6,10,20,1,46.0,7,1640.1000000000001,1
11482,UK,46.0,79.3,19,4,2,16,1,,16,3647.7999999999997,1
16339,UK,30.0,26.59,3,6,4,11,1,13.0,11,797.7,0
18407,UK,18.0,,7,0,3,9,1,7.3,13,1372.23,0
11058,Sweden,8.0,94.08,15,3,5,17,0,15.1,27,752.64,0
17233,Netherlands,,146.0,9,3,10,19,0,14.3,1,3650.0,1
11403,Norway,33.0,99.44,13,2,2,9,1,54.1,25,3281.52,1
17488,UK,42.0,2.92,14,2,9,12,0,20.3,1,122.64,0
14191,Germany,22.0,105.9,17,0,10,19,0,22.0,15,2329.8,1
10065,UK,8.0,38.0,5,0,9,11,1,,4,304.0,0
19662,UK,17.0,129.39,5,5,8,10,1,4.9,14,2199.6299999999997,1
11659,UK,31.0,57.89,9,3,2,13,1,13.9,26,1794.59,1
15960,UK,12.0,30.34,10,1,8,13,1,8.9,1,364.08,0
11814,Germany,4.0,70.46,18,2,3,14,0,21.3,15,281.84,0
19330,UK,,38.65,1,6,3,20,0,12.0,14,966.25,0
17383,UK,26.0,35.76,5,3,11,20,1,11.5,14,929.76,0
18043,France,20.0,86.2,18,6,8,15,1,,19,1724.0,1
14320,UK,28.0,115.22,12,1,12,8,1,56.6,10,3226.16,1
14673,Sweden,37.0,125.33,13,0,6,11,1,1.7,23,4637.21,1
16343,UK,1.0,59.95,5,3,5,10,0,,7,59.95,0
17847,Australia,22.0,10.49,12,4,12,8,0,39.9,11,230.78,0
18469,France,13.0,72.85,8,6,8,12,1,35.5,14,947.05,0
10178,France,5.0,65.35,14,3,11,8,1,41.8,27,326.75,0
16635,France,2.0,29.95,2,1,1,15,1,31.0,16,59.9,0
11091,Japan,22.0,134.47,6,3,7,11,1,55.7,25,2958.34,1
12879,Germany,27.0,146.14,13,2,10,17,0,10.3,5,3945.7799999999997,1
18294,UK,25.0,8.24,12,1,10,14,1,28.9,3,206.0,0
12505,UK,39.0,119.46,16,0,9,20,0,39.5,15,4658.94,1
17968,Germany,23.0,97.03,16,5,2,14,1,54.6,27,2231.69,1
14630,UK,29.0,39.58,1,4,7,10,0,29.8,7,1147.82,0
12326,UK,,95.46,2,1,2,19,0,58.6,7,2386.5,1
13342,UK,33.0,19.73,7,3,10,12,1,39.7,5,651.09,0
15307,UK,45.0,10.88,19,6,8,17,0,42.3,27,489.6,0
17651,UK,11.0,149.03,10,5,3,18,0,49.3,3,1639.33,1
16060,Germany,39.0,95.64,17,3,9,20,0,44.3,19,3729.96,1
19332,Netherlands,35.0,38.36,2,0,9,16,1,31.8,12,1342.6,0
18677,Australia,29.0,67.78,19,4,1,14,1,46.6,12,1965.6200000000001,1
17533,UK,1.0,142.54,2,3,2,13,1,3.1,21,142.54,0
16031,UK,,66.09,16,6,3,13,1,56.0,13,1652.25,1
12898,Germany,43.0,135.12,17,3,1,18,1,49.6,1,5810.16,1
14125,UK,32.0,130.39,6,5,7,15,1,38.6,17,4172.48,1
11188,France,1.0,51.95,6,3,11,8,0,5.1,1,51.95,0
13741,UK,15.0,104.55,12,3,1,12,0,,25,1568.25,1
19264,Norway,28.0,,14,2,8,19,1,16.0,28,2134.58,1
14258,UK,40.0,115.8,3,2,6,10,1,16.2,25,4632.0,1
11137,Australia,22.0,55.21,5,2,11,14,1,40.7,12,1214.6200000000001,0
16519,Germany,,8.31,15,3,6,18,1,52.7,13,207.75,0
19626,UK,39.0,26.07,16,6,9,11,0,41.2,17,1016.73,0
18674,France,14.0,,3,2,12,16,1,23.9,25,1067.29,0
12740,UK,,116.38,17,3,2,18,1,,22,2909.5,1
14538,Netherlands,45.0,113.53,17,6,4,12,1,51.9,14,5108.85,1
15310,Germany,29.0,87.76,17,1,4,19,1,41.4,24,2545.04,1
12478,UK,42.0,13.17,5,1,3,13,0,24.5,13,553.14,0
12686,UK,46.0,3.08,13,3,8,11,0,41.3,23,141.68,0
12366,Netherlands,21.0,117.43,4,2,1,10,0,25.1,8,2466.03,1
19945,UK,3.0,82.63,4,2,5,11,0,10.2,14,247.89,0
17460,Japan,45.0,117.52,2,5,2,15,0,37.5,25,5288.4,1
18408,Netherlands,29.0,24.84,10,3,8,10,1,,8,720.36,0
18165,France,6.0,61.41,14,2,10,12,0,21.6,18,368.46,0
19591,UK,26.0,137.92,4,3,6,17,0,55.8,9,3585.9199999999996,1
11052,France,2.0,,4,6,6,19,0,51.4,13,152.47,0
18816,Sweden,15.0,9.7,6,6,6,16,0,35.4,10,145.5,0
10665,UK,,98.19,4,1,3,14,1,4.6,20,2454.75,1
14754,UK,23.0,89.38,16,0,5,17,0,2.0,22,2055.74,1
15944,UK,28.0,142.83,4,0,12,13,0,38.8,25,3999.2400000000002,1
13578,UK,42.0,136.02,6,3,1,11,0,49.0,11,5712.84,1
11461,France,18.0,112.54,6,4,10,17,0,30.5,6,2025.72,1
11923,UK,37.0,3.36,4,0,2,9,0,2.4,27,124.32,0
18246,Germany,47.0,72.32,18,3,2,19,0,9.5,12,3399.0399999999995,1
13187,UK,37.0,134.47,4,2,4,13,0,13.5,19,4975.39,1
13103,UK,13.0,65.33,10,6,4,18,1,38.0,12,849.29,0
19233,UK,34.0,144.34,11,4,4,9,0,29.7,25,4907.56,1
11438,Japan,14.0,,5,2,11,14,1,7.0,3,1067.29,0
19152,Germany,24.0,16.86,9,4,11,13,0,30.6,2,404.64,0
19209,UK,32.0,76.64,4,0,9,12,0,,10,2452.48,1
15985,Netherlands,15.0,104.49,10,3,2,14,1,26.9,13,1567.35,1
11655,UK,1.0,10.27,1,2,12,16,1,9.8,23,10.27,0
11558,UK,42.0,52.03,9,1,11,20,0,35.1,14,2185.26,1
12847,UK,36.0,107.7,7,2,1,18,1,55.8,8,3877.2000000000003,1
15774,Norway,,23.98,7,4,5,11,1,7.8,3,599.5,0
11536,France,19.0,52.58,3,4,10,20,1,10.2,24,999.02,0
14556,Germany,13.0,103.64,19,6,2,14,1,34.4,15,1347.32,0
11154,UK,48.0,116.44,1,1,1,13,1,21.1,28,5589.12,1
15402,UK,47.0,78.02,3,4,8,8,1,53.8,10,3666.9399999999996,1
10211,Germany,34.0,143.55,2,3,5,16,1,43.1,7,4880.700000000001,1
17090,UK,22.0,138.84,19,6,6,19,1,9.7,8,3054.48,1
10553,Sweden,3.0,71.28,7,6,10,11,1,52.4,12,213.84,0
11948,Netherlands,13.0,24.46,9,4,7,19,1,38.9,5,317.98,0
11746,UK,5.0,116.05,15,2,9,9,0,30.1,4,580.25,0
18309,France,39.0,36.85,1,3,2,20,0,16.1,23,1437.15,0
10533,Norway,5.0,126.5,2,4,1,11,1,39.3,21,632.5,0
14292,UK,34.0,88.28,4,5,4,14,0,54.0,15,3001.52,1
15911,Germany,47.0,59.42,13,1,3,8,0,3.3,14,2792.7400000000002,1
15159,Sweden,16.0,83.68,19,6,4,19,1,23.1,15,1338.88,0
16807,UK,34.0,80.15,12,5,10,14,0,56.2,18,2725.1000000000004,1
18031,Japan,44.0,138.75,17,0,2,20,0,23.6,9,6105.0,1
13936,UK,21.0,32.55,17,1,2,12,1,3.1,23,683.55,0
18282,Germany,22.0,139.26,6,1,3,8,1,7.0,1,3063.72,1
13179,Netherlands,10.0,5.19,4,4,4,16,1,41.8,23,51.900000000000006,0
19844,Germany,21.0,115.5,4,1,3,10,1,42.3,24,2425.5,1
15045,UK,43.0,137.99,16,2,3,15,1,7.8,15,5933.570000000001,1
17360,Germany,33.0,,13,1,7,8,1,13.9,9,2515.755,1
18750,UK,10.0,11.42,17,0,2,10,1,34.3,26,114.2,0
17926,UK,26.0,120.8,10,3,2,16,0,41.5,24,3140.7999999999997,1
18511,UK,35.0,126.51,19,2,11,16,1,10.3,28,4427.85,1
15365,Germany,4.0,50.77,17,3,1,9,0,27.9,1,203.08,0
10434,UK,38.0,78.03,16,1,1,10,1,,19,2965.14,1
14930,UK,10.0,121.52,16,2,1,19,0,3.9,1,1215.2,0
11814,Japan,15.0,,3,6,7,8,1,14.2,2,1143.525,0
18891,UK,21.0,94.53,15,5,9,10,0,55.2,2,1985.13,1
12367,UK,25.0,64.88,18,1,9,20,0,52.9,23,1622.0,1
12280,UK,45.0,26.58,6,1,9,15,1,20.0,22,1196.1,0
12493,UK,11.0,124.8,16,6,1,8,0,52.2,26,1372.8,0
16425,France,13.0,49.04,7,4,5,19,0,38.3,19,637.52,0
15712,UK,19.0,140.2,5,3,8,12,0,58.9,17,2663.7999999999997,1
19488,UK,43.0,85.56,14,4,9,17,1,58.0,6,3679.08,1
14162,Norway,48.0,77.42,4,1,5,16,1,37.4,21,3716.16,1
12822,Australia,23.0,63.78,10,2,11,12,0,28.6,27,1466.94,0
10492,France,34.0,60.4,18,2,11,12,1,9.4,11,2053.6,1
10070,Japan,45.0,,3,5,10,15,0,32.3,21,3430.575,1
13736,Sweden,,101.79,3,1,10,12,1,24.5,15,2544.75,1
19258,UK,34.0,116.17,18,3,12,10,0,39.1,16,3949.78,1
15237,Germany,27.0,63.45,15,5,10,17,0,6.3,24,1713.15,1
18935,Germany,49.0,39.58,9,1,8,16,1,50.3,9,1939.4199999999998,1
11016,UK,12.0,13.49,8,0,5,15,1,58.1,26,161.88,0
10933,UK,18.0,116.61,19,5,5,17,1,13.4,29,2098.98,1
18334,UK,35.0,62.58,14,6,10,14,1,38.3,4,2190.2999999999997,1
11067,France,,76.63,18,3,4,20,0,48.3,15,1915.75,1
10519,Netherlands,25.0,70.67,2,0,8,19,1,33.7,1,1766.75,1
14040,Netherlands,42.0,64.96,11,3,7,20,0,56.2,10,2728.3199999999997,1
19248,UK,9.0,102.74,14,2,5,9,0,31.2,11,924.66,0
16893,UK,40.0,91.51,1,4,6,9,1,17.0,20,3660.4,1
10991,UK,21.0,145.82,10,0,1,14,1,28.8,12,3062.22,1
18371,UK,43.0,21.27,2,5,9,17,1,29.8,11,914.61,0
18435,Sweden,32.0,86.24,18,4,1,11,1,16.0,23,2759.68,1
18006,Japan,8.0,9.95,13,4,1,9,1,47.4,22,79.6,0
19026,Sweden,37.0,121.28,4,3,4,8,1,37.4,1,4487.36,1
12398,Japan,3.0,,10,1,7,15,1,22.9,10,228.70499999999998,0
19795,Norway,12.0,64.54,3,6,4,20,0,25.9,23,774.48,0
13206,UK,44.0,120.43,16,1,11,14,0,22.9,3,5298.92,1
18020,UK,43.0,68.52,4,2,12,17,0,27.4,16,2946.3599999999997,1
15793,UK,3.0,,12,6,5,8,0,32.2,15,228.70499999999998,0
17794,UK,19.0,,2,0,12,10,0,20.5,21,1448.465,0
16278,UK,5.0,11.09,4,0,2,16,1,49.3,20,55.45,0
16424,UK,14.0,134.73,19,5,2,13,0,55.8,15,1886.2199999999998,1
16162,Norway,48.0,109.78,8,2,5,8,0,31.8,12,5269.4400000000005,1
17789,UK,10.0,114.17,3,4,12,10,1,43.0,23,1141.7,0
17390,Norway,32.0,131.24,14,4,7,18,0,55.9,12,4199.68,1
11345,Netherlands,40.0,118.84,4,5,9,16,1,12.3,13,4753.6,1
18260,Germany,44.0,65.06,12,4,8,18,0,,13,2862.6400000000003,1
15360,France,18.0,,16,2,6,12,1,5.3,11,1372.23,0
13230,UK,35.0,56.32,13,3,12,20,1,27.1,19,1971.2,1
15142,Germany,24.0,140.15,5,5,12,19,0,20.5,19,3363.6000000000004,1
19669,UK,6.0,,5,2,6,12,0,34.1,27,457.40999999999997,0
18575,Sweden,11.0,,5,1,9,10,0,27.6,13,838.585,0
18336,UK,37.0,31.06,13,3,8,20,1,,23,1149.22,0
14627,UK,34.0,29.57,13,6,8,12,1,24.1,9,1005.38,0
17841,France,26.0,132.03,10,0,2,14,1,2.7,28,3432.78,1
13850,France,,21.72,8,1,3,20,1,32.7,27,543.0,0
16861,UK,34.0,87.83,2,6,12,11,1,,18,2986.22,1
16395,Germany,17.0,57.05,16,5,3,19,1,7.6,21,969.8499999999999,0
12497,UK,15.0,45.65,13,0,8,10,0,4.9,17,684.75,0
12664,France,47.0,101.77,13,1,11,11,1,43.2,6,4783.19,1
10611,UK,48.0,143.96,2,4,8,13,0,15.6,28,6910.08,1
11397,UK,2.0,,6,5,3,14,1,39.9,22,152.47,0
14336,UK,,73.18,6,5,11,11,0,49.1,13,1829.5000000000002,1
14778,UK,7.0,66.39,12,6,1,19,1,30.5,8,464.73,0
11651,UK,43.0,136.2,15,3,9,16,0,8.9,20,5856.599999999999,1
14168,UK,29.0,86.93,17,6,4,16,1,37.3,13,2520.9700000000003,1
16041,UK,34.0,74.75,10,4,8,17,0,5.2,25,2541.5,1
12325,UK,35.0,102.58,7,3,6,16,0,49.2,7,3590.2999999999997,1
13382,UK,30.0,35.95,8,4,7,16,1,45.9,16,1078.5,0
13675,UK,,10.03,14,3,5,16,0,24.7,4,250.74999999999997,0
15050,France,40.0,128.34,7,4,7,17,0,16.9,21,5133.6,1
13663,Sweden,28.0,91.29,8,5,12,19,1,42.9,12,2556.1200000000003,1
17369,UK,27.0,25.15,15,6,10,10,1,34.5,6,679.05,0
13274,Sweden,16.0,45.06,11,4,6,14,0,9.6,17,720.96,0
14338,UK,1.0,148.5,9,0,12,10,0,45.8,17,148.5,0
13794,UK,28.0,95.35,14,4,11,10,0,20.7,9,2669.7999999999997,1
11829,France,17.0,95.6,6,1,8,20,1,53.7,28,1625.1999999999998,1
16857,Netherlands,33.0,11.29,2,1,8,14,0,49.9,3,372.57,0
12354,Australia,18.0,145.36,15,6,1,17,1,17.3,10,2616.4800000000005,1
12968,UK,48.0,133.97,9,3,7,17,1,16.1,8,6430.5599999999995,1
17927,Netherlands,34.0,82.39,7,5,3,8,0,24.5,27,2801.26,1
19488,UK,23.0,46.75,2,2,2,14,0,48.5,8,1075.25,0
16708,UK,35.0,104.86,18,4,11,10,1,8.7,7,3670.1,1
19163,UK,32.0,125.09,14,4,4,12,1,19.6,18,4002.88,1
18541,Norway,31.0,118.03,6,6,8,10,1,39.9,8,3658.93,1
14809,UK,29.0,146.57,12,1,11,16,1,3.0,9,4250.53,1
17702,Australia,46.0,95.71,9,3,8,9,1,4.3,8,4402.66,1
13283,Germany,16.0,48.52,7,2,10,13,1,46.0,16,776.32,0
14604,France,22.0,74.94,6,3,10,11,0,31.8,22,1648.6799999999998,1
15354,France,13.0,,2,5,6,20,0,33.9,14,991.055,0
19604,Japan,28.0,40.17,19,0,12,18,1,15.7,26,1124.76,0
18485,UK,49.0,35.1,18,3,11,12,1,32.4,8,1719.9,1
14892,UK,30.0,108.86,17,2,5,11,1,33.2,25,3265.8,1
16525,Germany,11.0,66.94,6,6,10,17,1,25.4,22,736.3399999999999,0
12023,UK,46.0,122.58,19,1,3,16,1,57.9,3,5638.68,1
18043,UK,39.0,21.98,6,1,2,15,0,3.9,20,857.22,0
15530,UK,,50.69,16,0,7,8,0,25.5,29,1267.25,0
15327,UK,8.0,40.58,2,3,8,9,1,51.6,20,324.64,0
17662,UK,,104.83,6,0,8,16,1,13.2,8,2620.75,1
16329,UK,,114.02,11,3,10,14,0,,13,2850.5,1
10724,Sweden,29.0,68.67,19,1,5,18,0,26.1,26,1991.43,1
12881,UK,,71.97,6,2,10,8,1,10.2,10,1799.25,1
11767,Norway,8.0,20.24,9,4,11,10,0,6.5,14,161.92,0
17348,Norway,48.0,105.42,17,4,2,18,1,20.3,18,5060.16,1
10351,UK,22.0,148.85,9,0,6,20,0,55.3,25,3274.7,1
12024,France,34.0,116.8,13,1,3,17,1,56.4,28,3971.2,1
15974,Germany,18.0,33.86,8,2,8,8,0,34.2,21,609.48,0
16947,France,5.0,93.66,1,3,5,8,1,8.0,13,468.29999999999995,0
15033,UK,21.0,44.6,6,6,4,19,0,27.9,12,936.6,0
18607,UK,34.0,5.01,11,0,4,14,0,25.6,20,170.34,0
19189,UK,17.0,27.38,1,0,5,14,1,14.6,3,465.46,0
11321,Germany,30.0,,5,4,2,20,1,5.5,13,2287.05,1
19525,Norway,22.0,29.79,19,6,2,11,1,23.5,11,655.38,0
16143,France,17.0,119.44,1,5,8,11,1,22.9,28,2030.48,1
16362,France,13.0,44.28,5,3,12,16,0,,25,575.64,0
10950,Norway,13.0,113.68,12,0,7,19,0,24.3,8,1477.8400000000001,1
16218,France,13.0,142.35,11,4,12,12,1,1.8,20,1850.55,1
17257,UK,36.0,86.35,4,3,2,9,1,2.2,14,3108.6,1
15807,Japan,17.0,,2,3,12,8,1,41.6,25,1295.995,0
10844,UK,37.0,112.64,18,3,8,8,1,40.0,15,4167.68,1
15232,UK,16.0,15.01,11,3,9,12,0,10.5,19,240.16,0
19359,UK,17.0,64.52,11,5,1,14,0,52.1,22,1096.84,0
17234,Sweden,46.0,75.07,2,1,8,14,0,40.1,24,3453.22,1
11374,UK,43.0,124.74,4,0,5,11,1,10.1,21,5363.82,1
19599,UK,20.0,122.23,2,0,11,16,1,18.0,9,2444.6,1
19588,UK,14.0,127.32,19,2,10,19,0,58.4,22,1782.48,1
11693,UK,36.0,104.83,15,3,11,11,1,25.1,10,3773.88,1
18008,UK,,79.82,11,5,11,16,0,15.0,22,1995.4999999999998,1
14067,France,23.0,124.27,13,3,9,15,1,31.9,28,2858.21,1
15936,Japan,30.0,131.06,4,3,3,16,0,13.1,14,3931.8,1
14451,UK,34.0,72.33,19,6,4,8,1,47.7,26,2459.22,1
17826,UK,6.0,147.86,10,5,11,16,0,47.9,5,887.1600000000001,0
19966,UK,1.0,131.29,10,4,8,17,0,48.2,13,131.29,0
17951,UK,,76.82,19,2,11,16,0,37.4,26,1920.4999999999998,1
19313,Germany,6.0,10.86,2,1,10,18,1,41.9,22,65.16,0
19460,France,25.0,34.06,9,6,8,17,0,20.0,10,851.5,0
10901,Germany,46.0,116.57,2,3,2,20,0,52.9,15,5362.219999999999,1
12533,UK,15.0,17.12,9,0,12,16,1,,4,256.8,0
17218,Germany,23.0,70.74,6,3,3,13,1,16.0,24,1627.02,1
15900,UK,11.0,90.93,9,0,3,18,0,59.6,4,1000.23,0
10501,UK,3.0,131.81,14,6,2,17,1,57.7,17,395.43,0
10950,Sweden,35.0,127.14,6,3,1,15,1,30.9,15,4449.9,1
15205,Netherlands,13.0,114.76,1,5,5,15,1,30.4,18,1491.88,1
16161,Sweden,27.0,61.45,4,3,11,12,0,7.9,13,1659.15,1
11677,Sweden,34.0,21.77,14,0,11,15,1,39.9,3,740.18,0
11712,Germany,42.0,100.61,11,4,6,14,0,,20,4225.62,1
11293,Sweden,10.0,27.6,19,4,4,9,1,19.5,26,276.0,0
15649,UK,29.0,84.42,17,1,5,13,1,25.7,18,2448.18,1
10078,UK,45.0,147.11,4,5,12,20,1,,2,6619.950000000001,1
15724,UK,24.0,,14,1,1,12,0,58.1,4,1829.6399999999999,1
14759,UK,2.0,97.01,2,4,1,16,0,58.5,8,194.02,0
14659,UK,13.0,101.8,2,5,1,13,0,48.1,9,1323.3999999999999,0
16792,UK,39.0,124.64,16,0,11,11,1,18.1,4,4860.96,1
15226,France,39.0,65.53,8,2,2,13,1,,26,2555.67,1
17277,Netherlands,16.0,74.88,19,1,12,20,1,26.1,22,1198.08,0
17639,Germany,10.0,26.81,1,5,3,9,0,18.5,23,268.09999999999997,0
19201,UK,15.0,92.39,10,1,7,16,0,39.7,28,1385.85,0
17992,France,12.0,44.72,6,4,12,18,0,22.9,26,536.64,0
15177,UK,37.0,76.39,19,2,2,10,1,53.6,5,2826.43,1
14921,UK,42.0,115.1,13,0,4,17,1,23.1,1,4834.2,1
12357,UK,3.0,3.13,15,6,9,16,0,23.3,22,9.39,0
15995,UK,37.0,84.81,6,4,10,12,0,45.8,27,3137.9700000000003,1
11391,UK,37.0,26.43,17,1,11,10,0,35.8,21,977.91,0
19312,Australia,31.0,42.27,16,6,1,20,1,16.1,25,1310.3700000000001,0
18450,Netherlands,43.0,5.69,15,4,10,10,1,40.9,18,244.67000000000002,0
11197,France,,25.83,10,5,4,20,0,34.2,14,645.75,0
17859,UK,35.0,148.0,18,1,7,16,0,7.1,4,5180.0,1
11171,Australia,7.0,149.78,13,0,11,19,0,28.6,20,1048.46,0
17212,France,44.0,108.12,2,0,11,11,1,55.2,9,4757.280000000001,1
10877,UK,25.0,,17,3,3,8,0,13.5,8,1905.875,1
14881,Germany,5.0,116.66,1,5,6,16,1,25.5,26,583.3,0
16578,UK,37.0,134.53,13,6,4,12,0,17.3,20,4977.61,1
17288,UK,37.0,78.14,5,6,8,15,1,32.7,13,2891.18,1
14186,UK,23.0,5.77,18,4,10,13,1,58.5,24,132.70999999999998,0
19216,UK,16.0,106.55,14,4,4,12,0,19.3,22,1704.8,1
17743,UK,1.0,,16,2,2,17,1,50.1,15,76.235,0
12082,UK,45.0,39.08,14,0,1,14,0,50.5,29,1758.6,1
16712,UK,10.0,69.79,11,1,1,16,1,16.3,1,697.9000000000001,0
17305,Norway,42.0,54.51,17,0,5,16,1,46.6,15,2289.42,1
13336,UK,29.0,58.87,6,4,12,16,0,59.3,13,1707.23,1
17382,UK,34.0,108.35,11,3,4,12,0,57.3,4,3683.8999999999996,1
18983,UK,35.0,57.07,6,5,5,17,1,36.7,22,1997.45,1
18171,Japan,43.0,141.19,3,1,9,10,1,10.0,3,6071.17,1
17625,Germany,2.0,118.55,17,6,8,20,1,8.0,21,237.1,0
16344,Sweden,49.0,4.63,10,5,4,18,1,16.7,22,226.87,0
12705,UK,3.0,122.87,2,6,2,15,0,36.5,15,368.61,0
17952,UK,49.0,116.04,16,4,2,10,1,23.8,8,5685.96,1
13641,Germany,13.0,77.72,18,2,3,19,0,42.2,29,1010.36,0
15321,UK,42.0,74.77,13,4,2,15,0,47.5,21,3140.3399999999997,1
13144,Australia,5.0,125.41,7,4,6,18,0,11.6,4,627.05,0
13130,Japan,23.0,64.01,17,1,8,8,0,54.4,22,1472.23,0
11576,UK,27.0,24.34,15,0,9,12,0,4.6,5,657.18,0
19612,Norway,47.0,47.28,6,4,11,11,0,16.6,19,2222.16,1
11477,Germany,7.0,40.15,7,0,4,18,0,49.1,8,281.05,0
10862,UK,2.0,102.32,19,0,8,14,0,11.8,19,204.64,0
19361,UK,32.0,,19,0,11,9,0,14.0,24,2439.52,1
15550,UK,3.0,96.89,13,4,1,15,0,58.6,23,290.67,0
14379,Australia,39.0,,1,6,10,10,1,54.8,23,2973.165,1
17374,UK,2.0,126.03,5,3,2,13,0,49.0,21,252.06,0
13833,UK,48.0,73.01,7,1,7,20,0,11.3,23,3504.4800000000005,1
11279,Germany,27.0,139.51,11,3,10,13,0,16.1,27,3766.7699999999995,1
17296,UK,47.0,135.12,17,3,6,13,0,14.9,26,6350.64,1
11759,UK,7.0,28.2,17,4,7,8,0,12.2,23,197.4,0
15529,France,14.0,103.08,6,3,8,13,1,58.3,13,1443.12,0
19490,UK,23.0,32.59,3,3,7,20,0,,9,749.57,0
19361,UK,2.0,123.58,6,2,9,20,1,45.1,10,247.16,0
13607,UK,,95.54,5,6,11,20,1,4.0,18,2388.5,1
17803,UK,17.0,44.47,18,3,2,12,0,33.1,18,755.99,0
16126,UK,37.0,37.74,1,2,5,8,0,5.2,13,1396.38,0
14793,Netherlands,35.0,64.72,16,0,11,11,0,4.6,12,2265.2,1
11399,Norway,5.0,120.21,13,4,5,10,0,14.6,22,601.05,0
13763,UK,3.0,119.53,3,2,6,9,1,55.6,16,358.59000000000003,0
16519,Norway,33.0,5.49,14,1,9,17,1,38.7,1,181.17000000000002,0
19866,Germany,18.0,45.69,12,3,12,14,0,39.4,5,822.42,0
10048,Germany,39.0,63.72,1,3,4,17,0,18.6,10,2485.08,1
17177,France,15.0,88.04,5,5,12,10,1,43.7,12,1320.6000000000001,0
18463,France,18.0,22.85,7,3,9,17,1,41.2,22,411.3,0
19511,Australia,11.0,50.62,5,4,1,8,1,28.2,14,556.8199999999999,0
14238,UK,14.0,132.9,11,4,11,17,0,41.3,13,1860.6000000000001,1
11184,UK,35.0,71.74,12,5,5,18,1,52.2,3,2510.8999999999996,1
12709,UK,24.0,111.75,4,0,4,11,0,57.7,2,2682.0,1
18505,UK,,72.97,3,2,7,12,1,59.8,29,1824.25,1
18779,France,4.0,70.01,13,5,7,13,0,29.8,25,280.04,0
16370,UK,27.0,93.48,9,0,7,15,1,2.9,2,2523.96,1
11227,UK,23.0,39.27,6,3,1,14,1,14.5,14,903.21,0
11219,UK,45.0,37.85,5,2,10,9,1,12.6,27,1703.25,1
14781,UK,21.0,148.41,1,5,5,12,1,18.7,21,3116.61,1
15882,Germany,6.0,130.41,17,6,2,14,0,22.3,3,782.46,0
10323,Germany,35.0,110.79,16,0,7,15,1,40.5,13,3877.65,1
16860,UK,8.0,21.0,11,1,8,16,0,32.0,25,168.0,0
15445,UK,45.0,5.02,7,5,2,16,0,39.3,9,225.89999999999998,0
10123,UK,,26.72,5,1,12,13,0,58.3,16,668.0,0
10956,UK,39.0,140.69,6,3,8,14,0,3.9,10,5486.91,1
14543,France,33.0,122.54,18,6,12,12,1,1.8,6,4043.82,1
17225,Germany,23.0,78.7,2,6,9,11,0,40.3,25,1810.1000000000001,1
18253,UK,29.0,145.33,16,6,1,12,0,33.2,7,4214.570000000001,1
14313,UK,9.0,22.41,6,0,3,13,0,29.5,17,201.69,0
12953,Norway,4.0,84.09,6,1,12,9,1,51.3,11,336.36,0
19683,Netherlands,38.0,27.89,16,1,7,10,1,10.4,18,1059.82,0
14585,UK,47.0,46.31,19,5,2,9,0,34.8,24,2176.57,1
13153,UK,43.0,141.05,19,1,1,13,0,56.0,17,6065.150000000001,1
14423,UK,15.0,130.31,6,3,7,14,1,27.3,5,1954.65,1
10120,Sweden,18.0,15.72,12,5,8,10,1,35.2,9,282.96000000000004,0
13019,UK,18.0,37.81,6,3,3,9,0,5.1,8,680.58,0
15155,UK,35.0,89.38,4,6,3,14,0,21.6,20,3128.2999999999997,1
19184,Norway,31.0,9.67,8,3,8,10,1,3.4,21,299.77,0
17382,France,40.0,82.74,2,2,6,19,0,34.8,5,3309.6,1
17812,UK,47.0,87.88,4,6,1,10,0,35.8,18,4130.36,1
15449,UK,20.0,44.0,12,3,1,14,0,57.1,14,880.0,0
11105,UK,33.0,44.32,14,1,3,18,1,38.7,13,1462.56,0
13909,Germany,25.0,34.75,6,4,7,9,0,1.2,25,868.75,0
19970,UK,47.0,140.38,11,5,4,13,1,50.2,2,6597.86,1
10441,Sweden,18.0,58.64,15,5,1,14,0,20.4,22,1055.52,0
18792,Sweden,10.0,88.0,17,0,11,15,0,43.1,17,880.0,0
16844,UK,19.0,45.59,11,0,9,19,0,16.6,8,866.21,0
12839,Germany,31.0,105.55,5,4,8,15,1,45.9,7,3272.0499999999997,1
17779,UK,47.0,15.67,14,5,3,12,0,55.7,5,736.49,0
18368,UK,41.0,11.21,4,4,9,13,1,5.7,18,459.61,0
10432,France,1.0,111.77,3,2,12,16,1,33.1,19,111.77,0
11064,UK,25.0,109.14,7,5,9,11,1,32.9,8,2728.5,1
16657,UK,8.0,,7,4,4,16,0,17.9,12,609.88,0
19991,UK,18.0,53.58,3,6,5,12,1,21.2,29,964.4399999999999,0
10239,UK,47.0,143.61,1,2,12,8,1,40.9,21,6749.670000000001,1
16656,UK,49.0,16.1,18,5,1,14,0,18.3,18,788.9000000000001,0
11365,France,8.0,27.88,13,1,3,11,0,2.8,4,223.04,0
16501,Australia,7.0,64.79,14,5,2,12,1,46.4,17,453.53000000000003,0
16233,Germany,35.0,42.67,2,5,8,12,0,37.9,12,1493.45,1
10904,Australia,21.0,,16,1,6,9,1,15.8,25,1600.935,1
16807,UK,22.0,103.74,7,0,2,11,0,57.7,6,2282.2799999999997,1
18970,Australia,43.0,79.2,15,6,12,19,1,54.0,29,3405.6,1
18634,UK,46.0,91.87,10,0,7,12,0,57.9,28,4226.02,1
10289,UK,45.0,65.3,5,3,3,17,1,31.2,23,2938.5,1
12459,Sweden,39.0,114.18,5,0,12,13,1,14.9,15,4453.02,1
12408,UK,,6.79,3,2,9,8,1,11.3,18,169.75,0
14532,UK,36.0,,16,5,2,18,1,57.0,27,2744.46,1
11430,UK,44.0,102.82,9,3,10,19,1,53.6,26,4524.08,1
18543,UK,27.0,49.78,15,1,1,11,1,44.7,24,1344.06,0
17767,UK,3.0,12.24,16,2,11,10,1,31.1,6,36.72,0
18083,UK,41.0,52.08,4,0,5,20,0,23.7,12,2135.2799999999997,1
11982,Japan,46.0,106.87,7,4,4,9,0,42.5,23,4916.02,1
10145,UK,16.0,18.74,3,0,1,19,0,1.6,4,299.84,0
19106,UK,21.0,108.83,1,2,12,10,1,31.9,20,2285.43,1
12889,UK,29.0,116.43,19,0,7,19,0,41.0,11,3376.4700000000003,1
16562,Australia,32.0,95.48,13,1,8,20,0,45.5,17,3055.36,1
19094,UK,34.0,37.01,9,0,11,11,1,27.6,27,1258.34,0
10361,UK,20.0,120.89,4,6,7,10,1,45.0,26,2417.8,1
10054,UK,42.0,32.56,12,5,4,9,0,6.7,11,1367.52,0
10054,France,40.0,135.92,11,6,10,18,1,14.8,21,5436.799999999999,1
11563,Netherlands,47.0,106.14,5,4,7,12,1,9.5,1,4988.58,1
10516,Germany,29.0,8.68,1,3,3,16,0,21.1,21,251.72,0
18199,Netherlands,4.0,119.99,9,1,11,15,1,21.3,4,479.96,0
16059,UK,42.0,76.21,10,6,10,14,0,23.1,27,3200.8199999999997,1
19800,UK,4.0,68.17,16,6,3,11,0,28.5,9,272.68,0
18014,UK,10.0,63.37,8,2,8,12,0,26.7,21,633.6999999999999,0
19631,UK,14.0,91.19,2,1,12,14,1,29.9,20,1276.6599999999999,0
12385,UK,10.0,108.82,17,2,10,9,1,45.4,8,1088.1999999999998,0
12877,UK,36.0,134.45,8,2,3,13,1,9.4,25,4840.2,1
18494,UK,22.0,41.31,14,6,11,17,0,21.7,6,908.82,0
12448,Germany,11.0,94.8,1,0,1,13,0,1.0,27,1042.8,0
10572,UK,1.0,103.11,1,4,8,13,0,2.7,15,103.11,0
16691,France,11.0,101.38,1,5,7,18,1,36.8,14,1115.1799999999998,0
18009,France,34.0,74.2,16,5,1,14,0,52.7,7,2522.8,1
19681,UK,39.0,58.96,5,1,9,17,1,19.0,1,2299.44,1
19277,UK,15.0,114.48,16,2,4,8,0,24.7,21,1717.2,1
11202,Germany,4.0,45.35,18,2,11,20,0,13.4,22,181.4,0
17721,Germany,28.0,31.6,13,2,11,18,0,9.4,25,884.8000000000001,0
18461,UK,39.0,,19,0,8,18,1,53.2,28,2973.165,1
16981,UK,4.0,40.51,18,0,8,16,0,34.8,9,162.04,0
18197,France,39.0,5.47,14,0,1,14,0,42.6,17,213.32999999999998,0
18379,Germany,9.0,8.21,16,6,11,14,1,53.0,27,73.89000000000001,0
14465,UK,13.0,104.4,12,2,9,16,1,35.7,17,1357.2,0
10401,UK,31.0,145.99,5,1,5,14,1,11.6,22,4525.6900000000005,1
14561,Japan,3.0,68.48,2,5,2,17,0,43.1,21,205.44,0
12017,UK,15.0,22.49,8,3,7,12,1,45.1,29,337.34999999999997,0
11137,Japan,7.0,122.8,10,2,11,18,0,25.4,10,859.6,0
11249,UK,11.0,39.58,7,0,11,12,0,37.4,6,435.38,0
16973,UK,38.0,149.35,2,2,2,14,0,29.6,27,5675.3,1
15045,UK,12.0,,10,4,10,8,0,20.6,14,914.8199999999999,0
15398,UK,3.0,35.28,10,4,1,19,0,40.7,6,105.84,0
17451,Sweden,11.0,74.65,19,2,5,16,0,15.6,19,821.1500000000001,0
15482,UK,5.0,50.64,19,4,6,11,1,20.3,25,253.2,0
16300,Norway,31.0,117.03,12,5,1,8,1,24.9,23,3627.93,1
10860,UK,48.0,16.32,17,6,2,19,1,37.3,10,783.36,0
18511,Japan,9.0,128.62,6,3,11,8,0,51.3,27,1157.58,0
14487,Sweden,36.0,115.22,19,1,8,14,0,37.3,2,4147.92,1
11552,Germany,18.0,129.27,18,0,10,8,0,43.8,26,2326.86,1
18133,UK,,,3,1,7,17,0,18.3,6,1905.875,1
17346,France,34.0,34.85,14,0,6,10,1,35.7,7,1184.9,0
10530,UK,11.0,78.39,9,3,1,13,0,7.1,10,862.29,0
11930,Sweden,26.0,127.56,6,1,7,15,0,28.3,13,3316.56,1
10157,UK,25.0,56.92,8,1,10,12,1,41.7,2,1423.0,0
12707,UK,30.0,9.53,18,5,3,16,1,11.6,21,285.9,0
10999,UK,7.0,44.1,18,2,6,14,1,54.2,4,308.7,0
17099,France,13.0,36.67,7,5,5,13,1,25.6,4,476.71000000000004,0
15225,Norway,37.0,130.57,9,0,11,12,1,40.6,1,4831.09,1
19802,UK,46.0,69.85,10,2,2,13,1,28.7,28,3213.1,1
17494,France,1.0,102.69,14,0,2,12,1,44.2,2,102.69,0
16115,Sweden,21.0,144.34,10,3,3,15,0,,22,3031.14,1
15093,UK,44.0,45.23,8,0,2,17,0,8.2,19,1990.12,1
10545,UK,15.0,114.3,18,1,11,15,0,55.6,25,1714.5,1
10702,France,22.0,3.9,8,5,4,8,0,39.9,14,85.8,0
16163,Germany,45.0,16.07,6,6,5,18,1,28.9,27,723.15,0
10043,UK,48.0,24.7,7,3,4,18,1,40.9,14,1185.6,0
10423,Australia,33.0,47.21,7,6,10,18,0,16.4,6,1557.93,1
12191,UK,35.0,60.75,11,5,8,8,1,46.4,27,2126.25,1
18841,Sweden,31.0,71.81,13,5,6,18,0,25.3,13,2226.11,1
14589,Japan,14.0,37.18,3,6,10,14,0,48.5,1,520.52,0
17095,Australia,44.0,10.4,17,0,1,18,0,17.2,19,457.6,0
14115,UK,2.0,101.79,5,1,9,18,0,47.6,10,203.58,0
11731,UK,3.0,4.04,3,3,5,19,0,54.5,24,12.120000000000001,0
13711,UK,30.0,121.52,13,4,5,9,1,58.9,5,3645.6,1
10917,UK,42.0,139.41,4,6,2,15,0,46.8,22,5855.22,1
17702,France,40.0,106.7,15,0,2,17,1,42.5,25,4268.0,1
11835,UK,34.0,89.6,19,1,9,15,1,31.7,4,3046.3999999999996,1
13763,UK,19.0,98.72,14,2,11,18,1,7.2,17,1875.68,1
19800,UK,18.0,98.01,15,4,11,17,1,34.0,19,1764.18,1
15919,UK,21.0,,10,6,3,8,1,34.2,27,1600.935,1
14585,UK,13.0,144.66,7,6,10,10,0,4.8,9,1880.58,1
15430,Germany,21.0,64.29,12,5,2,16,1,41.7,15,1350.0900000000001,0
17840,Netherlands,6.0,92.75,7,5,10,12,1,9.8,12,556.5,0
12544,UK,16.0,120.52,17,2,7,12,0,36.2,11,1928.32,1
16364,Japan,47.0,0.66,9,4,11,19,1,28.9,29,31.020000000000003,0
18726,Japan,35.0,79.29,10,1,1,9,1,52.6,20,2775.15,1
15724,UK,7.0,98.11,13,3,10,14,0,14.7,5,686.77,0
14465,France,15.0,107.72,4,2,6,12,1,11.1,26,1615.8,1
11451,UK,13.0,55.63,11,6,7,8,1,33.5,4,723.19,0
12482,UK,14.0,44.7,15,2,7,12,0,28.2,26,625.8000000000001,0
19460,UK,34.0,27.73,15,2,9,13,0,10.5,12,942.82,0
15412,UK,44.0,83.89,5,2,8,13,1,37.2,20,3691.16,1
13013,Japan,35.0,137.94,2,6,5,10,1,54.4,26,4827.9,1
14183,Sweden,24.0,134.45,4,6,6,17,0,44.7,26,3226.7999999999997,1
15780,Australia,8.0,54.31,16,3,1,12,0,13.4,5,434.48,0
15375,Germany,8.0,39.05,6,6,9,15,0,15.1,12,312.4,0
16997,Germany,40.0,118.42,2,5,9,15,0,33.9,3,4736.8,1
12574,Norway,34.0,108.88,12,5,7,15,0,,19,3701.92,1
16492,UK,26.0,76.05,17,6,9,14,1,58.8,13,1977.3,1
14426,UK,29.0,58.66,5,2,4,11,1,7.2,29,1701.1399999999999,1
19405,Germany,42.0,,1,3,3,14,1,33.2,19,3201.87,1
11579,UK,40.0,117.88,3,1,12,14,0,59.3,13,4715.2,1
11484,UK,5.0,92.81,3,2,12,8,0,7.5,5,464.05,0
14616,UK,20.0,,4,3,11,17,0,58.4,9,1524.7,1
15083,Germany,3.0,137.86,4,0,1,13,1,28.3,24,413.58000000000004,0
16908,UK,19.0,99.12,13,1,7,11,0,43.3,5,1883.2800000000002,1
14040,UK,32.0,139.42,5,5,9,8,1,26.1,25,4461.44,1
19137,UK,11.0,71.42,11,1,1,11,1,50.6,18,785.62,0
14741,UK,8.0,68.47,8,4,12,13,0,54.6,16,547.76,0
11293,Japan,25.0,140.62,13,5,10,18,1,10.8,14,3515.5,1
11192,UK,26.0,,13,1,4,16,0,45.1,1,1982.11,1
19734,France,35.0,144.13,12,3,7,13,0,2.2,7,5044.55,1
11340,Netherlands,1.0,122.93,17,6,11,9,0,17.3,15,122.93,0
19478,UK,13.0,,4,5,11,11,0,33.6,15,991.055,0
12780,Australia,39.0,31.94,10,6,10,19,1,,7,1245.66,0
10934,France,34.0,57.82,8,4,12,9,1,22.6,24,1965.88,1
13047,Germany,45.0,140.78,11,6,9,16,0,17.0,13,6335.1,1
16146,UK,40.0,54.85,3,2,12,14,0,11.1,12,2194.0,1
14279,UK,42.0,113.63,7,4,12,10,0,15.1,23,4772.46,1
17855,Norway,26.0,138.49,18,4,1,19,1,8.7,5,3600.7400000000002,1
16109,Netherlands,47.0,145.57,16,6,8,13,0,16.4,2,6841.79,1
14007,Sweden,21.0,142.18,9,2,5,16,1,49.5,10,2985.78,1
16346,Sweden,45.0,83.48,3,6,6,9,0,18.0,1,3756.6000000000004,1
19714,UK,20.0,74.04,13,3,3,20,0,54.6,11,1480.8000000000002,1
14118,Netherlands,22.0,148.15,6,0,9,8,1,,4,3259.3,1
11534,UK,34.0,33.12,7,4,11,12,0,30.0,20,1126.08,0
14087,Netherlands,20.0,28.54,2,6,5,19,0,10.9,2,570.8,0
18401,UK,8.0,,6,3,9,16,0,2.0,6,609.88,0
12176,UK,44.0,103.53,5,3,4,16,0,37.9,8,4555.32,1
19491,Netherlands,23.0,80.68,1,6,9,12,0,20.9,18,1855.64,1
15883,Netherlands,46.0,20.24,12,6,1,18,0,21.4,12,931.04,0
16015,Germany,20.0,77.23,19,2,11,20,1,25.1,23,1544.6000000000001,1
13170,UK,48.0,141.66,3,5,5,16,0,46.9,23,6799.68,1
19204,UK,30.0,90.63,1,4,7,10,1,24.6,12,2718.8999999999996,1
10360,Norway,38.0,60.99,2,4,10,19,0,6.1,1,2317.62,1
12986,UK,38.0,82.89,11,5,1,8,0,17.4,28,3149.82,1
14184,UK,10.0,132.98,16,2,12,19,0,35.0,11,1329.8,0
14772,Germany,40.0,136.97,6,2,8,8,0,59.6,16,5478.8,1
14741,UK,47.0,60.31,3,0,12,8,1,9.4,27,2834.57,1
11479,Germany,33.0,91.41,2,5,7,8,0,20.1,19,3016.5299999999997,1
12255,UK,47.0,42.24,12,1,3,10,0,29.7,17,1985.2800000000002,1
10952,Australia,42.0,67.94,7,4,7,17,0,,10,2853.48,1
15724,Sweden,33.0,33.37,7,4,7,13,0,7.4,24,1101.2099999999998,0
13508,Sweden,24.0,79.96,5,4,12,9,0,47.8,6,1919.04,1
15657,Germany,43.0,86.95,18,6,7,12,1,43.7,15,3738.85,1
15897,UK,10.0,51.01,8,6,5,20,0,19.1,11,510.09999999999997,0
17020,France,28.0,41.18,14,0,3,14,1,46.7,3,1153.04,0
15470,Australia,40.0,23.08,15,5,4,17,0,34.9,9,923.1999999999999,0
16479,Germany,47.0,21.36,2,1,7,11,1,,6,1003.92,0
15871,France,14.0,106.86,5,4,5,14,0,17.9,3,1496.04,1
16524,France,5.0,33.63,18,4,5,18,1,20.4,22,168.15,0
16166,France,17.0,18.14,17,0,1,16,1,20.1,21,308.38,0
13162,France,43.0,149.83,8,1,12,8,0,45.0,26,6442.6900000000005,1
12462,UK,26.0,39.36,3,6,11,15,0,40.0,1,1023.36,0
17874,UK,3.0,134.46,6,0,4,18,0,49.4,14,403.38,0
13427,Germany,6.0,91.57,19,1,2,9,1,31.1,20,549.42,0
15491,UK,17.0,107.4,13,0,11,13,0,21.7,15,1825.8000000000002,1
11969,Japan,17.0,84.36,2,1,11,16,0,5.0,1,1434.12,0
14314,Germany,7.0,27.53,14,4,11,8,0,47.9,14,192.71,0
15296,UK,25.0,127.13,3,5,7,17,0,5.4,4,3178.25,1
16260,Australia,24.0,124.28,6,4,9,19,1,18.8,1,2982.7200000000003,1
15263,France,10.0,52.78,10,1,9,14,0,40.5,22,527.8,0
13606,Netherlands,12.0,114.7,7,6,3,13,1,46.1,3,1376.4,0
19617,UK,33.0,81.68,14,2,7,9,1,5.0,9,2695.44,1
15127,Japan,47.0,136.4,3,2,4,17,1,36.8,29,6410.8,1
18083,UK,49.0,120.52,17,3,10,20,1,9.1,28,5905.48,1
17367,Germany,28.0,6.63,12,0,12,19,1,45.7,2,185.64,0
15583,UK,2.0,131.95,6,2,1,15,1,44.1,12,263.9,0
18864,Germany,44.0,145.3,19,5,1,8,1,,11,6393.200000000001,1
11282,France,47.0,111.45,10,4,4,11,0,4.8,19,5238.150000000001,1
19210,Germany,14.0,18.43,8,6,2,11,0,34.0,21,258.02,0
18502,UK,20.0,121.2,1,5,1,8,1,15.2,3,2424.0,1
15036,Australia,2.0,97.3,19,2,12,9,1,30.3,13,194.6,0
17333,France,40.0,51.15,17,5,7,15,0,59.4,9,2046.0,1
15202,UK,39.0,132.66,4,6,10,9,0,6.3,29,5173.74,1
12687,Norway,2.0,85.05,19,4,7,8,1,36.0,9,170.1,0
17998,France,35.0,128.01,16,5,9,20,0,10.7,1,4480.349999999999,1
12459,Norway,21.0,100.68,8,3,9,15,0,31.1,19,2114.28,1
13144,Norway,27.0,43.63,18,6,2,18,1,31.7,26,1178.01,0
15192,Sweden,11.0,146.27,11,1,2,11,0,27.9,24,1608.97,1
18373,Netherlands,40.0,85.87,14,2,6,12,1,38.7,4,3434.8,1
13839,Germany,20.0,77.75,4,1,5,15,0,58.5,22,1555.0,1
14941,UK,42.0,,3,0,11,16,1,48.5,6,3201.87,1
10416,UK,8.0,20.88,11,4,4,12,0,57.6,5,167.04,0
11158,Netherlands,29.0,103.09,7,0,4,19,0,12.2,16,2989.61,1
10559,UK,16.0,64.9,19,1,7,17,1,59.6,24,1038.4,0
10720,Japan,48.0,140.22,2,5,3,10,1,19.0,26,6730.5599999999995,1
18685,UK,28.0,144.78,15,1,11,9,1,3.0,18,4053.84,1
18419,UK,36.0,115.26,12,6,1,8,0,26.7,13,4149.360000000001,1
18218,UK,5.0,36.75,17,0,11,18,1,15.5,17,183.75,0
10555,UK,34.0,107.54,19,3,8,18,1,,9,3656.36,1
10776,UK,5.0,3.55,17,0,11,14,1,6.1,4,17.75,0
12806,UK,18.0,124.05,8,0,4,17,0,33.3,12,2232.9,1
15652,Australia,11.0,74.3,14,5,11,19,0,18.1,5,817.3,0
13341,UK,1.0,140.54,4,0,11,10,0,13.2,3,140.54,0
14875,UK,29.0,56.98,10,6,6,20,1,52.7,22,1652.4199999999998,1
11729,UK,12.0,39.84,6,4,4,14,0,31.4,25,478.08000000000004,0
17307,UK,26.0,149.26,5,3,3,13,1,20.2,22,3880.7599999999998,1
13138,UK,38.0,79.84,11,6,2,10,1,45.0,27,3033.92,1
10665,France,9.0,129.55,3,2,7,16,0,51.3,15,1165.95,0
17426,Netherlands,35.0,136.7,11,2,12,15,1,27.1,20,4784.5,1
19027,UK,15.0,78.01,8,2,7,8,1,11.7,6,1170.15,0
10146,Germany,17.0,68.63,5,4,12,16,0,59.7,13,1166.71,0
14366,UK,29.0,83.16,11,5,10,9,0,22.2,3,2411.64,1
18271,UK,31.0,127.24,15,3,9,11,0,13.1,18,3944.44,1
17061,Japan,33.0,144.72,12,1,9,15,0,7.1,13,4775.76,1
18565,UK,10.0,,2,6,12,18,0,,17,762.35,0
14152,Japan,29.0,110.93,11,4,11,9,0,56.6,25,3216.9700000000003,1
13722,UK,,43.16,12,5,2,14,1,56.9,2,1079.0,0
17091,UK,14.0,91.84,13,3,8,11,0,31.0,13,1285.76,0
11536,UK,47.0,120.82,9,1,6,17,1,41.8,12,5678.54,1
12394,UK,5.0,133.03,2,6,11,18,0,50.1,22,665.15,0
16008,Norway,21.0,67.58,3,4,3,16,1,33.9,20,1419.18,0
16684,UK,22.0,55.78,7,2,10,18,0,40.4,21,1227.16,0
11196,Japan,13.0,38.39,13,5,6,13,0,58.1,25,499.07,0
15083,Japan,39.0,20.45,15,0,12,15,1,11.2,9,797.55,0
13649,Germany,24.0,55.06,13,6,10,11,0,9.2,11,1321.44,0
15017,UK,36.0,130.86,6,4,5,20,1,45.4,11,4710.960000000001,1
19584,UK,19.0,63.11,9,4,11,10,1,42.5,24,1199.09,0
10766,UK,44.0,47.94,1,0,3,19,1,,14,2109.3599999999997,1
19954,Netherlands,36.0,,16,1,1,17,1,18.8,22,2744.46,1
14495,UK,17.0,32.73,7,5,7,20,1,41.4,8,556.41,0
17721,Sweden,48.0,38.81,10,3,5,16,0,,27,1862.88,1
14244,Germany,43.0,140.42,9,0,2,12,1,53.7,15,6038.0599999999995,1
13109,UK,29.0,12.7,6,4,12,11,0,50.4,29,368.29999999999995,0
17705,France,1.0,62.49,4,5,1,10,0,29.7,13,62.49,0
16876,UK,29.0,86.72,19,1,8,20,0,40.3,2,2514.88,1
11440,Sweden,34.0,34.92,3,4,4,9,1,39.0,8,1187.28,0
17054,UK,18.0,42.51,18,6,4,18,0,6.4,13,765.18,0
17530,Norway,8.0,33.67,3,3,3,17,0,26.1,4,269.36,0
13878,Australia,28.0,52.11,2,1,5,9,0,27.0,23,1459.08,0
19256,Japan,40.0,134.83,18,6,9,19,0,53.9,11,5393.200000000001,1
16408,UK,16.0,65.02,18,6,4,10,1,53.2,24,1040.32,0
13336,Australia,23.0,62.97,18,3,9,10,0,4.4,28,1448.31,0
10107,UK,1.0,58.29,15,2,6,15,0,50.9,3,58.29,0
16749,Netherlands,35.0,144.64,10,5,10,9,0,,9,5062.4,1
12090,UK,43.0,18.04,3,0,6,9,0,2.0,18,775.7199999999999,0
17565,UK,39.0,130.85,12,2,5,16,1,23.5,26,5103.15,1
15250,UK,22.0,49.41,10,3,7,20,1,53.4,27,1087.02,0
14667,UK,3.0,143.5,14,4,9,8,0,,6,430.5,0
11637,UK,25.0,47.63,1,4,6,16,0,40.9,7,1190.75,0
17115,Australia,47.0,12.89,2,2,11,15,1,34.4,6,605.83,0
11659,UK,5.0,78.25,12,6,7,8,0,35.8,11,391.25,0
14177,France,11.0,34.57,17,4,4,9,0,29.4,18,380.27,0
18363,UK,42.0,113.07,18,3,1,13,1,29.5,12,4748.94,1
19203,Netherlands,28.0,98.77,11,6,5,17,1,54.3,22,2765.56,1
19891,Netherlands,9.0,103.13,7,0,1,10,0,25.4,12,928.17,0
19580,UK,2.0,29.43,9,4,1,13,1,12.3,18,58.86,0
15559,France,21.0,106.44,10,6,5,14,1,,17,2235.24,1
12004,Sweden,30.0,47.04,12,4,4,17,1,44.2,8,1411.2,0
18390,Australia,42.0,149.8,5,3,11,11,0,29.0,2,6291.6,1
18016,UK,44.0,109.9,8,2,9,16,1,44.2,7,4835.6,1
19903,UK,23.0,88.77,11,1,10,18,0,15.1,23,2041.7099999999998,1
16509,Netherlands,21.0,130.13,17,3,7,15,0,35.4,22,2732.73,1
11415,UK,46.0,88.6,16,6,2,17,0,52.0,4,4075.6,1
15029,Australia,39.0,83.14,15,3,11,10,1,32.2,12,3242.46,1
14482,UK,,35.98,5,0,6,19,1,38.6,24,899.4999999999999,0
18429,Australia,34.0,101.88,8,3,6,11,0,,24,3463.92,1
13925,UK,36.0,56.51,11,0,8,10,0,44.6,1,2034.36,1
13285,UK,12.0,6.94,19,6,2,15,0,21.7,23,83.28,0
10800,Norway,48.0,122.5,7,3,6,13,1,38.0,23,5880.0,1
18354,Japan,15.0,8.26,18,1,8,13,1,25.6,4,123.89999999999999,0
17553,Japan,27.0,101.01,15,4,9,18,0,24.1,11,2727.27,1
10412,Norway,25.0,23.93,13,3,7,14,0,,2,598.25,0
14337,UK,34.0,65.17,14,3,12,12,1,25.1,20,2215.78,1
14797,UK,45.0,128.93,16,4,12,18,0,2.5,25,5801.85,1
14693,UK,20.0,14.62,14,6,2,12,0,44.8,6,292.4,0
19189,UK,19.0,100.24,13,5,1,20,0,35.5,11,1904.56,1
11506,UK,37.0,92.09,8,1,7,20,0,9.1,16,3407.33,1
13063,Sweden,47.0,130.2,9,1,10,14,1,16.4,3,6119.4,1
11809,UK,45.0,26.32,12,6,7,18,1,37.1,9,1184.4,0
12440,UK,37.0,120.07,17,4,3,17,0,31.6,7,4442.59,1
19071,UK,35.0,67.79,13,0,7,19,0,43.7,1,2372.65,1
19407,UK,38.0,64.58,19,3,12,13,1,29.9,20,2454.04,1
10446,UK,46.0,54.59,13,0,3,13,0,,22,2511.1400000000003,1
16320,France,1.0,58.14,8,0,6,11,0,5.6,3,58.14,0
12328,UK,29.0,78.23,11,1,8,15,1,37.2,4,2268.67,1
11925,Germany,2.0,16.47,12,1,5,16,0,22.9,3,32.94,0
12920,Japan,29.0,64.05,17,0,1,13,1,19.1,28,1857.4499999999998,1
11943,Germany,20.0,97.97,5,5,9,12,0,56.7,17,1959.4,1
14901,France,,74.98,5,3,9,13,1,52.0,16,1874.5,1
19956,UK,44.0,,4,3,8,14,1,11.8,3,3354.34,1
15864,UK,35.0,54.78,2,6,8,9,0,4.4,1,1917.3,1
17232,UK,,66.72,13,5,8,16,1,52.2,27,1668.0,1
14932,Norway,44.0,100.5,19,5,4,18,0,11.0,28,4422.0,1
10139,Germany,,135.16,12,1,1,12,1,55.8,16,3379.0,1
10841,UK,32.0,,2,5,12,13,0,17.4,4,2439.52,1
12688,UK,8.0,101.62,7,6,3,9,1,25.3,1,812.96,0
12436,Australia,12.0,12.04,18,0,10,15,0,3.7,25,144.48,0
18405,France,10.0,143.19,1,6,7,13,0,32.7,16,1431.9,0
18435,Germany,27.0,47.62,12,6,7,19,0,12.1,10,1285.74,0
18541,Japan,31.0,53.47,9,5,1,19,0,26.4,1,1657.57,1
16375,France,38.0,33.81,18,2,12,18,0,55.2,17,1284.7800000000002,0
15561,Germany,22.0,13.16,10,1,7,10,0,15.9,26,289.52,0
16491,UK,47.0,118.61,11,5,10,10,0,38.5,25,5574.67,1
14068,UK,19.0,36.45,14,4,10,14,0,12.9,22,692.5500000000001,0
16702,Norway,8.0,42.76,16,5,2,16,1,,2,342.08,0
17944,Germany,2.0,27.68,10,1,12,8,0,18.1,22,55.36,0
17629,UK,7.0,146.25,14,1,8,14,0,41.2,20,1023.75,0
16138,Germany,22.0,117.26,16,6,3,9,0,46.5,25,2579.7200000000003,1
10581,UK,21.0,139.52,10,3,7,11,0,53.0,5,2929.92,1
17249,Australia,42.0,129.33,14,5,8,12,1,55.2,26,5431.860000000001,1
13666,UK,7.0,135.99,7,6,8,8,0,15.2,21,951.9300000000001,0
17436,Australia,,72.12,7,3,4,11,0,8.6,23,1803.0,1
15395,UK,49.0,26.0,1,1,12,16,0,,5,1274.0,0
18811,UK,2.0,49.37,13,6,3,20,1,43.5,25,98.74,0
13384,UK,21.0,,5,5,6,18,1,12.0,1,1600.935,1
19313,Australia,10.0,107.71,16,4,11,11,0,48.2,7,1077.1,0
18444,UK,27.0,,19,6,1,20,0,57.9,5,2058.345,1
13311,UK,48.0,21.74,17,1,5,13,0,9.7,7,1043.52,0
14825,Netherlands,12.0,102.59,6,2,6,12,0,17.7,19,1231.08,0
15313,UK,19.0,18.95,13,0,10,19,0,31.9,27,360.05,0
17686,UK,23.0,7.72,15,2,10,13,1,26.4,29,177.56,0
16891,UK,40.0,16.83,10,3,10,17,0,26.1,4,673.1999999999999,0
18520,Japan,49.0,103.76,10,3,5,10,0,,29,5084.240000000001,1
13698,UK,5.0,21.33,9,1,6,12,0,53.5,4,106.64999999999999,0
15047,UK,24.0,22.37,6,5,1,20,0,41.2,22,536.88,0
14308,UK,,34.93,11,3,10,11,1,10.1,6,873.25,0
19095,UK,1.0,112.76,19,3,4,19,1,1.3,24,112.76,0
13049,UK,40.0,30.45,5,6,6,14,1,46.0,11,1218.0,0
15871,UK,12.0,5.79,1,3,9,20,1,1.9,26,69.48,0
11201,UK,26.0,135.93,2,6,10,13,0,52.9,16,3534.1800000000003,1
18502,UK,48.0,131.51,12,1,2,14,1,32.2,16,6312.48,1
13842,Japan,32.0,28.13,6,5,10,13,1,55.9,13,900.16,0
13405,UK,49.0,40.17,9,6,5,10,1,46.5,7,1968.3300000000002,1
15829,UK,30.0,28.69,19,5,6,18,1,53.8,15,860.7,0
14988,Sweden,11.0,108.07,2,6,2,15,1,44.9,20,1188.77,0
18479,Japan,34.0,37.88,4,5,9,14,0,35.0,5,1287.92,0
15314,France,,139.75,5,4,6,12,0,11.2,5,3493.75,1
15169,UK,16.0,124.23,9,5,2,18,0,43.9,13,1987.68,1
11049,UK,4.0,88.47,14,6,2,12,0,35.9,25,353.88,0
10219,UK,,1.84,4,4,9,11,1,27.8,11,46.0,0
13985,UK,29.0,132.61,3,4,2,9,0,34.0,12,3845.6900000000005,1
19982,UK,38.0,109.3,2,0,7,19,1,14.7,28,4153.4,1
19173,Germany,7.0,118.29,16,6,9,8,1,24.9,8,828.0300000000001,0
16289,UK,27.0,11.24,1,5,11,18,1,8.3,11,303.48,0
16308,Germany,41.0,106.43,12,1,2,12,1,25.2,25,4363.63,1
13915,UK,44.0,120.79,11,2,4,8,1,28.5,16,5314.76,1
11775,UK,47.0,143.52,2,1,2,20,0,51.6,4,6745.4400000000005,1
10085,Netherlands,11.0,87.28,11,2,11,17,1,,7,960.08,0
13388,Japan,9.0,,6,6,8,17,1,54.6,29,686.115,0
13164,UK,29.0,,10,3,12,15,0,58.1,24,2210.815,1
11916,Germany,23.0,105.34,3,2,1,17,1,3.9,28,2422.82,1
12591,UK,12.0,138.16,13,5,9,9,0,36.2,14,1657.92,1
10248,UK,6.0,,16,2,1,11,0,18.7,18,457.40999999999997,0
16079,France,8.0,34.48,1,6,2,15,0,51.2,4,275.84,0
19274,UK,17.0,3.13,11,5,6,17,1,30.2,21,53.21,0
16907,UK,,93.06,13,1,5,15,0,5.6,17,2326.5,1
14482,UK,4.0,129.76,1,4,5,13,1,13.7,2,519.04,0
14202,UK,6.0,10.36,14,3,1,16,1,40.8,25,62.16,0
13075,UK,13.0,59.94,11,2,7,8,0,5.7,13,779.22,0
11424,UK,43.0,141.04,6,6,5,14,1,,29,6064.719999999999,1
15984,Norway,49.0,75.5,10,2,12,13,0,52.4,26,3699.5,1
15665,Germany,22.0,33.49,13,0,10,14,1,2.7,13,736.7800000000001,0
10073,UK,3.0,53.37,13,2,6,9,0,42.1,1,160.10999999999999,0
14155,UK,1.0,61.52,15,3,10,19,1,40.9,5,61.52,0
12780,Germany,43.0,18.03,1,0,7,19,0,19.9,9,775.2900000000001,0
11702,UK,,99.29,15,5,6,20,1,7.7,9,2482.25,1
17030,UK,4.0,,1,1,12,18,1,7.0,11,304.94,0
15258,Netherlands,41.0,97.33,13,0,8,16,1,58.2,28,3990.5299999999997,1
16337,UK,26.0,91.81,7,3,6,11,1,40.9,20,2387.06,1
17134,UK,18.0,2.99,2,1,7,9,1,23.2,6,53.82000000000001,0
19818,UK,23.0,26.58,14,5,10,15,1,50.2,21,611.3399999999999,0
18027,UK,12.0,25.25,11,0,9,20,1,,2,303.0,0
16203,UK,46.0,15.14,13,2,7,12,1,8.5,2,696.44,0
18790,Japan,39.0,110.45,8,0,3,20,0,12.7,19,4307.55,1
14775,UK,10.0,18.46,6,2,8,10,1,46.1,7,184.60000000000002,0
19847,Germany,37.0,100.4,12,6,6,11,1,25.1,13,3714.8,1
17614,France,9.0,27.17,5,4,12,16,0,38.9,24,244.53000000000003,0
16508,UK,23.0,18.19,16,3,11,14,1,14.7,12,418.37,0
19033,UK,37.0,,13,1,1,17,1,46.9,6,2820.695,1
15150,UK,2.0,76.51,19,2,12,12,1,48.3,29,153.02,0
17206,France,36.0,97.0,1,2,11,18,1,25.4,9,3492.0,1
12847,UK,12.0,121.88,12,4,11,11,0,13.3,20,1462.56,0
19632,France,35.0,19.72,11,1,6,9,0,38.2,5,690.1999999999999,0
16233,Japan,25.0,92.62,17,6,4,15,0,16.1,5,2315.5,1
17820,Netherlands,2.0,116.19,9,4,8,14,0,9.7,22,232.38,0
14607,Norway,38.0,47.2,18,2,11,15,0,37.3,27,1793.6000000000001,1
18668,Netherlands,,12.42,5,0,6,8,1,31.3,1,310.5,0
10741,Japan,47.0,23.81,17,4,12,13,1,47.2,29,1119.07,0
11141,Australia,42.0,14.19,10,3,4,9,1,18.2,9,595.98,0
15071,France,10.0,133.14,18,4,11,18,1,14.3,29,1331.3999999999999,0
17324,Australia,30.0,56.82,5,4,1,9,1,38.8,16,1704.6,1
18092,Sweden,18.0,78.74,5,4,11,20,0,42.4,23,1417.32,0
14400,UK,30.0,115.42,11,5,12,8,0,25.4,1,3462.6,1
16496,Germany,28.0,56.04,11,3,9,15,1,27.1,5,1569.12,1
15531,UK,15.0,,3,5,8,12,1,8.3,28,1143.525,0
19615,Japan,32.0,11.96,13,2,5,9,1,,5,382.72,0
16541,UK,13.0,72.4,8,6,11,12,0,57.7,26,941.2,0
14168,Australia,45.0,14.93,3,2,2,8,0,7.7,4,671.85,0
19698,Netherlands,47.0,37.62,10,4,4,17,1,34.5,19,1768.1399999999999,1
11072,Norway,9.0,44.35,14,6,2,19,0,2.1,11,399.15000000000003,0
19845,UK,,107.78,1,2,4,12,1,20.2,13,2694.5,1
11540,France,46.0,101.28,18,0,7,13,0,45.9,21,4658.88,1
12882,Netherlands,7.0,112.19,12,1,5,9,1,34.5,5,785.3299999999999,0
18214,Sweden,37.0,9.73,5,1,6,14,0,5.8,10,360.01,0
17337,Sweden,46.0,149.09,15,0,3,20,1,27.7,17,6858.14,1
19703,Germany,12.0,,17,3,5,14,1,5.7,11,914.8199999999999,0
17499,Germany,29.0,123.95,19,1,6,19,0,23.0,7,3594.55,1
16370,UK,,111.17,16,0,3,18,0,46.4,2,2779.25,1
13464,Norway,17.0,88.97,4,0,12,9,1,16.2,19,1512.49,1
10047,UK,12.0,66.11,4,1,11,8,1,27.7,2,793.3199999999999,0
11238,France,20.0,113.69,4,2,11,12,1,,5,2273.8,1
12977,Netherlands,17.0,111.11,17,6,1,20,1,51.3,7,1888.87,1
10409,UK,,21.01,6,4,6,10,0,8.2,21,525.25,0
15081,UK,19.0,119.0,7,5,10,8,0,33.5,4,2261.0,1
17773,UK,19.0,12.24,17,4,5,20,0,2.8,10,232.56,0
19632,Japan,47.0,75.33,4,5,3,10,0,,3,3540.5099999999998,1
14896,UK,29.0,96.94,8,2,8,12,1,14.0,15,2811.2599999999998,1
18750,UK,46.0,123.34,6,0,1,18,0,43.5,6,5673.64,1
19855,France,35.0,69.73,6,3,8,9,0,3.4,5,2440.55,1
18598,UK,44.0,35.91,12,0,6,10,0,56.8,10,1580.04,1
14649,Japan,10.0,,15,1,9,17,0,26.2,8,762.35,0
13252,UK,46.0,37.91,6,5,9,8,0,50.5,2,1743.86,1
19779,UK,47.0,79.54,1,3,7,17,1,14.1,14,3738.38,1
12419,UK,2.0,69.64,13,4,8,15,0,,15,139.28,0
14115,UK,18.0,117.19,11,3,1,11,0,43.9,14,2109.42,1
10740,UK,,36.39,13,3,12,15,0,23.4,13,909.75,0
17936,Netherlands,21.0,30.4,9,2,1,12,0,30.9,29,638.4,0
16498,UK,39.0,71.39,15,1,12,20,0,48.7,8,2784.21,1
10848,UK,,8.05,12,1,12,13,1,39.4,10,201.25000000000003,0
12219,UK,11.0,34.79,15,5,9,17,0,50.3,15,382.69,0
15554,UK,30.0,,14,6,9,11,0,6.1,3,2287.05,1
15404,Sweden,48.0,73.4,10,0,1,18,1,36.9,29,3523.2000000000003,1
18020,UK,22.0,40.78,7,3,12,11,1,36.5,16,897.1600000000001,0
12660,Norway,46.0,84.32,12,3,7,14,1,36.8,21,3878.72,1
19247,UK,32.0,131.82,13,3,5,18,0,35.7,10,4218.24,1
14444,UK,46.0,81.79,11,1,9,20,1,43.7,21,3762.34,1
18225,UK,45.0,43.38,10,0,7,17,1,50.8,26,1952.1000000000001,1
12383,UK,1.0,9.77,7,1,5,16,1,14.5,17,9.77,0
10369,Netherlands,40.0,20.93,3,1,4,17,0,7.2,7,837.2,0
10550,UK,10.0,84.4,9,0,2,13,0,5.4,20,844.0,0
13727,UK,41.0,102.71,17,2,11,16,1,10.3,25,4211.11,1
19531,France,40.0,7.93,14,4,8,15,0,39.7,21,317.2,0
10486,Germany,,28.24,15,6,4,14,1,25.6,20,706.0,0
13689,Sweden,4.0,48.2,15,4,9,12,0,21.6,14,192.8,0
11092,Norway,21.0,48.31,18,1,9,12,1,54.7,6,1014.51,0
19315,France,15.0,143.78,5,2,2,9,0,54.1,21,2156.7,1
16753,Australia,28.0,30.96,14,2,3,17,1,32.8,12,866.88,0
17626,Netherlands,5.0,9.85,2,1,3,8,0,28.1,7,49.25,0
17132,UK,3.0,53.28,5,6,2,9,0,17.0,15,159.84,0
16570,France,22.0,20.6,1,4,10,11,0,28.1,1,453.20000000000005,0
17737,UK,38.0,19.42,9,3,2,9,0,25.2,16,737.96,0
10081,Netherlands,16.0,61.41,3,3,10,17,1,1.4,16,982.56,0
18654,Norway,16.0,46.31,8,2,7,9,1,45.8,12,740.96,0
17398,UK,9.0,14.21,3,2,2,13,1,26.9,21,127.89000000000001,0
17394,Australia,14.0,90.84,1,4,11,17,1,,17,1271.76,0
13934,Sweden,15.0,75.5,10,6,3,15,1,40.3,11,1132.5,0
18008,UK,13.0,12.03,8,3,12,15,1,,21,156.39,0
13818,UK,17.0,129.48,8,1,1,12,0,19.5,4,2201.16,1
10489,Sweden,14.0,43.06,7,6,8,13,0,14.6,15,602.84,0
19078,Norway,34.0,144.23,8,2,4,17,0,4.5,5,4903.82,1
12345,UK,17.0,139.77,1,0,7,14,1,30.7,18,2376.09,1
11019,UK,37.0,65.4,10,3,11,17,0,23.2,1,2419.8,1
16218,France,30.0,34.67,17,5,10,18,0,3.4,25,1040.1000000000001,0
12336,UK,32.0,125.31,3,1,4,11,1,48.9,1,4009.92,1
18581,UK,29.0,54.51,3,1,1,9,1,48.7,15,1580.79,1
14437,UK,46.0,24.95,15,2,4,14,0,29.9,20,1147.7,0
10045,UK,13.0,82.97,10,5,10,12,1,50.5,13,1078.61,0
19517,Germany,49.0,73.67,5,6,7,9,1,29.4,7,3609.83,1
15146,France,11.0,127.58,15,5,10,17,0,11.0,8,1403.3799999999999,0
12629,Germany,7.0,109.53,7,1,6,16,0,31.5,25,766.71,0
16772,Netherlands,41.0,131.48,12,5,7,16,1,,4,5390.679999999999,1
15306,UK,44.0,,11,2,1,17,1,27.7,21,3354.34,1
10296,UK,5.0,96.51,4,6,1,13,0,58.3,9,482.55,0
17596,UK,,75.28,15,6,9,14,1,22.0,1,1882.0,1
14013,UK,26.0,148.14,12,5,3,10,1,13.7,12,3851.6399999999994,1
16998,UK,11.0,143.9,4,6,5,17,1,8.6,3,1582.9,1
18956,UK,26.0,127.4,15,0,5,20,1,53.2,23,3312.4,1
16106,UK,34.0,116.41,12,4,8,19,0,1.9,23,3957.94,1
16716,UK,29.0,86.85,17,0,12,13,0,54.5,7,2518.6499999999996,1
12546,France,26.0,39.33,16,4,10,8,1,4.6,23,1022.5799999999999,0
12376,Germany,44.0,131.38,7,2,8,19,0,45.4,21,5780.719999999999,1
14150,Sweden,12.0,2.12,18,6,11,15,1,18.3,20,25.44,0
18527,Netherlands,31.0,,1,3,7,18,1,15.7,3,2363.285,1
15241,Germany,16.0,60.86,7,5,2,11,0,11.6,4,973.76,0
13480,UK,48.0,88.13,12,2,6,19,1,8.9,5,4230.24,1
17796,Germany,13.0,84.35,11,0,12,18,1,4.9,24,1096.55,0
18533,UK,43.0,26.78,5,5,10,8,0,10.1,10,1151.54,0
19025,UK,31.0,16.17,4,1,5,15,1,35.7,16,501.27000000000004,0
12989,UK,11.0,33.74,15,5,4,14,0,34.6,14,371.14000000000004,0
17096,UK,,52.63,17,3,12,16,1,17.6,29,1315.75,0
15903,UK,12.0,2.6,13,6,2,11,0,41.1,6,31.200000000000003,0
14489,France,13.0,,11,2,12,9,0,46.4,23,991.055,0
13969,Australia,17.0,37.54,15,2,9,11,1,58.8,4,638.18,0
11145,Netherlands,34.0,53.03,5,5,10,14,1,26.9,29,1803.02,1
12748,Germany,20.0,50.57,19,5,4,11,0,23.1,17,1011.4,0
15496,UK,28.0,77.02,3,0,8,14,1,58.4,8,2156.56,1
18865,UK,28.0,129.04,12,5,4,13,1,56.6,12,3613.12,1
18663,France,10.0,22.83,7,3,1,17,0,55.7,22,228.29999999999998,0
11875,UK,12.0,51.44,18,6,6,13,1,36.9,13,617.28,0
16793,UK,16.0,103.96,5,4,12,9,1,37.4,2,1663.36,1
10848,UK,11.0,7.11,13,5,3,16,1,55.8,9,78.21000000000001,0
16750,Sweden,46.0,124.58,3,2,2,10,0,29.3,27,5730.68,1
13419,Germany,19.0,144.29,4,1,12,11,1,13.6,11,2741.5099999999998,1
14498,UK,20.0,91.34,8,5,11,17,0,,15,1826.8000000000002,1
17176,Germany,33.0,143.5,16,0,11,11,0,50.7,6,4735.5,1
14248,UK,39.0,62.25,6,4,12,8,0,4.3,1,2427.75,1
18074,UK,34.0,62.55,14,6,12,12,1,7.6,8,2126.7,1
15335,UK,28.0,16.38,11,6,12,13,0,53.0,26,458.64,0
19987,UK,48.0,5.8,19,5,12,16,1,18.8,16,278.4,0
16382,France,,37.05,6,3,9,17,0,42.1,11,926.2499999999999,0
12963,UK,10.0,71.98,5,5,4,8,1,8.0,16,719.8000000000001,0
17752,Netherlands,8.0,76.4,18,0,6,17,0,11.1,24,611.2,0
14079,UK,20.0,33.03,7,5,5,17,1,45.1,27,660.6,0
15341,France,41.0,92.11,5,1,7,10,0,58.8,10,3776.5099999999998,1
11368,Germany,48.0,27.59,16,5,9,12,0,30.6,25,1324.32,0
11193,France,35.0,49.27,16,2,3,17,0,3.5,24,1724.45,1
15748,Germany,34.0,29.76,2,5,1,15,1,14.8,1,1011.84,0
11866,Norway,12.0,104.65,17,4,8,12,0,13.5,26,1255.8000000000002,0
19975,UK,30.0,77.73,13,6,12,17,0,,7,2331.9,1
18556,France,10.0,110.55,6,5,11,16,1,25.7,23,1105.5,0
17008,France,27.0,9.06,11,6,1,14,1,56.9,26,244.62,0
17346,UK,10.0,64.09,5,1,8,8,0,51.7,17,640.9000000000001,0
15952,UK,4.0,145.06,4,2,7,16,0,27.6,10,580.24,0
10602,UK,48.0,8.52,3,3,6,10,1,,25,408.96,0
13923,UK,44.0,63.05,4,0,9,19,0,58.4,14,2774.2,1
14958,UK,34.0,6.54,12,0,6,10,0,1.6,23,222.36,0
19152,UK,31.0,22.42,16,0,11,8,1,51.5,20,695.0200000000001,0
12194,Germany,12.0,69.65,10,5,11,12,0,25.4,10,835.8000000000001,0
14969,UK,29.0,24.05,1,3,8,12,1,18.8,16,697.45,0
13440,Australia,37.0,78.05,9,5,6,12,0,25.1,6,2887.85,1
11343,UK,,138.45,15,5,8,20,1,22.1,1,3461.2499999999995,1
11030,France,14.0,30.46,16,0,11,11,1,41.7,20,426.44,0
13653,UK,20.0,16.52,14,5,4,18,0,34.8,6,330.4,0
10824,UK,42.0,123.88,8,1,11,10,1,16.2,16,5202.96,1
10671,UK,13.0,69.31,13,2,8,16,0,,3,901.03,0
13508,France,48.0,132.45,2,6,1,9,0,24.9,19,6357.599999999999,1
12019,UK,38.0,46.27,8,2,9,10,0,55.3,5,1758.2600000000002,1
15548,Sweden,44.0,94.32,11,6,3,9,0,53.7,8,4150.08,1
10176,UK,25.0,138.54,1,3,7,12,1,37.4,5,3463.5,1
13018,Germany,,26.17,1,0,12,13,1,58.0,27,654.25,0
14532,UK,2.0,120.21,16,5,10,19,0,23.1,19,240.42,0
19631,Germany,27.0,94.91,5,0,9,17,0,,20,2562.5699999999997,1
16345,UK,20.0,122.04,3,4,1,17,0,3.8,12,2440.8,1
18807,UK,6.0,26.02,12,3,11,14,1,50.2,25,156.12,0
13432,UK,46.0,65.4,6,0,5,11,0,23.6,2,3008.4,1
14497,UK,48.0,19.76,19,3,1,11,0,51.8,12,948.48,0
14203,UK,19.0,144.03,18,2,12,9,1,28.1,3,2736.57,1
18873,Norway,33.0,9.87,16,0,3,16,1,1.7,21,325.71,0
19592,UK,21.0,10.29,6,3,4,18,1,32.2,28,216.08999999999997,0
19623,UK,25.0,134.77,17,0,2,15,0,36.1,23,3369.2500000000005,1
17519,Norway,31.0,45.46,5,3,8,15,0,27.6,5,1409.26,0
15031,UK,21.0,89.75,5,1,11,12,1,50.4,23,1884.75,1
15408,UK,40.0,43.48,19,5,7,20,1,39.0,8,1739.1999999999998,1
19805,France,10.0,,13,6,11,19,1,22.5,11,762.35,0
12845,Sweden,33.0,29.27,2,6,12,13,0,,17,965.91,0
13467,France,49.0,69.1,17,6,11,17,1,19.9,14,3385.8999999999996,1
18969,UK,42.0,80.26,4,0,2,12,0,50.5,6,3370.92,1
13863,Norway,3.0,50.38,13,3,3,9,0,17.5,16,151.14000000000001,0
12350,UK,6.0,38.13,9,1,4,11,0,40.3,6,228.78000000000003,0
15604,Norway,31.0,21.46,1,0,8,18,0,25.5,21,665.26,0
13253,Australia,46.0,106.07,15,2,11,14,1,7.0,3,4879.219999999999,1
18908,Sweden,42.0,25.66,14,3,4,19,0,38.2,24,1077.72,0
19090,UK,45.0,44.17,17,2,8,12,0,23.6,29,1987.65,1
13060,UK,8.0,50.87,12,0,3,13,0,38.4,22,406.96,0
15295,France,26.0,68.43,15,2,7,8,0,32.9,18,1779.1800000000003,1
19839,UK,36.0,105.53,18,1,10,18,0,3.5,13,3799.08,1
17423,UK,31.0,64.48,19,0,5,12,1,13.1,16,1998.88,1
12156,Sweden,39.0,130.73,11,3,2,9,0,42.3,15,5098.469999999999,1
15907,Germany,11.0,102.13,1,0,5,10,1,28.6,26,1123.4299999999998,0
16198,UK,23.0,125.85,7,6,10,16,1,28.5,4,2894.5499999999997,1
16534,UK,22.0,107.59,12,5,12,18,1,1.1,18,2366.98,1
10250,UK,47.0,22.72,3,6,8,20,1,18.9,16,1067.84,0
12993,UK,10.0,146.7,3,0,9,11,1,40.5,8,1467.0,0
18546,UK,16.0,,8,3,6,15,1,53.3,12,1219.76,0
12413,Australia,2.0,86.12,18,5,12,13,1,34.9,14,172.24,0
12996,France,8.0,25.2,7,4,11,17,1,32.9,2,201.6,0
13224,UK,49.0,26.32,18,2,12,16,0,28.7,14,1289.68,0
11773,UK,42.0,92.34,16,5,11,8,1,41.0,5,3878.28,1
11554,France,13.0,,6,2,7,9,1,48.1,12,991.055,0
13470,Australia,35.0,101.54,5,6,12,15,0,14.0,9,3553.9,1
18743,Japan,30.0,56.18,16,0,8,14,0,43.1,22,1685.4,1
10015,UK,45.0,77.17,15,4,8,19,1,15.4,28,3472.65,1
12832,Australia,15.0,28.6,12,0,8,19,0,2.9,4,429.0,0
10606,UK,49.0,23.7,19,6,3,8,1,5.4,8,1161.3,0
15614,UK,19.0,,2,2,11,15,1,3.7,5,1448.465,0
12506,Japan,36.0,123.04,8,0,5,13,0,17.5,15,4429.4400000000005,1
17919,UK,20.0,83.53,12,5,8,14,0,8.5,11,1670.6,1
15850,UK,33.0,142.1,2,6,11,8,0,6.0,14,4689.3,1
17838,UK,17.0,112.55,19,6,2,18,0,9.7,3,1913.35,1
16349,UK,42.0,115.43,11,3,4,10,0,3.3,26,4848.06,1
14383,UK,32.0,76.6,6,0,12,20,0,21.3,29,2451.2,1
18609,France,15.0,122.41,5,1,5,20,1,49.5,27,1836.1499999999999,1
14762,UK,48.0,141.34,1,0,8,18,1,33.7,15,6784.32,1
19499,UK,35.0,108.4,12,0,7,9,0,4.8,20,3794.0,1
19947,Japan,22.0,16.29,19,1,11,13,1,23.1,2,358.38,0
15890,UK,7.0,97.83,1,3,7,8,0,26.4,18,684.81,0
16745,Sweden,48.0,18.5,8,5,6,15,0,11.2,18,888.0,0
12556,UK,37.0,,13,4,1,19,1,23.0,22,2820.695,1
18146,Germany,33.0,104.09,9,1,6,14,0,20.9,23,3434.9700000000003,1
16715,UK,,125.3,13,4,8,8,1,30.1,1,3132.5,1
19025,Australia,30.0,24.25,14,1,9,11,1,42.1,12,727.5,0
12670,UK,12.0,11.59,19,3,10,10,1,29.3,15,139.07999999999998,0
17875,Sweden,12.0,133.04,12,6,10,13,1,5.4,14,1596.48,1
14702,UK,4.0,20.27,14,0,6,12,1,4.3,16,81.08,0
11851,Germany,4.0,5.75,6,6,1,18,0,53.4,21,23.0,0
11711,UK,36.0,108.3,3,1,4,10,0,42.0,18,3898.7999999999997,1
15621,UK,42.0,127.23,2,4,5,11,0,39.8,7,5343.66,1
13194,UK,9.0,77.41,3,1,12,11,0,54.9,20,696.6899999999999,0
11018,UK,29.0,81.22,16,1,10,19,1,32.9,18,2355.38,1
14271,UK,7.0,50.86,1,3,11,11,1,5.3,6,356.02,0
16529,Germany,21.0,36.15,10,2,12,20,0,,19,759.15,0
13189,UK,39.0,113.41,12,3,2,16,1,10.6,16,4422.99,1
19553,UK,40.0,127.47,13,1,1,11,1,40.3,24,5098.8,1
17795,UK,47.0,48.53,2,6,7,15,0,24.6,12,2280.91,1
15127,UK,16.0,41.44,17,4,4,9,0,2.7,26,663.04,0
19346,UK,47.0,40.53,9,5,11,19,0,4.3,16,1904.91,1
14329,Germany,39.0,8.06,1,5,6,20,1,24.2,28,314.34000000000003,0
11396,UK,17.0,42.52,3,5,1,11,1,36.1,3,722.84,0
10358,Japan,17.0,4.33,17,0,3,10,1,11.1,4,73.61,0
19380,UK,6.0,118.37,18,4,5,13,0,7.3,7,710.22,0
19597,UK,,38.76,15,6,1,18,1,23.2,24,969.0,0
17392,Japan,10.0,,7,0,4,16,1,48.4,15,762.35,0
11030,UK,14.0,81.71,18,3,7,8,1,47.3,20,1143.9399999999998,0
12936,UK,21.0,125.7,6,1,11,8,0,41.4,1,2639.7000000000003,1
10410,Norway,,144.08,5,5,8,11,0,26.1,11,3602.0000000000005,1
10512,Sweden,,55.41,15,6,2,17,0,27.1,11,1385.25,0
12460,France,35.0,13.71,7,0,5,11,0,14.3,27,479.85,0
15721,UK,8.0,112.57,10,5,10,19,1,9.1,4,900.56,0
10655,Germany,8.0,3.68,13,2,5,11,1,1.9,25,29.44,0
19846,Norway,2.0,33.83,4,6,7,19,1,51.7,11,67.66,0
14551,Sweden,47.0,8.46,18,0,12,19,1,30.3,23,397.62000000000006,0
12638,UK,,134.77,4,1,2,17,0,1.2,9,3369.2500000000005,1
15160,UK,33.0,1.29,19,5,6,10,1,32.2,2,42.57,0
17901,UK,8.0,74.16,6,5,8,8,1,16.2,20,593.28,0
13125,UK,12.0,63.89,8,0,10,10,0,26.2,6,766.6800000000001,0
10475,France,27.0,98.09,5,1,11,16,0,40.7,5,2648.4300000000003,1
10509,UK,11.0,43.82,11,2,4,16,1,48.8,27,482.02,0
18519,UK,31.0,131.12,1,0,6,20,0,42.3,7,4064.7200000000003,1
11116,UK,46.0,110.28,4,5,10,20,0,53.9,29,5072.88,1
16355,UK,15.0,65.13,10,4,11,12,0,14.9,11,976.9499999999999,0
13845,UK,,54.02,14,5,10,13,0,40.0,9,1350.5,0
17775,UK,45.0,122.48,19,3,9,18,0,53.5,14,5511.6,1
10605,UK,44.0,113.68,16,4,4,18,0,19.2,9,5001.92,1
18977,Norway,1.0,60.15,18,4,5,12,0,48.2,27,60.15,0
16981,UK,6.0,51.54,16,4,8,8,1,56.5,18,309.24,0
14492,UK,49.0,6.31,15,3,4,9,0,39.0,22,309.19,0
12070,UK,46.0,12.72,7,4,9,18,1,10.7,3,585.12,0
19771,UK,16.0,8.56,18,4,7,12,1,16.4,7,136.96,0
13020,UK,26.0,4.15,19,4,6,17,0,41.1,18,107.9,0
14905,UK,29.0,23.35,10,6,5,18,0,,15,677.1500000000001,0
13941,UK,,128.64,3,2,10,19,1,2.4,29,3215.9999999999995,1
12305,UK,37.0,119.82,1,6,6,14,1,20.3,21,4433.34,1
14166,France,19.0,126.91,10,0,4,16,0,14.8,9,2411.29,1
11514,UK,44.0,93.76,13,3,5,10,1,25.9,14,4125.4400000000005,1
10016,UK,3.0,93.8,11,3,6,20,0,46.3,22,281.4,0
12899,Germany,2.0,19.03,18,6,8,19,1,30.7,12,38.06,0
11120,UK,47.0,105.0,11,0,12,13,0,,16,4935.0,1
14147,UK,9.0,42.36,13,1,5,12,0,,24,381.24,0
18627,UK,49.0,,15,3,3,17,0,,9,3735.515,1
11625,UK,15.0,143.23,18,5,12,13,1,41.6,3,2148.45,1
10012,UK,18.0,,12,3,2,17,0,7.3,12,1372.23,0
11110,Norway,2.0,35.36,11,4,11,9,1,2.3,7,70.72,0
15081,Norway,47.0,110.63,2,1,2,11,0,49.8,16,5199.61,1
12748,Norway,18.0,16.06,13,6,5,18,0,29.3,25,289.08,0
14895,UK,9.0,4.5,4,5,12,19,1,18.6,23,40.5,0
10292,UK,24.0,4.71,8,0,2,8,1,27.8,22,113.03999999999999,0
13330,UK,8.0,25.95,11,4,2,18,1,39.4,16,207.6,0
14101,UK,39.0,104.39,2,0,8,8,0,8.2,26,4071.21,1
14313,UK,4.0,54.81,14,3,3,19,1,31.9,27,219.24,0
15511,UK,25.0,2.88,6,4,1,11,1,7.5,22,72.0,0
17805,UK,20.0,148.21,10,6,9,12,0,51.7,4,2964.2000000000003,1
14672,UK,,80.24,7,0,12,17,0,34.2,9,2005.9999999999998,1
18412,UK,3.0,59.39,7,2,10,18,1,48.8,28,178.17000000000002,0
15297,France,26.0,78.07,8,4,12,13,1,43.5,3,2029.8199999999997,1
12603,UK,20.0,78.24,1,1,7,12,0,49.1,16,1564.8,1
12290,Japan,7.0,70.8,4,4,8,20,0,21.2,19,495.59999999999997,0
13224,UK,7.0,92.14,15,1,12,20,0,9.2,12,644.98,0
15974,UK,40.0,132.9,3,1,7,14,1,53.6,21,5316.0,1
12424,UK,36.0,45.61,10,3,1,8,1,53.2,3,1641.96,1
19141,UK,30.0,73.3,3,4,3,20,0,53.1,7,2199.0,1
14798,UK,41.0,1.04,11,1,8,16,0,59.4,9,42.64,0
18632,UK,4.0,,13,6,11,15,1,36.2,5,304.94,0
16832,Germany,34.0,46.23,9,6,8,9,1,31.2,13,1571.82,1
13333,UK,37.0,41.06,15,0,5,20,0,48.0,14,1519.22,1
12282,UK,10.0,149.63,6,2,4,17,1,7.5,28,1496.3,1
17439,Sweden,27.0,87.87,11,3,9,10,1,47.2,15,2372.4900000000002,1
13307,UK,,18.89,6,3,11,12,0,48.9,22,472.25,0
12468,Germany,30.0,40.2,10,1,4,12,1,35.1,3,1206.0,0
19303,UK,13.0,53.31,2,3,7,19,1,23.9,2,693.03,0
14826,UK,33.0,147.92,6,6,6,14,1,39.7,12,4881.36,1
10485,UK,38.0,64.88,14,2,3,19,0,55.0,10,2465.4399999999996,1
14947,UK,1.0,34.91,15,1,5,16,1,10.3,27,34.91,0
14607,France,28.0,85.67,6,5,2,12,1,19.4,15,2398.76,1
18639,UK,25.0,61.01,5,3,7,13,0,40.6,15,1525.25,1
17115,UK,18.0,8.72,6,4,2,18,1,50.2,25,156.96,0
11913,UK,3.0,129.21,6,4,6,14,1,39.5,26,387.63,0
11504,Sweden,5.0,2.85,19,5,11,16,0,35.9,23,14.25,0
16035,Netherlands,37.0,134.82,13,5,2,9,1,6.1,13,4988.34,1
10473,Sweden,41.0,118.88,8,4,4,13,0,26.6,7,4874.08,1
13190,France,21.0,11.84,9,3,9,15,0,53.5,2,248.64,0
11382,France,47.0,108.68,10,3,11,12,0,22.3,2,5107.96,1
10205,UK,46.0,115.76,11,1,12,19,1,,24,5324.96,1
19188,Sweden,33.0,90.54,8,3,2,10,1,22.1,4,2987.82,1
10898,UK,29.0,86.86,19,4,3,19,1,22.4,13,2518.94,1
10092,UK,48.0,7.93,6,5,12,8,0,24.9,15,380.64,0
19328,Germany,30.0,9.39,9,5,7,13,1,46.6,17,281.70000000000005,0
11883,UK,46.0,109.23,1,2,11,14,1,27.8,3,5024.58,1
18165,UK,48.0,16.28,10,5,1,11,0,36.8,16,781.44,0
10312,UK,10.0,36.66,17,3,2,15,0,27.1,8,366.59999999999997,0
11535,UK,33.0,75.08,19,2,3,19,0,52.6,10,2477.64,1
11106,Australia,36.0,25.04,9,1,2,13,1,11.5,24,901.4399999999999,0
17062,UK,41.0,118.58,3,1,11,15,0,8.3,14,4861.78,1
16201,Australia,18.0,121.2,14,4,10,20,0,25.1,12,2181.6,1
14755,UK,43.0,126.4,13,1,5,20,1,58.5,1,5435.2,1
12416,Netherlands,24.0,7.91,19,0,1,8,1,42.3,29,189.84,0
10888,UK,,64.47,10,1,2,17,1,37.4,18,1611.75,1
15692,Sweden,8.0,127.11,1,6,4,19,1,24.0,22,1016.88,0
12307,UK,16.0,54.8,18,1,9,20,1,18.4,13,876.8,0
15901,UK,48.0,104.53,13,1,10,18,0,57.4,8,5017.4400000000005,1
16874,UK,36.0,88.59,16,2,7,9,0,26.2,8,3189.2400000000002,1
18494,UK,36.0,52.41,3,2,11,17,0,43.0,1,1886.7599999999998,1
14939,UK,,41.82,9,6,12,18,0,48.8,26,1045.5,0
10047,France,14.0,98.09,9,1,10,14,1,39.8,16,1373.26,0
12806,Sweden,33.0,20.48,6,2,1,8,1,14.7,11,675.84,0
18533,France,19.0,129.09,17,2,11,10,1,18.0,21,2452.71,1
15332,UK,42.0,86.68,4,1,11,11,1,2.4,4,3640.5600000000004,1
16191,UK,21.0,17.17,2,2,7,19,1,58.2,14,360.57000000000005,0
14578,Australia,,105.68,5,1,8,9,1,50.2,13,2642.0,1
11627,Australia,37.0,64.95,19,5,10,17,0,24.8,27,2403.15,1
18967,UK,38.0,31.01,3,5,8,10,0,53.7,24,1178.38,0
17729,Norway,46.0,144.18,12,1,5,18,1,10.1,23,6632.280000000001,1
19951,UK,39.0,108.09,4,3,9,8,1,3.5,8,4215.51,1
18554,Australia,16.0,89.15,8,1,10,11,1,9.0,16,1426.4,0
12911,Norway,26.0,127.41,11,6,2,9,1,53.1,29,3312.66,1
12542,France,24.0,81.81,1,0,9,15,1,10.5,1,1963.44,1
12484,UK,4.0,66.5,5,2,3,18,0,5.0,19,266.0,0
19187,Germany,30.0,28.82,12,2,7,13,0,11.9,10,864.6,0
15569,UK,22.0,23.43,1,2,2,14,1,25.5,22,515.46,0
14544,Netherlands,20.0,65.08,10,6,12,16,0,30.3,15,1301.6,0
19682,UK,6.0,68.67,12,3,9,13,1,14.9,21,412.02,0
16034,France,25.0,110.13,5,2,6,17,1,48.5,8,2753.25,1
19094,Sweden,29.0,66.59,4,5,7,11,0,57.6,26,1931.1100000000001,1
19846,UK,6.0,89.18,10,5,8,10,1,18.2,25,535.08,0
10794,UK,32.0,124.96,14,1,2,10,1,55.9,19,3998.72,1
13615,Germany,9.0,,1,3,7,10,1,49.3,13,686.115,0
17341,UK,8.0,48.72,7,2,9,8,1,53.3,5,389.76,0
18131,UK,20.0,135.34,19,3,4,8,1,4.5,6,2706.8,1
11484,UK,20.0,121.0,7,2,6,8,1,50.2,12,2420.0,1
13183,UK,45.0,10.67,7,5,4,10,0,35.6,23,480.15,0
15481,Germany,4.0,50.46,15,6,2,16,1,3.3,28,201.84,0
17992,Germany,18.0,33.25,10,0,12,11,1,45.5,18,598.5,0
11129,UK,36.0,99.83,8,5,8,15,0,15.3,28,3593.88,1
16007,UK,,83.52,15,6,5,8,1,48.0,6,2088.0,1
12964,UK,49.0,74.48,1,2,5,18,1,37.9,22,3649.52,1
12163,UK,37.0,114.65,14,3,9,12,1,30.0,16,4242.05,1
15153,France,47.0,50.33,8,0,2,13,1,2.4,5,2365.5099999999998,1
14140,UK,47.0,57.72,17,2,7,16,1,,21,2712.84,1
16357,UK,6.0,129.91,14,1,3,20,0,9.7,27,779.46,0
13176,Sweden,23.0,145.85,18,6,11,18,0,50.0,14,3354.5499999999997,1
18232,UK,37.0,116.57,3,0,10,13,0,41.6,8,4313.09,1
10781,Germany,1.0,32.95,4,2,10,12,0,5.1,9,32.95,0
18618,UK,23.0,17.34,18,3,2,12,0,33.0,18,398.82,0
10298,UK,34.0,31.78,8,6,1,9,1,57.7,21,1080.52,0
17358,UK,39.0,63.7,16,5,6,12,1,55.4,7,2484.3,1
13464,Netherlands,21.0,35.89,14,6,5,17,1,9.6,20,753.69,0
13833,Australia,43.0,135.21,10,2,9,11,1,11.2,22,5814.030000000001,1
10190,UK,34.0,100.77,1,1,9,13,0,,1,3426.18,1
17021,UK,3.0,62.8,2,3,5,8,0,45.6,12,188.39999999999998,0
11654,UK,14.0,41.43,14,2,2,11,1,10.5,7,580.02,0
16591,Germany,46.0,57.41,2,0,4,8,0,4.8,24,2640.8599999999997,1
17251,Germany,1.0,71.67,1,5,7,14,0,24.0,19,71.67,0
18452,France,6.0,107.22,5,0,4,11,1,58.0,16,643.3199999999999,0
17080,Sweden,17.0,13.86,18,1,4,20,0,19.2,7,235.62,0
13015,UK,49.0,127.4,12,6,3,15,1,43.7,14,6242.6,1
17385,France,35.0,19.57,14,5,1,12,1,9.5,28,684.95,0
18259,Germany,8.0,39.74,13,4,8,14,0,37.6,29,317.92,0
13171,UK,20.0,149.04,11,0,12,20,1,35.3,5,2980.7999999999997,1
11241,Sweden,47.0,28.94,5,1,12,10,0,54.3,15,1360.18,0
18900,UK,11.0,15.62,9,1,12,11,1,43.3,22,171.82,0
11479,France,29.0,95.94,11,4,8,15,0,8.1,9,2782.2599999999998,1
15938,France,23.0,59.27,19,3,9,9,1,24.9,29,1363.21,0
12362,Sweden,38.0,14.23,18,2,1,14,1,1.0,14,540.74,0
11260,UK,37.0,1.06,14,5,3,10,1,15.2,11,39.22,0
17764,UK,41.0,12.33,16,5,9,19,0,58.3,28,505.53000000000003,0
11437,Australia,,78.65,16,5,12,18,0,27.9,18,1966.2500000000002,1
16702,Netherlands,23.0,35.02,13,0,11,8,0,52.2,2,805.46,0
16930,UK,34.0,116.74,16,4,8,14,1,2.4,4,3969.16,1
10602,Netherlands,21.0,128.7,2,1,2,10,1,52.9,29,2702.7,1
11729,UK,33.0,22.15,1,1,12,15,1,53.5,19,730.9499999999999,0
17943,Germany,32.0,50.88,9,6,4,15,0,39.6,26,1628.16,1
15072,Japan,19.0,22.41,2,2,1,20,1,7.9,29,425.79,0
11213,UK,5.0,43.36,7,5,10,10,1,52.7,22,216.8,0
19917,UK,48.0,36.26,4,1,3,14,1,54.1,29,1740.48,1
12649,Norway,41.0,118.14,19,6,4,20,1,,28,4843.74,1
10040,Netherlands,44.0,52.15,13,1,9,9,0,56.5,12,2294.6,1
19241,Japan,15.0,74.59,1,1,12,11,1,53.0,19,1118.8500000000001,0
10165,UK,16.0,101.25,12,2,11,17,0,13.1,24,1620.0,1
15533,Norway,16.0,123.43,14,1,2,9,1,24.2,28,1974.88,1
19930,UK,2.0,45.53,7,4,3,10,1,20.9,24,91.06,0
15778,UK,9.0,31.78,17,1,10,20,0,30.4,24,286.02,0
15846,UK,16.0,146.78,19,1,4,15,1,,10,2348.48,1
13881,Netherlands,49.0,48.36,19,4,1,8,1,52.6,13,2369.64,1
11269,Sweden,11.0,100.82,2,0,8,19,0,11.4,24,1109.02,0
15726,France,25.0,,9,3,8,14,0,33.5,4,1905.875,1
18973,Germany,27.0,77.35,15,4,12,14,0,32.5,5,2088.45,1
10911,UK,18.0,34.65,9,3,6,20,0,27.6,23,623.6999999999999,0
18803,UK,46.0,21.65,10,0,10,12,0,43.2,29,995.9,0
14150,UK,5.0,73.31,7,1,7,12,0,39.1,13,366.55,0
15362,UK,43.0,76.88,8,6,12,15,1,17.2,26,3305.8399999999997,1
11654,UK,37.0,116.12,14,5,6,11,1,21.5,11,4296.4400000000005,1
16217,Japan,15.0,106.62,1,2,9,9,0,53.4,15,1599.3000000000002,1
11823,France,38.0,136.85,16,6,12,9,0,20.2,29,5200.3,1
12731,Netherlands,22.0,,14,0,11,11,1,27.2,12,1677.17,1
17216,UK,48.0,109.31,3,0,5,9,0,58.4,26,5246.88,1
10505,UK,2.0,11.94,15,6,7,14,1,51.6,28,23.88,0
14471,UK,2.0,61.07,10,4,8,20,0,42.2,22,122.14,0
15945,UK,27.0,91.52,7,4,2,11,0,18.9,3,2471.04,1
11320,UK,46.0,88.73,9,2,3,8,0,38.1,28,4081.5800000000004,1
12947,UK,4.0,27.63,10,5,9,8,1,38.9,15,110.52,0
13435,UK,39.0,87.65,5,4,1,10,0,25.3,9,3418.3500000000004,1
16636,France,46.0,52.78,12,3,8,15,1,3.1,15,2427.88,1
19767,UK,24.0,51.17,12,2,6,14,0,22.6,13,1228.08,0
18362,UK,43.0,125.18,7,2,6,13,0,31.0,12,5382.740000000001,1
11897,UK,38.0,63.58,9,4,11,17,1,57.1,20,2416.04,1
10181,UK,11.0,79.35,12,4,4,13,0,43.9,4,872.8499999999999,0
10519,UK,42.0,84.65,10,5,10,16,1,7.4,19,3555.3,1
15957,UK,35.0,84.67,9,2,10,20,0,18.8,8,2963.4500000000003,1
11562,Germany,1.0,32.36,19,1,12,10,0,31.8,23,32.36,0
12312,UK,28.0,90.12,17,3,10,9,1,27.6,29,2523.36,1
18473,Sweden,33.0,50.53,8,4,7,10,0,1.3,14,1667.49,1
18738,UK,40.0,98.43,14,1,5,10,1,56.2,24,3937.2000000000003,1
18390,UK,38.0,22.28,16,0,10,18,0,54.3,10,846.6400000000001,0
12536,UK,24.0,149.12,3,2,12,19,1,55.5,25,3578.88,1
16196,UK,15.0,115.92,12,0,4,15,0,26.3,16,1738.8,1
16107,UK,10.0,62.88,16,0,5,9,1,50.2,15,628.8000000000001,0
11852,Japan,5.0,45.55,2,6,6,19,1,42.8,3,227.75,0
15535,UK,,58.48,7,5,2,19,1,31.2,20,1462.0,0
15252,Germany,48.0,108.32,16,0,4,13,0,5.6,23,5199.36,1
13961,UK,4.0,98.48,18,2,2,16,0,10.9,15,393.92,0
17516,UK,35.0,105.46,19,1,10,15,0,15.1,5,3691.1,1
16776,UK,29.0,133.41,12,6,6,14,0,53.9,20,3868.89,1
15326,UK,9.0,68.72,1,3,8,12,0,40.3,19,618.48,0
17257,UK,,100.59,1,1,1,11,1,59.0,26,2514.75,1
17631,Norway,14.0,66.51,16,4,7,11,1,34.4,28,931.1400000000001,0
15669,France,34.0,95.9,14,3,9,12,1,6.0,8,3260.6000000000004,1
12676,Norway,15.0,71.49,4,1,9,17,1,29.2,9,1072.35,0
17584,UK,41.0,116.61,3,2,10,18,1,7.6,28,4781.01,1
17176,Netherlands,19.0,1.29,3,0,2,9,1,54.2,4,24.51,0
19834,Germany,6.0,32.75,17,4,7,8,1,17.4,27,196.5,0
11497,Germany,5.0,44.82,15,6,6,14,1,12.6,5,224.1,0
14192,Norway,20.0,141.84,19,5,11,17,0,31.2,13,2836.8,1
19242,France,20.0,76.3,3,2,9,15,0,48.6,5,1526.0,1
15145,Japan,36.0,54.97,14,3,12,18,0,31.1,29,1978.92,1
19426,France,24.0,60.94,18,0,1,17,1,3.3,15,1462.56,0
10124,UK,9.0,68.05,11,2,6,17,1,44.8,26,612.4499999999999,0
10351,France,11.0,130.24,15,0,9,15,1,3.0,1,1432.64,0
17960,UK,28.0,144.37,12,5,2,8,1,36.7,2,4042.36,1
13584,Sweden,17.0,126.7,1,6,8,10,0,37.4,16,2153.9,1
15202,Australia,,126.33,9,1,3,17,1,13.3,2,3158.25,1
14280,UK,46.0,30.25,5,4,1,12,1,27.3,16,1391.5,0
14079,UK,18.0,40.67,2,4,8,17,0,1.4,21,732.0600000000001,0
19394,UK,28.0,89.61,12,2,6,12,1,17.7,15,2509.08,1
10940,UK,41.0,98.59,18,5,5,8,1,37.5,23,4042.19,1
17722,UK,11.0,30.8,2,4,4,16,0,17.8,3,338.8,0
18896,France,26.0,112.07,7,1,9,19,0,3.8,8,2913.8199999999997,1
16574,Germany,15.0,30.39,13,5,8,13,0,40.8,5,455.85,0
13950,Australia,31.0,39.82,6,4,9,9,0,44.8,15,1234.42,0
11600,UK,37.0,46.37,3,2,10,13,0,51.9,12,1715.6899999999998,1
16825,UK,7.0,126.98,4,5,8,20,1,52.7,16,888.86,0
14687,UK,10.0,109.95,1,4,1,12,1,30.3,5,1099.5,0
11493,Japan,2.0,79.84,19,0,2,8,1,25.0,13,159.68,0
13596,UK,1.0,123.05,10,1,12,17,0,35.6,23,123.05,0
19615,UK,3.0,122.03,18,2,4,11,1,47.8,3,366.09000000000003,0
12653,UK,35.0,58.78,14,0,6,8,0,29.0,23,2057.3,1
11784,Australia,45.0,117.32,7,2,5,16,0,59.7,7,5279.4,1
16819,UK,,31.33,18,3,12,12,0,38.6,26,783.25,0
11995,Germany,44.0,75.73,5,5,10,9,0,19.2,24,3332.1200000000003,1
19199,France,36.0,18.18,4,1,6,8,1,47.8,13,654.48,0
18589,Netherlands,40.0,64.31,16,3,9,10,1,9.9,3,2572.4,1
19835,UK,,78.29,11,4,7,9,1,56.2,12,1957.2500000000002,1
19125,UK,10.0,12.45,9,3,8,8,1,21.1,19,124.5,0
12437,UK,26.0,69.66,12,6,12,12,1,41.4,10,1811.1599999999999,1
12121,UK,26.0,97.92,19,2,9,18,1,37.9,19,2545.92,1
13426,France,32.0,92.31,6,2,2,13,0,6.7,24,2953.92,1
14698,UK,40.0,8.63,18,0,7,8,0,43.6,28,345.20000000000005,0
18799,UK,6.0,14.75,18,2,10,19,1,,12,88.5,0
17334,UK,34.0,53.03,15,0,1,16,1,23.5,29,1803.02,1
16444,Germany,41.0,126.48,3,6,5,20,1,6.7,8,5185.68,1
18783,UK,,130.53,2,1,3,15,0,48.8,28,3263.25,1
16458,France,21.0,46.79,3,5,9,14,1,51.8,5,982.59,0
13790,UK,44.0,107.97,14,0,2,14,0,8.9,16,4750.68,1
14130,Norway,2.0,86.82,8,1,8,8,0,48.9,20,173.64,0
15170,France,8.0,147.52,19,0,1,12,1,54.0,2,1180.16,0
10887,UK,40.0,14.65,1,2,12,13,0,6.7,13,586.0,0
17417,UK,,82.41,8,4,4,11,0,59.8,9,2060.25,1
16527,UK,35.0,89.08,6,2,5,18,1,1.3,24,3117.7999999999997,1
17311,UK,45.0,46.5,17,4,10,20,1,50.7,14,2092.5,1
15339,UK,25.0,7.52,3,5,5,14,0,33.9,4,188.0,0
17829,Japan,24.0,8.29,8,0,2,18,1,57.5,2,198.95999999999998,0
19497,Germany,22.0,68.32,17,2,11,10,0,20.9,1,1503.04,1
15699,UK,19.0,104.02,19,4,2,19,0,,2,1976.3799999999999,1
14443,Germany,19.0,105.18,18,3,6,17,0,50.6,15,1998.42,1
11046,UK,28.0,27.55,13,1,2,17,0,42.9,10,771.4,0
17786,Norway,44.0,128.77,4,1,9,15,0,36.4,7,5665.88,1
19039,UK,49.0,56.89,2,2,4,18,1,39.0,12,2787.61,1
16994,France,43.0,144.67,8,4,12,14,0,41.3,13,6220.8099999999995,1
18655,Netherlands,6.0,18.16,10,6,3,20,1,3.8,17,108.96000000000001,0
18611,UK,16.0,125.55,10,2,9,16,1,7.9,15,2008.8,1
17980,UK,38.0,136.3,1,3,1,13,1,11.7,28,5179.400000000001,1
15028,UK,27.0,123.49,13,2,2,10,1,11.4,11,3334.23,1
10998,Japan,17.0,121.42,8,0,4,19,0,50.7,12,2064.14,1
10032,UK,16.0,54.52,3,2,11,8,1,24.3,12,872.32,0
12043,France,6.0,107.14,18,2,12,8,1,29.9,2,642.84,0
14310,Netherlands,17.0,87.11,7,1,8,8,1,6.3,22,1480.87,1
17436,Australia,21.0,63.96,5,4,5,9,1,52.4,16,1343.16,0
14558,UK,,148.97,10,1,4,11,0,1.6,12,3724.25,1
10231,UK,27.0,43.92,19,1,3,14,0,5.9,11,1185.8400000000001,0
12103,France,14.0,62.27,16,2,5,11,0,48.9,16,871.7800000000001,0
19792,UK,11.0,135.48,2,6,6,13,0,8.7,27,1490.28,1
19880,Japan,44.0,,14,4,9,13,0,47.8,12,3354.34,1
13771,UK,20.0,23.33,13,2,3,13,1,21.7,13,466.59999999999997,0
18049,UK,13.0,46.84,17,5,1,8,0,46.8,4,608.9200000000001,0
17193,Australia,32.0,114.02,19,0,7,14,0,4.0,10,3648.64,1
19312,UK,,129.05,15,2,3,11,0,21.1,22,3226.2500000000005,1
18875,UK,29.0,17.61,13,3,5,14,0,29.4,21,510.69,0
16287,UK,11.0,93.45,7,3,9,8,0,37.9,24,1027.95,0
13946,UK,36.0,85.31,18,4,11,19,1,50.3,15,3071.16,1
16266,Australia,10.0,100.49,18,4,7,17,1,15.4,27,1004.9,0
13191,UK,41.0,100.82,19,3,12,12,0,39.9,17,4133.62,1
13480,UK,,143.94,19,6,4,12,1,10.0,4,3598.5,1
16087,UK,21.0,52.31,13,6,9,12,1,47.9,5,1098.51,0
15713,Norway,20.0,45.32,19,3,12,20,0,56.1,15,906.4,0
15809,UK,21.0,87.39,15,6,3,17,1,3.8,11,1835.19,1
13846,Norway,33.0,64.7,5,4,9,13,1,5.7,4,2135.1,1
14091,Japan,25.0,71.33,1,0,6,16,1,47.5,2,1783.25,1
10101,UK,7.0,10.86,19,0,11,8,1,,18,76.02,0
16017,Australia,28.0,22.66,9,0,4,18,0,39.2,22,634.48,0
15757,France,14.0,140.34,17,1,12,15,0,28.2,7,1964.76,1
19353,UK,6.0,10.71,6,2,10,12,0,46.4,8,64.26,0
15042,UK,42.0,88.73,7,0,9,17,1,18.7,16,3726.6600000000003,1
14676,Australia,16.0,113.31,16,4,1,8,1,59.5,4,1812.96,1
10676,Netherlands,30.0,2.27,10,2,1,14,0,51.0,25,68.1,0
11967,Netherlands,9.0,33.8,13,4,8,20,1,53.3,18,304.2,0
13380,Norway,17.0,56.87,7,3,6,17,0,51.4,11,966.79,0
13772,UK,19.0,76.27,12,1,4,8,0,56.0,17,1449.1299999999999,0
13626,Australia,7.0,51.57,10,4,11,15,0,4.8,5,360.99,0
13941,Japan,48.0,97.53,18,6,6,16,0,54.6,10,4681.4400000000005,1
17689,UK,16.0,34.35,10,2,6,14,0,15.7,16,549.6,0
11311,UK,29.0,4.31,2,2,4,12,1,22.2,28,124.99,0
13322,UK,28.0,0.73,14,3,12,16,0,22.9,25,20.439999999999998,0
11628,Japan,22.0,52.15,19,5,5,13,0,14.7,19,1147.3,0
13077,UK,,54.57,17,3,4,20,0,26.9,10,1364.25,0
16845,France,28.0,142.32,2,5,9,18,1,30.8,27,3984.96,1
10467,UK,4.0,7.19,19,0,1,19,1,9.8,4,28.76,0
13394,UK,33.0,79.74,7,0,8,13,1,22.2,9,2631.4199999999996,1
10236,Germany,6.0,86.88,16,2,7,16,0,21.5,13,521.28,0
19548,UK,22.0,105.04,12,1,3,9,0,40.8,17,2310.88,1
17272,Japan,18.0,95.99,19,0,10,17,0,35.3,20,1727.82,1
12435,UK,22.0,1.72,7,1,1,17,1,43.3,12,37.839999999999996,0
11981,Sweden,4.0,94.96,12,1,12,18,0,47.3,28,379.84,0
10989,UK,35.0,48.7,13,6,11,8,1,40.4,12,1704.5,1
14728,Norway,21.0,116.04,3,5,3,13,0,15.2,19,2436.84,1
17535,Germany,3.0,28.66,15,2,6,11,1,30.6,2,85.98,0
15842,UK,1.0,107.57,3,6,3,19,0,28.5,5,107.57,0
18810,UK,27.0,94.01,16,5,8,14,1,5.4,7,2538.27,1
13438,UK,33.0,98.02,3,1,5,15,0,53.8,1,3234.66,1
12781,Germany,27.0,26.8,4,3,6,13,0,6.4,26,723.6,0
14780,Australia,36.0,,10,6,12,9,1,58.6,19,2744.46,1
12020,UK,38.0,110.68,4,3,8,16,1,2.9,25,4205.84,1
19756,UK,43.0,,2,2,11,15,1,44.1,10,3278.105,1
11857,Germany,49.0,51.38,1,6,8,12,0,18.0,4,2517.6200000000003,1
14788,UK,44.0,25.4,6,4,6,16,1,54.4,10,1117.6,0
15220,France,39.0,43.85,10,3,1,13,0,49.6,1,1710.15,1
10570,UK,22.0,114.69,1,6,2,16,1,2.5,9,2523.18,1
14684,France,25.0,61.71,3,5,7,12,1,2.3,3,1542.75,1
14547,Norway,31.0,105.56,12,2,7,18,1,36.6,7,3272.36,1
12594,UK,9.0,111.14,7,2,7,19,0,9.8,19,1000.26,0
11279,UK,34.0,101.29,15,0,11,14,1,1.8,28,3443.86,1
10451,UK,29.0,101.19,16,0,2,8,1,58.1,7,2934.5099999999998,1
10085,Germany,26.0,91.82,1,6,8,16,0,38.3,29,2387.3199999999997,1
14814,UK,41.0,78.0,19,0,9,20,0,1.6,23,3198.0,1
10898,Sweden,34.0,30.07,13,5,8,17,1,29.9,4,1022.38,0
19593,Germany,46.0,126.5,16,1,3,12,0,10.3,1,5819.0,1
12447,UK,48.0,,10,3,5,15,0,48.5,4,3659.2799999999997,1
16525,Netherlands,41.0,70.24,1,5,1,12,1,2.7,21,2879.8399999999997,1
16734,UK,15.0,140.02,17,6,3,18,1,,20,2100.3,1
14955,Australia,,149.7,11,2,10,17,0,15.0,26,3742.4999999999995,1
18836,UK,15.0,73.19,1,6,8,16,1,58.9,16,1097.85,0
11106,Germany,35.0,108.79,4,3,11,13,0,5.6,2,3807.65,1
12340,Sweden,43.0,96.75,4,6,9,10,0,43.5,29,4160.25,1
12524,Netherlands,44.0,35.97,8,0,3,16,0,29.2,26,1582.6799999999998,1
11354,Japan,34.0,7.54,9,1,10,12,0,49.2,21,256.36,0
12947,UK,34.0,68.28,9,4,9,19,1,13.6,27,2321.52,1
13126,Australia,47.0,118.19,17,4,3,8,0,51.5,9,5554.93,1
17648,Germany,34.0,49.11,18,5,1,19,1,57.1,16,1669.74,1
13016,Germany,7.0,,13,2,10,18,0,13.6,16,533.645,0
18767,UK,25.0,98.39,13,4,9,14,1,15.3,9,2459.75,1
17726,UK,18.0,104.48,17,4,2,20,0,,29,1880.64,1
19016,Germany,32.0,43.22,6,6,6,17,1,26.6,17,1383.04,0
11052,UK,32.0,70.77,11,0,11,8,1,50.3,27,2264.64,1
19845,France,15.0,27.66,13,0,10,13,1,50.7,10,414.9,0
16139,Australia,15.0,37.36,6,4,10,18,1,19.3,15,560.4,0
19823,Sweden,5.0,13.93,19,0,5,18,0,11.5,28,69.65,0
13548,UK,15.0,19.45,5,1,2,10,0,22.6,6,291.75,0
19529,Sweden,41.0,31.97,2,3,5,10,0,35.9,16,1310.77,0
15886,UK,33.0,87.25,7,1,9,20,0,30.3,24,2879.25,1
10718,UK,47.0,66.46,16,1,11,8,1,44.5,24,3123.62,1
14101,Australia,46.0,40.41,8,2,8,20,0,33.4,22,1858.86,1
11377,UK,42.0,129.24,5,4,1,15,0,48.5,18,5428.08,1
19412,UK,9.0,79.01,17,2,8,18,1,7.1,1,711.09,0
13044,UK,17.0,138.5,3,5,3,10,1,26.9,9,2354.5,1
12223,UK,3.0,95.43,4,1,8,12,1,1.9,24,286.29,0
15528,Australia,5.0,2.86,18,0,5,17,0,8.1,15,14.299999999999999,0
14251,UK,12.0,137.06,7,1,7,10,0,20.6,11,1644.72,1
10969,UK,14.0,128.69,1,6,8,9,1,54.2,26,1801.6599999999999,1
18164,Germany,1.0,95.47,9,1,8,15,1,23.4,10,95.47,0
18457,UK,,80.45,15,0,1,8,0,17.1,12,2011.25,1
17429,France,26.0,68.21,15,2,12,20,1,40.6,12,1773.4599999999998,1
16167,Sweden,33.0,72.59,2,4,7,16,1,42.5,10,2395.4700000000003,1
14025,Netherlands,33.0,115.5,6,2,7,17,1,29.4,15,3811.5,1
15423,Japan,48.0,77.21,12,2,5,14,1,,28,3706.08,1
15209,UK,8.0,,13,0,2,16,0,18.8,29,609.88,0
11653,Australia,17.0,9.2,12,4,8,20,0,11.9,10,156.39999999999998,0
10818,UK,16.0,19.36,7,1,5,8,0,22.4,11,309.76,0
12532,UK,28.0,38.09,17,0,11,11,0,10.9,25,1066.52,0
14543,France,26.0,55.48,2,5,8,17,0,,17,1442.48,0
11603,UK,39.0,133.92,16,6,6,9,1,53.8,6,5222.879999999999,1
11066,Japan,28.0,36.24,18,4,1,11,1,16.0,16,1014.72,0
18519,France,12.0,48.28,14,6,7,8,0,15.3,23,579.36,0
13749,Norway,28.0,33.84,9,2,11,8,0,54.0,12,947.5200000000001,0
15842,UK,48.0,82.09,8,3,6,13,0,34.5,18,3940.32,1
15240,UK,29.0,92.75,9,2,8,16,1,44.1,23,2689.75,1
17351,France,30.0,80.05,4,3,2,9,1,53.5,4,2401.5,1
17398,UK,9.0,142.8,5,6,5,20,0,,29,1285.2,0
12960,UK,1.0,149.31,13,4,10,18,0,44.8,2,149.31,0
18479,France,11.0,125.69,11,0,6,16,0,23.8,4,1382.59,0
13712,Norway,2.0,120.89,10,4,11,8,0,56.4,9,241.78,0
18352,France,23.0,55.22,10,2,5,14,0,42.5,1,1270.06,0
14048,UK,44.0,87.18,2,3,10,19,0,5.2,20,3835.92,1
11109,UK,22.0,53.05,17,3,8,11,1,36.1,16,1167.1,0
17600,Germany,32.0,117.76,19,4,12,15,0,6.6,11,3768.32,1
10301,UK,42.0,26.19,5,6,7,15,1,31.8,29,1099.98,0
17723,UK,38.0,32.89,6,6,6,17,1,6.2,8,1249.82,0
10431,UK,32.0,6.28,12,6,5,19,0,38.0,26,200.96,0
12068,UK,39.0,91.54,1,4,8,9,0,27.9,17,3570.0600000000004,1
16033,UK,14.0,103.44,2,1,12,8,1,33.6,21,1448.1599999999999,0
19415,UK,21.0,1.0,18,1,3,9,0,,28,21.0,0
14084,Germany,20.0,76.86,4,5,12,11,0,15.8,8,1537.2,1
11206,UK,40.0,56.84,11,6,12,12,1,19.9,4,2273.6000000000004,1
12329,France,21.0,118.96,17,0,10,19,0,29.4,23,2498.16,1
18961,UK,46.0,6.31,14,1,7,14,1,34.4,19,290.26,0
17267,Japan,10.0,7.76,6,4,11,17,0,55.5,6,77.6,0
11003,UK,9.0,93.22,3,1,4,15,0,21.8,27,838.98,0
13848,UK,36.0,88.95,14,0,8,20,0,,21,3202.2000000000003,1
12645,UK,38.0,124.75,8,6,10,12,1,55.4,16,4740.5,1
11778,UK,34.0,89.04,19,0,10,16,1,43.4,4,3027.36,1
18464,UK,16.0,142.43,13,1,8,11,1,20.4,28,2278.88,1
16177,Australia,1.0,47.5,1,6,5,11,0,25.5,16,47.5,0
11794,Sweden,16.0,59.99,5,0,12,20,0,52.8,18,959.84,0
16506,UK,23.0,146.66,15,5,9,8,1,26.8,1,3373.18,1
14135,UK,21.0,16.57,14,3,10,11,0,15.9,20,347.97,0
10614,France,46.0,119.49,15,3,8,13,0,31.9,25,5496.54,1
14498,Germany,43.0,2.23,5,5,11,9,1,12.0,23,95.89,0
11852,UK,38.0,73.23,5,0,6,18,1,35.3,11,2782.7400000000002,1
12452,Netherlands,2.0,23.43,4,0,7,12,0,59.5,6,46.86,0
18789,UK,7.0,90.03,14,1,10,13,0,58.2,13,630.21,0
17102,France,22.0,119.83,1,3,7,11,0,37.2,17,2636.2599999999998,1
11340,UK,31.0,5.44,16,6,3,19,1,53.3,8,168.64000000000001,0
18513,UK,34.0,24.98,6,0,10,13,1,49.1,18,849.32,0
15743,UK,15.0,51.72,10,2,5,18,0,57.1,27,775.8,0
18745,Netherlands,6.0,38.74,5,3,2,16,0,52.5,4,232.44,0
17470,UK,17.0,57.79,9,1,5,20,0,54.1,8,982.43,0
13393,Netherlands,39.0,142.8,15,2,1,15,0,14.5,14,5569.200000000001,1
15348,Netherlands,49.0,15.63,4,1,11,20,0,,6,765.87,0
15308,France,47.0,63.78,11,0,12,17,0,3.6,23,2997.66,1
17199,UK,30.0,68.84,2,3,4,8,1,39.9,2,2065.2000000000003,1
12484,UK,5.0,42.41,4,6,11,10,1,,2,212.04999999999998,0
13330,UK,48.0,,14,2,9,18,1,59.6,11,3659.2799999999997,1
12447,Germany,8.0,107.36,11,4,12,8,1,51.3,12,858.88,0
12961,Sweden,14.0,92.87,12,4,2,10,1,50.0,21,1300.18,0
11612,UK,48.0,122.02,5,5,1,18,0,,5,5856.96,1
10365,Japan,25.0,61.06,4,5,12,12,1,27.7,23,1526.5,1
19400,UK,10.0,91.2,9,6,4,10,0,38.8,6,912.0,0
10743,UK,25.0,134.09,3,5,8,10,0,2.3,28,3352.25,1
18879,UK,4.0,127.77,17,6,11,12,1,47.9,15,511.08,0
10030,France,16.0,,6,6,5,18,1,39.8,23,1219.76,0
17773,UK,47.0,40.71,14,5,2,13,1,,1,1913.3700000000001,1
13284,UK,15.0,147.82,3,3,10,20,1,38.5,21,2217.2999999999997,1
15176,Netherlands,44.0,122.55,13,2,6,17,1,36.4,13,5392.2,1
12822,UK,27.0,119.32,4,3,1,11,1,47.5,15,3221.64,1
14906,UK,33.0,100.3,6,5,5,10,0,50.4,1,3309.9,1
14515,UK,35.0,147.5,8,5,7,20,0,16.0,19,5162.5,1
15297,UK,28.0,,3,3,11,19,0,49.1,27,2134.58,1
13932,UK,2.0,111.36,3,0,3,9,1,11.7,29,222.72,0
15365,UK,46.0,104.97,15,1,7,12,0,24.3,26,4828.62,1
18254,Germany,24.0,109.95,7,4,3,17,0,30.1,21,2638.8,1
14345,UK,33.0,112.84,11,2,4,20,1,48.5,7,3723.7200000000003,1
13613,Germany,28.0,29.02,13,3,4,19,0,54.2,11,812.56,0
11317,UK,33.0,52.68,12,2,7,11,1,2.0,2,1738.44,1
13597,UK,18.0,59.14,12,0,8,19,0,44.5,7,1064.52,0
11256,UK,42.0,112.33,19,3,2,17,0,52.8,8,4717.86,1
11825,UK,11.0,107.58,12,3,1,14,0,57.3,20,1183.3799999999999,0
19522,UK,33.0,125.09,7,5,9,12,1,16.8,1,4127.97,1
10894,UK,29.0,118.38,6,0,4,18,1,,27,3433.02,1
14820,Sweden,25.0,89.61,16,3,8,18,1,30.4,22,2240.25,1
18343,Australia,2.0,21.42,9,5,1,19,0,54.2,20,42.84,0
19532,UK,20.0,95.5,11,1,8,14,1,19.6,17,1910.0,1
11467,Germany,3.0,133.12,16,2,11,11,0,30.8,8,399.36,0
11635,Germany,25.0,96.65,5,0,6,19,0,59.7,16,2416.25,1
13725,Australia,34.0,134.4,5,4,7,11,0,27.9,19,4569.6,1
15544,UK,26.0,,2,5,4,17,0,38.1,25,1982.11,1
19598,UK,38.0,54.2,2,3,4,14,0,59.7,20,2059.6,1
12077,UK,18.0,108.63,12,2,1,15,1,22.7,24,1955.34,1
11643,UK,16.0,81.22,10,5,6,10,0,17.1,14,1299.52,0
12531,UK,22.0,,6,3,12,11,0,17.7,12,1677.17,1
18743,Japan,12.0,36.36,5,2,2,16,0,37.4,23,436.32,0
10300,Sweden,40.0,37.26,14,5,5,11,0,10.6,18,1490.3999999999999,1
13801,UK,40.0,28.15,2,1,11,16,1,10.7,12,1126.0,0
11189,UK,21.0,94.91,14,5,6,20,0,16.3,13,1993.11,1
11570,UK,39.0,21.74,18,1,10,9,0,32.9,17,847.8599999999999,0
19168,UK,2.0,64.99,9,3,5,20,1,50.8,19,129.98,0
10016,Germany,8.0,78.74,10,1,8,10,1,32.2,11,629.92,0
13215,UK,14.0,66.02,11,4,12,9,0,47.2,5,924.28,0
19154,Australia,20.0,128.31,2,3,8,18,0,57.5,27,2566.2,1
16081,Norway,12.0,66.75,12,1,10,10,1,44.7,9,801.0,0
10717,France,26.0,,7,5,9,16,1,38.9,5,1982.11,1
14650,France,39.0,148.83,9,6,2,9,1,1.5,8,5804.370000000001,1
19709,UK,23.0,126.83,1,0,2,9,1,27.5,26,2917.09,1
14004,UK,23.0,99.18,17,3,8,10,1,16.8,5,2281.1400000000003,1
15286,UK,3.0,113.57,7,5,5,14,0,31.2,21,340.71,0
15318,Germany,14.0,19.66,2,5,6,11,1,,13,275.24,0
16604,UK,40.0,115.0,15,1,6,10,1,19.9,18,4600.0,1
11872,Australia,40.0,31.56,19,0,10,18,1,10.5,22,1262.3999999999999,0
18396,UK,6.0,73.6,10,3,12,10,1,49.7,7,441.59999999999997,0
19886,UK,1.0,27.11,1,4,12,9,1,59.4,12,27.11,0
11425,UK,41.0,113.19,19,2,1,9,0,47.0,23,4640.79,1
18183,Norway,9.0,37.27,4,2,9,19,1,9.2,29,335.43,0
18169,UK,29.0,38.35,5,3,9,14,1,33.5,25,1112.15,0
17416,UK,41.0,16.83,14,3,11,20,1,24.9,9,690.03,0
13708,UK,,108.23,7,3,6,18,0,38.4,7,2705.75,1
14687,France,27.0,44.73,2,4,7,11,1,40.4,28,1207.7099999999998,0
18392,Norway,,77.98,13,6,6,18,1,48.6,20,1949.5,1
11528,UK,,50.17,5,5,5,13,0,15.2,6,1254.25,0
18287,Sweden,35.0,116.32,17,0,3,15,0,57.9,19,4071.2,1
19206,UK,42.0,34.36,3,2,8,14,1,13.7,10,1443.12,0
16818,Germany,26.0,141.15,18,0,1,17,0,8.3,5,3669.9,1
13413,UK,47.0,48.54,14,6,9,10,1,49.9,5,2281.38,1
15591,UK,38.0,16.03,5,4,11,8,1,28.3,11,609.1400000000001,0
10501,France,,36.43,11,1,3,17,1,29.9,7,910.75,0
19318,UK,15.0,11.55,18,5,3,20,0,19.8,23,173.25,0
13424,UK,40.0,70.58,2,3,7,15,0,3.7,5,2823.2,1
10570,Australia,6.0,37.91,16,0,11,9,0,12.4,6,227.45999999999998,0
17944,Norway,35.0,132.96,9,1,2,9,0,45.9,19,4653.6,1
16575,UK,,77.81,19,5,6,15,1,14.2,13,1945.25,1
16227,Germany,11.0,35.39,4,2,3,19,1,59.6,6,389.29,0
10540,Netherlands,27.0,67.96,14,3,11,15,0,47.4,3,1834.9199999999998,1
17508,UK,46.0,29.8,19,6,11,11,1,51.1,3,1370.8,0
16373,Japan,44.0,27.22,7,2,2,16,1,52.5,9,1197.6799999999998,0
17936,UK,20.0,45.45,3,0,2,10,0,43.4,8,909.0,0
18273,Netherlands,1.0,16.69,8,0,2,14,0,28.5,17,16.69,0
12119,UK,44.0,28.7,12,6,10,20,1,55.1,20,1262.8,0
12106,UK,44.0,140.74,12,4,11,16,1,26.2,5,6192.56,1
19237,UK,30.0,100.19,10,2,5,9,1,6.7,13,3005.7,1
15310,UK,31.0,138.2,18,0,2,10,0,,14,4284.2,1
14379,Japan,26.0,38.9,11,4,8,8,0,7.2,5,1011.4,0
12872,Norway,1.0,128.62,13,0,11,13,0,39.7,15,128.62,0
16390,UK,8.0,54.66,19,0,11,11,1,,2,437.28,0
17539,UK,8.0,22.06,18,4,6,20,0,40.8,10,176.48,0
10023,UK,45.0,120.8,7,4,10,12,0,13.4,22,5436.0,1
15526,UK,3.0,9.42,6,3,12,8,1,9.1,8,28.259999999999998,0
19933,UK,28.0,61.03,15,6,10,13,0,22.0,21,1708.8400000000001,1
12806,Japan,18.0,122.99,10,1,6,17,1,9.6,4,2213.8199999999997,1
12808,Netherlands,1.0,92.77,9,3,4,16,0,34.6,14,92.77,0
18781,UK,46.0,77.95,14,2,5,20,0,47.2,27,3585.7000000000003,1
10620,UK,1.0,53.37,13,2,5,12,0,39.8,16,53.37,0
13975,Germany,42.0,11.72,18,1,12,14,1,37.4,24,492.24,0
14582,UK,39.0,148.65,7,5,9,15,1,26.7,7,5797.35,1
17978,UK,39.0,,15,4,11,8,1,11.2,6,2973.165,1
11290,UK,8.0,38.67,5,4,10,8,0,38.6,15,309.36,0
14340,UK,44.0,35.77,18,0,6,18,1,25.7,8,1573.88,1
11523,UK,30.0,136.24,2,0,10,13,1,19.0,22,4087.2000000000003,1
17876,Netherlands,20.0,114.67,15,5,8,16,0,39.9,11,2293.4,1
16322,UK,34.0,68.87,2,4,9,20,1,23.3,23,2341.58,1
14967,Germany,17.0,143.34,17,0,4,11,0,10.9,2,2436.78,1
13929,UK,14.0,8.39,19,4,3,18,0,29.5,10,117.46000000000001,0
11531,Japan,15.0,134.1,16,6,3,10,1,18.1,8,2011.5,1
19218,UK,28.0,9.53,15,5,4,17,1,44.3,20,266.84,0
16476,UK,30.0,58.97,10,1,12,10,1,3.8,6,1769.1,1
13191,UK,12.0,8.57,5,2,12,11,0,51.3,15,102.84,0
14139,UK,13.0,149.85,19,5,2,14,0,28.2,11,1948.05,1
17261,UK,47.0,137.2,11,2,7,14,1,1.9,22,6448.4,1
17195,Netherlands,26.0,87.93,16,5,12,8,1,8.9,11,2286.1800000000003,1
14610,UK,43.0,33.07,14,6,10,18,1,56.8,21,1422.01,0
13029,UK,17.0,41.88,14,2,8,8,1,32.7,3,711.96,0
16599,UK,15.0,67.71,7,4,8,19,1,46.3,22,1015.6499999999999,0
16582,Netherlands,,48.76,9,3,4,10,1,53.1,19,1219.0,0
15996,Japan,26.0,3.69,9,3,12,17,0,19.9,5,95.94,0
10728,France,39.0,98.61,12,0,1,17,0,33.3,4,3845.79,1
14727,Germany,25.0,92.21,14,6,11,13,1,39.4,10,2305.25,1
16139,France,15.0,135.69,4,3,11,14,1,50.7,29,2035.35,1
19500,France,,71.79,5,1,4,8,1,25.8,8,1794.7500000000002,1
15255,UK,29.0,52.03,1,4,7,19,1,57.2,14,1508.8700000000001,1
13427,Germany,20.0,76.97,11,2,11,9,0,36.8,13,1539.4,1
15557,Netherlands,1.0,29.61,13,5,6,16,1,52.6,9,29.61,0
11772,UK,28.0,94.02,4,5,4,8,1,5.9,14,2632.56,1
10906,France,31.0,115.62,14,2,1,17,1,28.3,6,3584.2200000000003,1
16780,UK,46.0,23.44,1,4,6,12,0,11.6,20,1078.24,0
19861,UK,12.0,,17,0,4,14,0,54.8,5,914.8199999999999,0
18460,UK,8.0,130.24,14,6,11,8,0,14.9,17,1041.92,0
15836,France,49.0,76.08,13,3,11,10,0,43.1,10,3727.92,1
10402,Japan,27.0,80.01,14,4,4,13,0,4.7,17,2160.27,1
19879,UK,2.0,108.5,7,4,3,17,0,12.8,16,217.0,0
14496,UK,6.0,86.89,19,2,4,15,0,19.9,19,521.34,0
12896,UK,,10.9,15,4,5,11,1,47.1,18,272.5,0
18924,UK,31.0,120.69,4,2,9,15,1,15.8,8,3741.39,1
17464,Norway,12.0,138.46,18,4,2,10,0,49.2,18,1661.52,1
17496,UK,18.0,8.46,15,0,12,15,0,47.5,7,152.28000000000003,0
12777,UK,37.0,18.63,6,1,9,15,1,59.5,12,689.31,0
19918,UK,48.0,105.45,19,6,2,10,0,41.0,7,5061.6,1
14528,Norway,25.0,90.87,5,5,4,10,0,38.6,16,2271.75,1
15314,UK,21.0,57.69,13,0,9,14,0,36.5,23,1211.49,0
17509,France,18.0,81.12,13,1,7,15,1,7.5,18,1460.16,0
16599,UK,7.0,105.65,19,3,7,20,0,31.3,3,739.5500000000001,0
11722,UK,3.0,75.92,11,0,1,14,1,51.2,3,227.76,0
13024,France,41.0,21.46,19,2,5,13,1,2.2,10,879.86,0
13611,UK,2.0,13.87,6,2,8,14,0,8.5,18,27.74,0
19475,France,41.0,66.11,16,0,9,19,1,36.4,9,2710.5099999999998,1
17145,UK,13.0,138.47,5,2,6,11,1,51.0,29,1800.11,1
13663,France,35.0,83.89,19,2,7,12,0,19.1,18,2936.15,1
17347,Netherlands,47.0,54.05,15,0,3,12,1,52.4,26,2540.35,1
17385,France,,136.35,12,4,10,16,0,20.9,27,3408.75,1
13942,UK,36.0,58.6,2,1,9,17,0,28.5,3,2109.6,1
14031,France,13.0,76.62,10,0,9,14,0,57.2,26,996.0600000000001,0
18942,Norway,30.0,17.92,3,0,9,11,1,25.6,2,537.6,0
15618,UK,32.0,110.74,18,6,12,16,1,36.4,4,3543.68,1
11495,UK,21.0,105.2,8,0,11,11,0,56.2,16,2209.2000000000003,1
17197,Australia,2.0,119.24,16,6,10,19,0,16.6,16,238.48,0
15895,UK,45.0,49.12,18,1,5,16,1,6.4,19,2210.4,1
15089,France,10.0,65.69,3,0,1,13,1,57.5,2,656.9,0
17251,Netherlands,48.0,25.67,15,3,1,11,0,34.0,4,1232.16,0
19070,UK,46.0,144.69,6,6,10,17,1,58.0,23,6655.74,1
13304,Germany,1.0,,3,0,11,15,1,52.1,18,76.235,0
14193,Germany,37.0,97.53,5,2,8,19,0,36.1,11,3608.61,1
11894,UK,32.0,105.94,11,5,9,17,0,28.8,6,3390.08,1
16470,Japan,12.0,24.08,17,0,2,18,0,29.3,7,288.96,0
14027,UK,40.0,55.12,14,1,7,9,1,10.8,9,2204.7999999999997,1
13423,UK,6.0,6.95,5,2,8,8,0,27.8,15,41.7,0
16965,Australia,13.0,83.71,6,5,2,16,1,49.5,24,1088.23,0
14081,UK,47.0,149.24,6,5,10,8,0,59.3,13,7014.280000000001,1
14643,Australia,37.0,64.77,14,4,5,19,1,57.7,13,2396.49,1
14400,UK,6.0,148.51,10,4,3,19,0,57.8,28,891.06,0
12585,UK,,19.37,1,0,9,15,1,2.1,3,484.25,0
11258,UK,13.0,59.17,2,1,6,17,1,31.4,1,769.21,0
18272,France,4.0,135.34,2,6,7,13,1,12.8,29,541.36,0
10917,Netherlands,9.0,131.57,19,5,7,20,0,37.3,28,1184.1299999999999,0
13248,Australia,29.0,48.88,10,1,8,8,1,56.8,12,1417.52,0
16674,Norway,1.0,101.95,10,4,5,11,0,52.7,7,101.95,0
11312,France,15.0,132.98,15,5,10,17,0,52.1,4,1994.6999999999998,1
16555,Netherlands,16.0,115.15,4,5,11,18,1,22.6,5,1842.4,1
17330,UK,48.0,94.46,1,6,6,11,1,30.6,26,4534.08,1
16629,Sweden,48.0,23.31,6,3,3,18,1,17.6,22,1118.8799999999999,0
13050,Germany,42.0,11.41,4,0,4,13,1,33.7,25,479.22,0
10197,Japan,17.0,92.39,16,5,10,19,0,18.9,16,1570.63,1
18873,UK,26.0,75.29,16,0,4,11,1,48.7,20,1957.5400000000002,1
13265,UK,25.0,36.09,13,4,10,16,1,28.4,26,902.2500000000001,0
18050,France,43.0,44.27,18,5,8,10,1,,11,1903.6100000000001,1
11978,UK,37.0,59.12,9,0,6,9,0,52.5,16,2187.44,1
11624,UK,45.0,74.58,5,5,2,17,1,18.7,9,3356.1,1
17781,Norway,28.0,58.84,7,5,7,16,1,37.7,15,1647.52,1
19397,UK,46.0,58.4,3,4,9,11,1,50.9,7,2686.4,1
18606,UK,37.0,17.8,18,2,2,15,1,57.1,6,658.6,0
17512,UK,37.0,129.91,12,1,10,20,0,10.6,11,4806.67,1
12466,UK,33.0,91.57,15,4,3,12,0,41.2,28,3021.81,1
19132,Germany,17.0,22.34,6,1,5,14,1,26.7,8,379.78,0
16678,Sweden,30.0,63.87,14,4,7,10,0,17.8,20,1916.1,1
11721,Norway,18.0,62.8,7,1,9,14,1,10.3,17,1130.3999999999999,0
11293,France,32.0,90.29,9,2,3,19,0,35.5,18,2889.28,1
18711,France,13.0,91.53,13,3,5,16,0,20.7,4,1189.89,0
12751,UK,40.0,96.96,19,1,10,9,1,40.4,23,3878.3999999999996,1
17658,Japan,28.0,104.84,11,5,4,17,0,17.6,23,2935.52,1
11386,UK,35.0,15.95,14,4,8,13,0,1.0,3,558.25,0
12805,UK,11.0,46.09,12,0,5,8,1,46.3,12,506.99,0
12835,Norway,39.0,,9,5,1,16,1,10.5,26,2973.165,1
12811,Japan,40.0,68.47,18,5,7,11,0,15.9,7,2738.8,1
16747,UK,8.0,,19,5,5,20,0,14.9,15,609.88,0
19143,France,,110.28,6,4,4,20,0,21.2,24,2757.0,1
19103,UK,34.0,25.48,18,4,11,16,1,29.6,24,866.32,0
17415,UK,43.0,94.91,9,2,10,16,1,48.9,12,4081.1299999999997,1
12025,UK,37.0,46.35,15,1,4,11,0,39.4,21,1714.95,1
19605,UK,24.0,,10,1,7,8,0,9.6,27,1829.6399999999999,1
15420,UK,15.0,108.03,15,2,9,8,1,11.8,14,1620.45,1
15459,UK,,11.2,17,2,1,14,0,51.0,29,280.0,0
17013,UK,43.0,51.75,9,5,2,12,0,15.7,23,2225.25,1
17690,UK,44.0,59.0,14,3,7,20,1,13.9,19,2596.0,1
19529,Sweden,15.0,107.5,10,2,12,11,0,1.2,21,1612.5,1
15823,Germany,22.0,30.28,16,5,12,10,1,46.7,6,666.1600000000001,0
16100,Japan,,142.14,4,5,6,18,0,44.6,1,3553.4999999999995,1
17455,UK,47.0,149.67,14,6,9,18,0,21.5,24,7034.49,1
12551,Germany,43.0,122.93,12,2,6,12,1,1.4,21,5285.990000000001,1
13077,Australia,9.0,45.31,9,1,11,9,1,47.3,28,407.79,0
16254,UK,13.0,99.75,8,0,7,9,0,6.9,15,1296.75,0
10641,UK,28.0,12.93,14,1,11,14,0,28.2,12,362.03999999999996,0
13204,UK,21.0,130.76,7,4,5,19,0,50.6,25,2745.96,1
17179,UK,23.0,77.64,1,5,12,13,0,15.4,28,1785.72,1
19761,UK,19.0,26.88,19,4,9,8,0,23.4,24,510.71999999999997,0
15194,UK,34.0,49.45,9,6,10,12,1,,24,1681.3000000000002,1
13996,UK,45.0,120.21,4,4,1,8,0,40.7,5,5409.45,1
14403,Germany,45.0,130.6,5,6,10,13,0,28.3,26,5877.0,1
16854,UK,23.0,78.2,16,1,2,14,1,26.6,1,1798.6000000000001,1
15444,UK,,72.31,7,2,12,17,1,25.8,22,1807.75,1
10232,France,35.0,112.73,6,5,3,8,0,29.7,6,3945.55,1
15392,UK,10.0,124.02,10,4,10,14,0,,2,1240.2,0
14000,UK,39.0,114.84,1,3,8,10,1,16.1,22,4478.76,1
17008,UK,18.0,57.97,11,6,5,14,0,19.6,10,1043.46,0
18751,UK,31.0,,1,5,11,20,1,29.2,26,2363.285,1
19624,UK,,128.68,16,2,5,17,1,23.5,9,3217.0,1
16102,UK,47.0,23.19,9,4,1,18,1,35.5,21,1089.93,0
13625,UK,47.0,58.53,5,2,1,8,1,38.2,19,2750.91,1
14439,Norway,40.0,8.96,9,2,11,17,0,59.8,24,358.40000000000003,0
11764,Sweden,25.0,61.63,4,5,5,19,1,37.3,25,1540.75,1
19359,UK,20.0,115.96,7,4,10,16,1,44.3,18,2319.2,1
18473,UK,22.0,29.96,3,0,1,18,0,,11,659.12,0
18539,UK,47.0,81.51,13,4,1,8,1,45.9,15,3830.9700000000003,1
13281,Australia,11.0,5.97,19,4,12,17,0,31.0,18,65.67,0
13222,Australia,26.0,134.7,10,3,2,18,0,,29,3502.2,1
18566,UK,34.0,123.09,2,2,9,10,1,58.3,6,4185.06,1
15445,UK,2.0,78.9,2,4,5,14,0,14.6,3,157.8,0
17046,UK,32.0,106.02,16,6,7,13,0,55.8,14,3392.64,1
14898,Japan,13.0,16.04,7,0,2,9,0,40.6,13,208.51999999999998,0
14427,Japan,14.0,126.86,6,4,4,9,1,44.6,27,1776.04,1
16322,UK,31.0,107.43,2,6,10,11,0,28.9,9,3330.3300000000004,1
18129,Germany,1.0,18.44,13,2,7,9,1,21.9,5,18.44,0
13341,UK,8.0,147.11,2,2,7,14,0,48.2,4,1176.88,0
18091,France,23.0,3.87,18,1,12,8,0,2.3,26,89.01,0
12442,Sweden,29.0,94.46,4,1,5,8,0,32.9,18,2739.3399999999997,1
14028,UK,6.0,26.18,2,2,10,16,0,5.4,29,157.07999999999998,0
19126,UK,18.0,108.03,14,5,9,11,1,16.0,8,1944.54,1
19544,Germany,,11.03,7,1,6,12,0,43.8,3,275.75,0
19238,UK,27.0,12.62,14,1,4,12,0,45.5,14,340.73999999999995,0
13160,Australia,15.0,70.21,1,6,5,14,1,53.5,6,1053.1499999999999,0
18433,UK,1.0,149.1,17,6,11,14,0,43.2,4,149.1,0
19360,Japan,26.0,41.84,6,1,4,9,0,40.8,26,1087.8400000000001,0
19782,UK,42.0,92.07,15,2,8,8,1,56.8,12,3866.9399999999996,1
10209,UK,29.0,78.03,18,2,2,13,0,32.7,3,2262.87,1
17449,UK,18.0,126.4,11,2,5,15,0,39.6,6,2275.2000000000003,1
19967,UK,24.0,43.64,7,1,12,17,1,52.2,11,1047.3600000000001,0
17646,UK,7.0,83.46,6,0,7,10,0,46.1,27,584.2199999999999,0
12331,France,12.0,,14,4,10,9,0,46.4,19,914.8199999999999,0
17625,UK,22.0,50.22,1,0,4,15,0,32.7,16,1104.84,0
11052,UK,30.0,66.19,3,4,10,19,1,32.1,17,1985.6999999999998,1
14806,UK,24.0,133.38,13,0,12,11,0,39.3,24,3201.12,1
16262,UK,48.0,50.21,1,1,12,9,1,42.3,6,2410.08,1
14564,Japan,32.0,57.41,6,0,6,13,1,33.2,15,1837.12,1
16998,Sweden,,45.97,13,2,9,15,0,11.9,12,1149.25,0
12402,UK,26.0,121.52,5,2,11,16,0,15.7,2,3159.52,1
16062,Netherlands,29.0,139.59,18,2,10,9,0,30.1,16,4048.11,1
16448,France,3.0,94.85,19,2,12,16,1,13.0,21,284.54999999999995,0
16337,Norway,19.0,93.73,1,6,1,12,1,26.0,20,1780.8700000000001,1
12893,UK,43.0,58.81,4,3,7,8,1,9.7,2,2528.83,1
13053,UK,18.0,2.37,18,5,10,19,1,9.6,12,42.660000000000004,0
12578,UK,23.0,,1,1,9,14,0,50.7,12,1753.405,1
14617,Japan,11.0,22.54,10,3,2,11,0,33.0,5,247.94,0
15859,France,4.0,17.82,19,0,7,18,1,47.0,16,71.28,0
13625,UK,16.0,98.28,12,1,2,18,0,1.7,16,1572.48,1
14099,UK,38.0,20.88,6,0,2,10,1,17.9,23,793.4399999999999,0
12864,France,49.0,13.3,1,0,2,20,1,2.0,23,651.7,0
12188,Japan,33.0,57.7,8,1,12,14,1,1.2,27,1904.1000000000001,1
16574,UK,41.0,37.73,11,1,4,11,0,2.9,13,1546.9299999999998,1
18160,France,32.0,,2,2,6,13,0,31.8,6,2439.52,1
12907,UK,33.0,22.35,11,5,4,10,1,6.4,16,737.5500000000001,0
18605,UK,21.0,38.8,8,1,11,19,1,48.1,20,814.8,0
15709,UK,3.0,80.76,7,4,11,11,1,31.5,10,242.28000000000003,0
11676,Netherlands,21.0,113.84,19,2,8,13,0,15.5,14,2390.64,1
13659,Norway,43.0,127.99,17,2,10,8,1,50.5,27,5503.57,1
10075,UK,27.0,112.84,14,6,2,20,0,31.1,23,3046.6800000000003,1
10391,UK,38.0,94.42,12,3,12,11,1,21.7,18,3587.96,1
13361,UK,3.0,136.19,10,1,6,16,1,34.5,28,408.57,0
14544,UK,10.0,78.2,2,1,5,12,1,40.7,1,782.0,0
17975,UK,,95.19,6,1,3,15,0,34.0,16,2379.75,1
11343,UK,18.0,62.04,1,5,11,15,1,56.0,8,1116.72,0
18391,UK,49.0,49.44,7,4,3,11,0,21.9,9,2422.56,1
12345,UK,23.0,,9,1,11,13,1,,23,1753.405,1
11383,UK,33.0,22.67,12,3,9,15,0,51.7,24,748.11,0
16998,Netherlands,32.0,119.59,7,3,10,10,0,38.6,15,3826.88,1
17743,UK,21.0,8.78,5,0,1,9,1,58.0,16,184.38,0
16049,Germany,48.0,101.37,14,6,9,10,0,47.7,18,4865.76,1
11157,Sweden,11.0,129.74,3,5,12,13,0,31.3,26,1427.14,0
11153,Germany,2.0,74.87,3,3,5,10,0,38.4,1,149.74,0
13900,UK,37.0,11.0,14,5,6,11,0,25.0,17,407.0,0
14506,UK,33.0,64.55,12,0,2,16,0,8.5,2,2130.15,1
19986,Germany,13.0,51.81,17,6,6,16,1,25.0,28,673.53,0
12864,UK,43.0,147.84,15,4,9,20,0,17.6,7,6357.12,1
11925,UK,8.0,103.84,18,6,4,17,0,41.0,1,830.72,0
19459,UK,13.0,108.34,13,6,9,13,1,40.5,24,1408.42,0
11539,UK,8.0,77.62,16,4,2,20,0,56.3,22,620.96,0
10264,UK,10.0,106.56,4,2,9,19,0,5.7,27,1065.6,0
14228,Germany,,108.52,11,4,8,10,1,28.6,11,2713.0,1
14010,UK,35.0,10.42,18,3,3,10,1,24.5,9,364.7,0
16196,UK,32.0,33.78,15,2,5,19,1,32.1,20,1080.96,0
18777,Australia,43.0,2.44,8,4,3,19,0,8.1,28,104.92,0
19329,UK,4.0,76.72,18,6,8,18,1,30.0,28,306.88,0
12896,Germany,31.0,131.43,6,1,8,13,1,39.8,12,4074.3300000000004,1
19808,UK,6.0,91.63,1,3,7,19,0,19.5,19,549.78,0
16326,UK,47.0,75.28,16,5,3,17,1,39.4,24,3538.16,1
10696,Sweden,32.0,138.93,8,2,3,17,0,,22,4445.76,1
19384,UK,38.0,26.25,1,2,10,15,0,22.8,18,997.5,0
11379,UK,28.0,11.65,4,0,6,11,1,54.5,5,326.2,0
15885,Sweden,19.0,137.64,2,2,6,17,1,2.5,19,2615.16,1
17907,France,34.0,135.47,19,4,4,19,0,17.1,5,4605.98,1
12494,France,41.0,,17,6,12,19,0,56.2,14,3125.6349999999998,1
12706,UK,9.0,37.27,18,3,3,15,1,9.7,17,335.43,0
14761,UK,43.0,145.48,4,2,10,8,0,24.4,1,6255.639999999999,1
18848,Germany,36.0,114.92,16,5,10,17,0,27.8,13,4137.12,1
12236,UK,5.0,101.25,11,1,3,11,1,39.5,10,506.25,0
16634,UK,46.0,33.83,6,1,1,10,1,37.1,4,1556.1799999999998,1
14525,Netherlands,9.0,77.21,13,3,3,9,1,38.0,19,694.89,0
11118,UK,30.0,123.48,19,5,4,10,0,56.5,22,3704.4,1
17108,UK,7.0,,9,1,9,14,0,24.2,26,533.645,0
18325,UK,10.0,,1,0,7,11,1,29.9,21,762.35,0
15756,UK,32.0,78.66,17,5,6,12,1,57.9,6,2517.12,1
11763,Germany,,104.8,4,4,6,14,0,8.6,3,2620.0,1
11557,Japan,34.0,,4,4,12,14,1,56.9,24,2591.99,1
14234,UK,17.0,62.94,12,2,12,13,1,56.9,2,1069.98,0
15064,UK,41.0,13.27,16,0,1,13,0,57.3,12,544.0699999999999,0
15521,UK,3.0,19.34,16,2,11,19,0,5.0,11,58.019999999999996,0
12436,UK,42.0,114.16,17,3,5,11,0,35.1,6,4794.72,1
15007,UK,15.0,4.19,17,3,10,8,1,50.5,19,62.85000000000001,0
12950,Sweden,31.0,8.32,3,6,12,18,0,19.5,23,257.92,0
16861,UK,45.0,135.74,6,1,7,9,0,35.8,26,6108.3,1
17964,UK,13.0,105.75,14,2,8,18,1,16.1,14,1374.75,0
16526,Norway,21.0,1.13,8,1,6,12,0,8.6,13,23.729999999999997,0
10012,UK,41.0,,14,3,1,18,1,51.3,6,3125.6349999999998,1
19920,Sweden,43.0,114.62,9,5,1,10,0,58.9,3,4928.66,1
10237,UK,12.0,62.93,9,6,5,10,1,5.1,25,755.16,0
19994,UK,25.0,70.59,1,1,10,13,0,8.2,25,1764.75,1
10317,Sweden,17.0,69.09,12,3,5,13,0,35.7,29,1174.53,0
15164,UK,26.0,30.72,17,5,6,17,1,6.1,4,798.72,0
11059,UK,19.0,108.35,16,0,7,16,1,38.2,13,2058.65,1
10951,UK,1.0,15.9,7,4,4,20,1,43.4,19,15.9,0
16833,France,46.0,76.33,13,0,6,16,1,25.5,26,3511.18,1
17278,Germany,32.0,25.91,4,0,8,10,1,45.6,12,829.12,0
11182,UK,23.0,7.46,13,0,11,9,0,7.7,5,171.58,0
19766,France,6.0,21.91,8,6,10,11,0,18.8,27,131.46,0
13204,Germany,4.0,130.47,18,4,10,20,0,48.7,3,521.88,0
13183,UK,24.0,26.83,14,5,7,17,0,6.2,21,643.92,0
12969,UK,32.0,42.12,2,4,9,17,0,17.8,11,1347.84,0
14612,UK,13.0,21.15,17,5,2,11,0,37.6,1,274.95,0
11778,UK,37.0,110.46,14,3,2,14,1,15.6,16,4087.02,1
14247,UK,20.0,67.09,5,5,12,17,0,29.4,11,1341.8000000000002,0
12099,UK,1.0,141.57,6,0,8,20,0,50.4,13,141.57,0
10514,UK,27.0,99.82,4,4,2,15,1,16.9,6,2695.14,1
13687,UK,9.0,79.94,6,5,5,8,0,26.7,20,719.46,0
16722,France,1.0,98.67,18,6,12,19,1,2.1,9,98.67,0
17630,UK,,6.54,18,2,1,20,1,,5,163.5,0
13533,Norway,14.0,142.62,11,1,6,8,0,21.9,12,1996.68,1
13237,Sweden,26.0,143.49,7,5,11,13,0,,6,3730.7400000000002,1
17874,Germany,49.0,41.78,7,0,12,20,0,6.2,16,2047.22,1
16811,Norway,11.0,94.43,19,5,5,20,0,47.2,16,1038.73,0
18321,Japan,3.0,30.69,4,4,11,20,0,49.0,24,92.07000000000001,0
19061,UK,10.0,82.35,15,4,9,20,0,46.8,29,823.5,0
18212,France,16.0,115.73,19,2,5,8,0,44.3,3,1851.68,1
19364,UK,11.0,141.0,17,0,10,9,1,15.0,2,1551.0,1
14166,France,16.0,51.21,14,4,10,14,0,25.6,13,819.36,0
13946,UK,48.0,104.18,18,2,4,15,1,23.8,2,5000.64,1
13215,UK,19.0,107.61,5,2,2,13,0,,25,2044.59,1
12352,UK,32.0,33.56,19,1,10,11,0,30.0,24,1073.92,0
17488,Norway,34.0,,2,2,1,11,0,42.2,13,2591.99,1
17144,UK,7.0,98.49,1,5,10,15,1,29.2,28,689.43,0
18013,UK,13.0,114.73,4,6,5,20,0,58.5,16,1491.49,1
11673,UK,21.0,149.99,12,2,9,18,0,42.8,16,3149.79,1
14912,UK,23.0,,5,0,8,10,1,27.1,23,1753.405,1
12219,Australia,1.0,30.74,13,0,1,9,1,24.8,16,30.74,0
18930,Netherlands,32.0,22.19,3,1,1,11,1,35.4,21,710.08,0
12674,UK,15.0,23.59,14,0,8,17,0,26.5,7,353.85,0
11439,UK,16.0,68.41,5,4,7,8,0,14.1,15,1094.56,0
15698,UK,30.0,131.84,10,4,1,17,1,31.7,24,3955.2000000000003,1
18790,UK,47.0,67.58,3,5,12,15,0,40.7,29,3176.2599999999998,1
19157,Australia,43.0,100.44,19,2,3,16,0,22.1,6,4318.92,1
10960,France,49.0,56.79,8,5,11,19,0,17.7,2,2782.71,1
13258,UK,21.0,48.29,12,1,2,15,1,13.8,18,1014.09,0
11535,Germany,6.0,125.22,10,1,3,16,1,,2,751.3199999999999,0
13078,UK,11.0,98.5,12,6,7,14,1,15.4,20,1083.5,0
15338,Germany,17.0,52.96,9,6,7,16,1,46.0,13,900.32,0
12805,UK,15.0,137.17,2,4,8,12,0,38.7,24,2057.5499999999997,1
10675,France,11.0,75.03,16,4,3,8,1,17.9,5,825.33,0
15100,UK,8.0,28.65,13,4,4,8,0,59.5,2,229.2,0
10528,Sweden,10.0,72.74,5,5,4,17,1,39.1,7,727.4,0
12266,UK,33.0,101.37,2,1,6,16,0,9.4,2,3345.21,1
10005,UK,25.0,55.38,17,0,12,13,1,49.9,5,1384.5,0
10868,UK,2.0,126.65,7,1,6,17,0,45.5,22,253.3,0
14363,UK,28.0,80.21,18,2,12,14,0,30.5,21,2245.8799999999997,1
18507,UK,42.0,70.43,15,1,4,11,1,14.8,19,2958.0600000000004,1
17746,Germany,21.0,128.88,19,3,3,15,0,48.8,13,2706.48,1
10988,France,16.0,69.71,13,0,2,12,1,8.3,7,1115.36,0
10348,UK,14.0,62.45,4,4,3,20,0,25.7,25,874.3000000000001,0
13380,France,19.0,16.01,1,4,4,17,0,49.2,26,304.19000000000005,0
16522,France,14.0,54.69,5,0,5,17,0,48.3,8,765.66,0
17467,UK,46.0,59.86,9,2,9,16,1,38.2,26,2753.56,1
18231,UK,49.0,27.5,12,3,6,16,0,1.5,19,1347.5,0
13422,UK,17.0,88.38,18,0,9,18,1,20.7,11,1502.46,1
11680,UK,46.0,22.0,3,4,2,13,1,51.3,7,1012.0,0
10263,Netherlands,42.0,33.94,13,5,12,18,0,43.6,18,1425.48,0
11468,Sweden,4.0,84.38,2,2,2,8,1,48.8,1,337.52,0
10651,Germany,25.0,40.71,10,0,1,16,1,4.7,10,1017.75,0
18608,UK,33.0,96.13,2,3,6,15,1,56.5,20,3172.29,1
12684,France,21.0,103.73,8,6,8,8,1,14.5,15,2178.33,1
18231,France,,45.54,12,2,3,16,1,20.6,5,1138.5,0
15531,UK,25.0,13.56,15,5,2,8,1,50.6,5,339.0,0
15389,Australia,34.0,73.67,16,6,11,17,1,25.0,21,2504.78,1
14547,UK,15.0,14.39,10,1,10,14,0,38.9,25,215.85000000000002,0
18191,UK,30.0,77.53,5,4,10,15,1,33.6,21,2325.9,1
10434,UK,12.0,109.07,18,0,3,15,0,52.1,5,1308.84,0
10927,UK,44.0,93.24,18,3,7,11,1,10.2,20,4102.5599999999995,1
14233,Japan,5.0,67.52,19,6,9,16,1,6.8,9,337.59999999999997,0
13944,UK,4.0,141.91,16,6,6,10,0,38.3,18,567.64,0
15455,UK,2.0,15.71,15,1,3,17,1,,18,31.42,0
17377,UK,18.0,132.06,2,4,10,9,1,55.5,26,2377.08,1
15875,UK,30.0,120.12,11,0,12,9,1,,24,3603.6000000000004,1
12574,UK,,63.25,8,1,2,17,1,44.4,3,1581.25,1
13272,UK,23.0,23.35,5,5,9,8,0,24.1,1,537.0500000000001,0
17523,France,9.0,23.8,2,4,11,20,1,19.8,28,214.20000000000002,0
12014,UK,19.0,138.31,5,2,7,8,0,2.4,9,2627.89,1
15041,Netherlands,7.0,35.44,18,6,1,14,1,15.8,2,248.07999999999998,0
15387,UK,24.0,131.18,18,5,9,20,0,11.0,6,3148.32,1
17502,France,36.0,75.74,15,0,12,16,0,16.8,15,2726.64,1
17143,Australia,2.0,69.53,2,0,4,16,0,18.0,26,139.06,0
14646,UK,,93.12,14,4,2,17,1,51.7,27,2328.0,1
13091,UK,12.0,32.65,3,6,4,17,0,13.0,20,391.79999999999995,0
13679,Sweden,33.0,64.54,13,1,10,10,0,49.3,8,2129.82,1
14115,UK,40.0,140.8,1,3,7,12,0,51.7,21,5632.0,1
12191,Germany,39.0,36.12,6,5,1,10,1,28.4,25,1408.6799999999998,0
16254,UK,33.0,138.28,3,6,8,10,1,43.7,12,4563.24,1
12083,UK,34.0,149.13,18,4,10,10,1,19.8,18,5070.42,1
16486,UK,10.0,8.26,11,6,3,16,0,2.0,15,82.6,0
17514,Japan,7.0,79.94,18,6,8,20,1,42.9,25,559.5799999999999,0
19618,UK,19.0,26.19,1,5,3,15,0,36.8,18,497.61,0
11189,Netherlands,30.0,93.45,15,4,1,8,0,28.2,2,2803.5,1
17597,France,31.0,148.44,10,6,5,16,0,54.0,26,4601.64,1
10859,UK,39.0,134.58,9,0,10,15,1,43.9,17,5248.620000000001,1
13372,UK,16.0,138.76,17,0,9,18,1,26.1,13,2220.16,1
11762,UK,43.0,32.4,1,3,2,12,0,4.1,6,1393.2,0
11622,UK,23.0,81.58,18,4,3,13,1,52.7,21,1876.34,1
11753,Germany,13.0,35.61,1,6,7,16,0,59.1,1,462.93,0
10439,UK,37.0,134.96,7,4,4,17,0,38.4,6,4993.52,1
18231,UK,7.0,,3,1,4,10,0,46.3,20,533.645,0
10611,France,20.0,23.52,10,6,6,15,0,30.9,8,470.4,0
13985,Germany,39.0,2.32,12,0,10,20,1,15.0,22,90.47999999999999,0
16991,UK,38.0,27.7,13,0,7,8,0,54.8,8,1052.6,0
19903,Germany,13.0,28.87,16,5,11,12,0,41.6,22,375.31,0
18537,UK,9.0,12.08,15,6,2,14,1,33.4,20,108.72,0
11372,France,2.0,130.23,19,3,6,20,0,41.2,22,260.46,0
19877,UK,5.0,117.11,9,0,7,20,0,31.2,22,585.55,0
16535,UK,41.0,38.54,4,0,10,15,1,4.4,24,1580.1399999999999,1
11795,UK,39.0,117.6,3,6,7,15,0,40.0,11,4586.4,1
14487,Germany,25.0,63.61,6,1,11,13,0,1.3,14,1590.25,1
19178,Germany,28.0,116.44,12,4,11,13,1,,3,3260.3199999999997,1
13929,UK,17.0,48.79,2,2,9,17,1,10.2,11,829.43,0
11836,Japan,10.0,84.92,19,1,5,15,1,21.1,14,849.2,0
18750,Australia,1.0,57.55,19,4,4,15,0,54.6,23,57.55,0
19529,UK,33.0,28.56,4,5,7,18,0,5.7,27,942.4799999999999,0
19755,France,2.0,88.05,15,3,6,9,0,22.1,20,176.1,0
19557,UK,6.0,112.75,12,3,1,20,0,45.8,4,676.5,0
18728,Norway,39.0,113.09,10,3,3,17,1,51.9,6,4410.51,1
14544,UK,29.0,53.77,14,4,11,15,1,44.4,16,1559.3300000000002,1
11923,UK,24.0,78.05,11,5,6,15,0,57.9,13,1873.1999999999998,1
16171,UK,11.0,114.68,7,4,12,15,1,,27,1261.48,0
12207,UK,8.0,8.65,11,1,3,15,1,44.9,6,69.2,0
14731,France,23.0,11.25,3,1,12,12,1,25.9,17,258.75,0
16560,UK,18.0,56.75,5,4,10,17,0,18.8,23,1021.5,0
19465,UK,27.0,33.91,19,4,5,11,1,28.3,13,915.5699999999999,0
12890,UK,9.0,56.51,4,2,8,16,1,46.3,8,508.59,0
12519,Japan,,14.52,12,5,12,14,1,,4,363.0,0
17347,Netherlands,6.0,89.01,6,2,8,12,0,46.5,19,534.0600000000001,0
10064,UK,21.0,100.93,9,2,12,18,1,38.0,19,2119.53,1
15664,UK,14.0,118.88,5,3,2,12,1,44.3,22,1664.32,1
17459,UK,11.0,97.75,11,1,2,16,0,10.2,25,1075.25,0
15509,Japan,27.0,59.76,11,4,1,11,0,20.1,29,1613.52,1
13839,France,25.0,140.27,12,6,4,10,1,34.1,6,3506.7500000000005,1
18285,Germany,11.0,109.09,6,6,10,15,1,2.0,13,1199.99,0
13710,Japan,35.0,79.39,11,3,12,20,1,54.8,10,2778.65,1
17105,UK,17.0,31.42,14,1,7,11,0,15.1,26,534.14,0
14641,France,17.0,97.52,14,3,6,9,1,6.2,4,1657.84,1
10265,UK,24.0,88.96,11,0,12,9,1,40.2,20,2135.04,1
15305,UK,7.0,102.66,6,4,8,14,1,12.4,10,718.62,0
10494,UK,21.0,117.28,11,3,7,18,0,34.2,1,2462.88,1
19309,UK,29.0,137.3,11,0,2,17,0,15.7,18,3981.7000000000003,1
16015,Sweden,7.0,142.38,19,3,3,10,0,10.8,12,996.66,0
13720,UK,28.0,94.71,8,5,9,18,0,44.4,21,2651.8799999999997,1
14861,Australia,2.0,144.91,7,1,9,10,1,23.9,12,289.82,0
16191,France,30.0,136.76,15,2,6,15,1,34.9,6,4102.799999999999,1
12601,France,2.0,0.89,13,6,9,19,0,13.8,4,1.78,0
12883,Sweden,9.0,95.82,9,4,9,18,1,33.6,6,862.3799999999999,0
14186,UK,18.0,27.18,1,5,1,17,1,,13,489.24,0
12585,UK,31.0,44.63,14,3,11,12,1,4.0,8,1383.53,0
17579,UK,36.0,44.98,15,3,9,17,1,43.9,4,1619.28,1
11038,UK,23.0,72.73,18,3,3,13,0,33.6,10,1672.7900000000002,1
18266,Japan,7.0,2.12,10,3,3,12,0,55.7,25,14.84,0
13485,UK,19.0,35.75,10,1,12,14,1,48.7,25,679.25,0
15612,UK,39.0,4.85,4,0,4,16,1,34.7,11,189.14999999999998,0
11577,UK,5.0,,9,5,1,10,1,3.5,16,381.175,0
13853,UK,36.0,133.45,1,3,1,20,0,45.4,6,4804.2,1
17545,France,19.0,149.67,10,3,3,19,0,33.4,12,2843.7299999999996,1
12706,UK,1.0,67.56,14,4,8,11,1,50.3,18,67.56,0
11322,Netherlands,35.0,39.39,15,2,6,11,1,35.1,1,1378.65,0
15219,Germany,2.0,128.04,13,6,9,8,0,1.1,25,256.08,0
11624,Netherlands,19.0,17.42,16,3,3,13,0,49.1,27,330.98,0
13147,UK,10.0,146.15,13,3,3,10,0,48.2,28,1461.5,0
14504,Germany,29.0,107.37,15,3,5,20,0,6.9,7,3113.73,1
15640,UK,3.0,75.84,9,1,10,19,1,41.3,26,227.52,0
16393,UK,5.0,14.95,12,1,7,18,0,32.0,4,74.75,0
16766,France,27.0,3.22,13,1,10,11,1,35.8,26,86.94000000000001,0
18442,Germany,49.0,81.91,11,1,2,16,0,53.5,4,4013.5899999999997,1
10660,UK,2.0,62.37,11,1,5,14,1,15.7,11,124.74,0
13623,Japan,23.0,126.48,15,1,6,11,1,,28,2909.04,1
10010,UK,40.0,96.52,5,6,1,14,1,13.3,15,3860.7999999999997,1
10094,Germany,15.0,65.07,7,2,4,10,0,55.0,7,976.05,0
12122,Norway,25.0,34.29,10,5,4,20,0,13.5,11,857.25,0
15981,UK,,72.32,13,2,6,10,0,40.8,10,1807.9999999999998,1
18945,Australia,36.0,,10,5,2,11,0,47.6,27,2744.46,1
17735,Germany,15.0,100.22,4,5,4,10,0,49.0,12,1503.3,1
16462,Netherlands,37.0,91.06,16,5,12,14,0,1.6,3,3369.2200000000003,1
17781,France,34.0,121.61,11,2,2,16,0,1.6,5,4134.74,1
11719,France,25.0,67.7,9,0,10,20,1,,17,1692.5,1
18398,UK,22.0,42.16,17,2,7,13,1,32.1,1,927.52,0
18902,France,46.0,125.54,9,4,1,10,0,4.8,8,5774.84,1
10950,UK,43.0,103.8,4,4,5,8,1,2.6,18,4463.4,1
14699,Norway,49.0,106.15,19,4,7,15,1,48.8,25,5201.35,1
18300,UK,34.0,79.45,8,6,4,20,1,54.4,3,2701.3,1
14760,UK,18.0,131.46,17,1,4,8,0,31.9,10,2366.28,1
18404,Japan,6.0,34.55,10,3,9,20,0,22.9,12,207.29999999999998,0
19355,UK,7.0,60.55,5,3,1,11,0,42.4,26,423.84999999999997,0
14746,UK,47.0,119.54,8,1,12,19,0,,23,5618.38,1
10594,France,18.0,20.38,18,4,4,8,1,54.0,27,366.84,0
13400,UK,,121.31,18,0,5,19,1,16.1,19,3032.75,1
12151,UK,11.0,53.21,3,6,2,12,0,12.3,5,585.3100000000001,0
14741,UK,2.0,19.26,19,0,11,11,0,19.3,28,38.52,0
15857,UK,27.0,12.33,17,0,3,10,0,4.8,22,332.91,0
14638,UK,29.0,126.53,13,1,10,9,1,24.0,20,3669.37,1
11954,UK,19.0,116.9,4,6,4,18,1,43.2,11,2221.1,1
13011,UK,37.0,43.56,12,6,1,8,0,30.4,24,1611.72,1
16795,UK,24.0,17.9,9,6,5,14,1,40.4,12,429.59999999999997,0
10269,UK,48.0,37.46,3,5,7,20,0,13.6,10,1798.08,1
12140,Germany,38.0,32.34,19,6,6,13,0,24.5,8,1228.92,0
18923,Germany,4.0,110.09,12,3,12,18,1,31.6,20,440.36,0
10991,UK,14.0,,2,0,7,17,0,34.8,18,1067.29,0
14147,UK,37.0,32.81,7,3,10,18,1,,7,1213.97,0
12069,Japan,27.0,5.32,16,1,5,20,0,48.7,10,143.64000000000001,0
11046,Germany,37.0,89.73,9,1,2,9,1,6.3,7,3320.01,1
14227,UK,17.0,103.5,10,4,6,11,1,6.8,22,1759.5,1
15214,UK,2.0,98.2,3,1,7,12,0,15.7,10,196.4,0
11761,UK,39.0,85.51,3,2,6,8,0,39.6,23,3334.8900000000003,1
10777,Australia,39.0,144.93,19,2,10,9,0,5.5,7,5652.27,1
11346,Sweden,,,19,0,12,9,1,1.5,12,1905.875,1
16515,Sweden,20.0,129.09,2,4,1,20,0,28.9,1,2581.8,1
18602,UK,1.0,97.08,11,5,1,19,0,21.5,1,97.08,0
11802,UK,36.0,13.08,13,3,4,15,0,10.2,1,470.88,0
13203,UK,33.0,121.61,17,0,8,18,1,39.7,2,4013.13,1
13438,UK,33.0,87.87,11,5,1,12,1,38.8,27,2899.71,1
13607,UK,9.0,98.2,17,3,3,14,1,8.2,8,883.8000000000001,0
12443,Germany,36.0,27.44,3,1,5,19,0,14.6,16,987.84,0
10552,UK,36.0,65.9,1,6,5,9,1,22.5,28,2372.4,1
15251,Sweden,43.0,132.15,9,6,11,9,0,59.4,15,5682.45,1
13573,UK,28.0,32.71,6,3,7,14,0,46.3,12,915.88,0
13422,UK,36.0,0.52,15,3,11,11,0,20.9,22,18.72,0
12648,Japan,20.0,39.0,7,6,10,16,0,58.0,22,780.0,0
19293,France,35.0,73.39,8,1,5,16,1,27.8,3,2568.65,1
16104,UK,35.0,123.28,11,2,12,12,0,23.4,28,4314.8,1
14186,Germany,39.0,96.67,19,3,11,9,1,56.7,4,3770.13,1
12053,UK,42.0,137.9,2,2,6,9,1,44.4,10,5791.8,1
18011,UK,1.0,68.61,11,2,11,13,1,33.3,28,68.61,0
18883,UK,39.0,58.93,8,0,4,12,0,36.4,17,2298.27,1
10323,UK,39.0,,1,1,3,8,1,58.4,17,2973.165,1
19296,Germany,27.0,33.1,16,2,10,16,0,10.0,25,893.7,0
16994,UK,26.0,110.55,18,5,10,20,1,21.5,14,2874.2999999999997,1
10998,France,36.0,12.51,4,2,3,20,0,25.8,18,450.36,0
17531,Netherlands,23.0,36.79,15,1,10,9,1,59.1,16,846.17,0
11074,UK,21.0,132.94,14,5,7,10,0,6.0,4,2791.74,1
10508,UK,40.0,86.75,14,2,7,13,0,7.6,9,3470.0,1
11153,UK,39.0,7.46,9,6,11,19,0,26.7,23,290.94,0
14598,Netherlands,11.0,,7,0,2,15,1,11.0,10,838.585,0
16195,France,41.0,,2,0,5,13,1,,27,3125.6349999999998,1
14073,France,16.0,128.25,1,6,4,20,0,22.3,28,2052.0,1
11219,UK,7.0,102.52,4,0,7,16,1,50.9,23,717.64,0
11991,UK,44.0,1.16,11,0,2,20,0,45.2,1,51.04,0
18523,UK,12.0,31.26,3,4,2,19,0,,22,375.12,0
19626,UK,10.0,39.07,14,2,9,20,0,50.9,29,390.7,0
17542,France,14.0,105.48,12,3,1,15,1,,22,1476.72,1
11034,UK,25.0,76.64,7,2,6,12,1,35.3,19,1916.0,1
18198,UK,9.0,112.24,2,2,12,8,0,36.7,18,1010.16,0
16919,UK,,77.17,10,3,12,17,1,15.5,15,1929.25,1
15260,UK,20.0,49.44,16,1,3,11,1,3.9,8,988.8,0
11432,Germany,11.0,16.0,8,1,12,8,0,32.6,14,176.0,0
19966,UK,10.0,30.79,16,1,5,18,1,31.3,27,307.9,0
14426,Sweden,45.0,60.42,6,0,3,13,0,,3,2718.9,1
10441,Australia,30.0,82.94,2,3,7,15,0,13.6,4,2488.2,1
12099,Japan,1.0,140.83,13,3,6,18,1,11.6,26,140.83,0
14012,Germany,5.0,36.34,17,0,5,12,1,58.7,24,181.70000000000002,0
10623,Germany,40.0,100.08,17,3,6,18,0,7.7,15,4003.2,1
13239,Germany,14.0,23.31,19,5,2,15,0,60.0,11,326.34,0
14684,UK,8.0,,3,0,4,15,0,43.5,4,609.88,0
19486,UK,33.0,2.2,1,2,3,11,0,38.1,20,72.60000000000001,0
10863,Germany,42.0,98.56,11,6,12,18,0,21.0,16,4139.52,1
15768,UK,,24.9,19,2,6,11,0,52.2,24,622.5,0
19157,UK,37.0,27.46,19,0,7,16,1,54.7,11,1016.02,0
18061,Japan,21.0,84.06,6,3,6,18,1,43.6,24,1765.26,1
19249,UK,6.0,56.62,8,2,11,9,1,42.9,28,339.71999999999997,0
11703,UK,40.0,70.96,13,1,10,13,1,30.1,5,2838.3999999999996,1
18013,Germany,46.0,46.68,18,0,9,16,1,5.6,23,2147.28,1
19786,UK,49.0,143.04,4,6,4,11,1,59.9,18,7008.96,1
13260,Japan,5.0,43.95,19,5,4,8,1,1.9,12,219.75,0
14986,UK,28.0,,16,4,12,13,1,30.2,7,2134.58,1
15308,Japan,31.0,128.23,2,0,12,14,0,22.7,5,3975.1299999999997,1
14936,Netherlands,4.0,99.8,16,6,4,19,0,46.8,4,399.2,0
12897,UK,47.0,48.76,13,3,5,18,0,44.4,8,2291.72,1
19708,UK,6.0,83.09,19,3,4,10,1,38.1,15,498.54,0
19564,UK,14.0,12.91,4,6,10,11,1,5.4,16,180.74,0
13807,UK,48.0,82.08,19,3,12,10,0,,29,3939.84,1
18052,UK,28.0,64.99,1,1,11,19,1,6.6,22,1819.7199999999998,1
13975,Norway,34.0,113.81,2,1,11,12,0,58.8,29,3869.54,1
17948,UK,25.0,127.26,9,6,5,19,0,8.5,22,3181.5,1
15847,Australia,37.0,30.34,13,3,4,8,1,58.1,17,1122.58,0
14701,UK,4.0,12.69,4,4,11,15,0,7.7,24,50.76,0
11280,Norway,34.0,58.89,6,4,5,8,1,51.9,23,2002.26,1
16545,UK,4.0,80.36,8,1,3,15,0,34.9,24,321.44,0
13210,UK,9.0,56.83,3,2,11,8,1,50.1,8,511.46999999999997,0
12168,Germany,25.0,94.47,4,6,6,10,0,38.4,22,2361.75,1
11932,UK,22.0,76.09,3,1,2,9,1,46.4,7,1673.98,1
19818,Australia,8.0,140.53,19,6,11,17,1,44.1,10,1124.24,0
11032,UK,40.0,61.7,18,1,4,16,0,16.4,21,2468.0,1
17985,UK,15.0,12.83,12,2,4,15,1,56.2,15,192.45,0
18661,UK,43.0,45.64,13,0,7,10,1,39.0,23,1962.52,1
10310,Germany,1.0,91.08,3,4,4,11,1,12.9,21,91.08,0
15893,UK,12.0,38.78,1,2,10,12,0,19.1,22,465.36,0
15774,UK,15.0,40.71,8,3,9,20,0,32.5,5,610.65,0
13586,UK,30.0,51.27,19,4,7,17,1,53.0,4,1538.1000000000001,1
16667,UK,20.0,112.05,10,4,3,8,1,48.0,8,2241.0,1
14086,UK,8.0,141.05,16,6,6,8,0,18.8,11,1128.4,0
14396,Sweden,28.0,52.88,8,3,4,12,0,41.6,24,1480.64,1
14315,UK,47.0,29.73,6,1,12,10,1,1.1,2,1397.31,0
18006,Germany,7.0,63.39,16,4,10,13,0,20.6,16,443.73,0
16331,UK,13.0,53.1,9,0,2,20,1,50.5,23,690.3000000000001,0
13790,UK,24.0,148.51,14,5,7,10,1,9.9,11,3564.24,1
19267,UK,36.0,69.85,14,2,10,15,0,21.9,10,2514.6,1
18020,UK,7.0,102.05,14,5,7,14,0,1.1,6,714.35,0
19327,UK,12.0,137.11,13,1,2,16,0,2.4,13,1645.3200000000002,1
17305,UK,12.0,94.54,16,2,2,15,1,9.6,18,1134.48,0
13914,UK,31.0,37.78,9,4,9,14,0,7.0,17,1171.18,0
17729,Norway,5.0,91.31,6,4,7,11,1,29.9,25,456.55,0
13292,UK,33.0,60.58,10,0,7,20,0,54.1,1,1999.1399999999999,1
12709,UK,21.0,63.64,7,0,4,11,0,6.0,9,1336.44,0
14510,UK,17.0,146.91,1,6,4,9,1,52.3,11,2497.47,1
19693,UK,43.0,42.15,7,3,5,9,1,40.4,12,1812.45,1
15679,France,41.0,70.61,10,5,7,8,0,11.0,22,2895.0099999999998,1
13836,UK,40.0,24.4,10,0,6,12,1,18.1,3,976.0,0
14618,Germany,44.0,27.19,7,3,11,18,0,12.5,9,1196.3600000000001,0
12912,UK,12.0,90.72,14,4,3,10,0,47.6,2,1088.6399999999999,0
16587,UK,42.0,112.78,6,6,6,8,0,43.8,17,4736.76,1
13504,Sweden,9.0,95.65,13,4,3,14,1,19.0,28,860.85,0
15543,UK,17.0,49.73,6,4,1,15,0,4.2,29,845.41,0
13698,Netherlands,28.0,9.41,19,2,5,15,0,11.0,2,263.48,0
13207,UK,37.0,70.8,13,6,1,8,0,38.2,4,2619.6,1
19702,Sweden,29.0,75.89,11,2,5,10,1,,17,2200.81,1
13457,UK,28.0,115.71,9,1,8,12,1,32.7,8,3239.8799999999997,1
10705,UK,19.0,96.22,15,5,5,17,1,37.2,7,1828.18,1
13785,Netherlands,30.0,130.75,9,6,9,16,1,41.6,20,3922.5,1
15321,UK,24.0,117.56,16,5,4,18,0,8.4,9,2821.44,1
10946,UK,24.0,55.2,4,1,5,15,1,28.1,18,1324.8000000000002,0
13056,Norway,29.0,95.02,16,5,11,13,0,28.3,2,2755.58,1
11660,Germany,30.0,112.22,19,2,3,15,0,50.3,29,3366.6,1
15006,France,17.0,143.55,5,1,7,13,1,28.7,3,2440.3500000000004,1
17231,Germany,7.0,63.64,5,6,9,10,0,25.0,2,445.48,0
19684,Australia,15.0,97.42,19,6,5,15,0,8.3,13,1461.3,0
13890,Japan,21.0,59.2,8,2,4,11,0,42.0,26,1243.2,0
18632,Germany,8.0,110.81,14,0,9,11,0,37.6,19,886.48,0
12145,UK,9.0,136.84,4,1,1,17,0,43.3,15,1231.56,0
17804,UK,47.0,137.92,9,3,4,8,0,39.7,9,6482.24,1
15626,Germany,14.0,23.98,14,0,5,8,0,52.6,7,335.72,0
17581,Australia,37.0,31.01,18,1,3,12,0,,19,1147.3700000000001,0
17555,UK,7.0,,9,1,7,15,0,19.2,15,533.645,0
15324,UK,48.0,94.84,2,6,8,18,0,11.8,18,4552.32,1
12574,UK,11.0,135.81,8,2,12,14,1,,12,1493.91,1
15261,UK,20.0,47.41,13,2,8,11,0,43.1,9,948.1999999999999,0
18267,Australia,39.0,,17,2,8,12,0,58.3,6,2973.165,1
19706,UK,10.0,102.72,16,0,9,12,1,30.3,9,1027.2,0
19275,Germany,27.0,29.72,15,3,3,12,1,57.8,7,802.4399999999999,0
11814,Netherlands,39.0,19.41,4,6,6,16,1,8.2,15,756.99,0
15973,Sweden,2.0,105.56,10,5,10,18,1,35.8,9,211.12,0
11045,UK,2.0,24.19,11,1,3,17,1,30.3,24,48.38,0
16689,Sweden,39.0,119.25,9,0,4,12,1,1.2,17,4650.75,1
19923,Germany,13.0,83.79,18,5,3,11,1,12.4,9,1089.27,0
10525,Netherlands,45.0,71.79,19,5,12,9,0,10.1,3,3230.55,1
16565,UK,46.0,41.69,4,6,5,18,0,4.6,4,1917.7399999999998,1
19455,UK,44.0,147.58,19,4,4,20,1,56.9,3,6493.52,1
18471,Germany,49.0,108.46,17,3,10,8,1,58.0,10,5314.54,1
13924,UK,41.0,116.82,14,5,11,9,0,53.6,10,4789.62,1
11039,UK,19.0,115.42,8,4,1,10,0,59.3,2,2192.98,1
19239,Germany,49.0,87.81,15,5,11,18,0,50.0,21,4302.6900000000005,1
19213,Germany,17.0,140.98,12,1,9,10,1,56.0,16,2396.66,1
15789,UK,29.0,87.78,18,6,11,8,0,12.7,29,2545.62,1
19788,UK,1.0,78.25,14,0,2,12,0,16.2,26,78.25,0
10046,UK,48.0,41.42,19,0,1,12,0,51.9,1,1988.16,1
16166,Sweden,30.0,42.62,8,4,5,13,0,29.3,21,1278.6,0
10385,Norway,47.0,110.66,2,4,11,14,0,43.3,29,5201.0199999999995,1
19356,UK,18.0,50.55,10,3,6,11,0,34.2,24,909.9,0
16804,UK,16.0,109.44,19,6,9,8,1,19.0,20,1751.04,1
19134,UK,26.0,142.93,13,6,3,9,1,17.8,5,3716.1800000000003,1
15626,UK,43.0,66.18,14,5,5,17,1,45.1,27,2845.7400000000002,1
10832,Japan,27.0,15.05,12,1,11,16,0,32.4,24,406.35,0
10265,UK,39.0,100.15,12,0,6,11,0,22.2,16,3905.8500000000004,1
13355,UK,11.0,1.92,2,0,10,20,1,37.4,27,21.119999999999997,0
17434,UK,,118.16,8,4,8,15,0,25.8,14,2954.0,1
11510,UK,36.0,79.09,2,4,3,18,1,29.0,16,2847.2400000000002,1
18521,Australia,44.0,73.71,7,5,12,18,0,41.0,23,3243.24,1
12394,Germany,3.0,85.63,14,0,12,11,1,28.0,21,256.89,0
14964,Germany,19.0,77.7,16,1,10,15,1,57.0,16,1476.3,1
12030,UK,5.0,48.9,5,2,6,15,1,29.6,23,244.5,0
14657,Sweden,20.0,42.59,13,4,6,13,0,57.7,27,851.8000000000001,0
14521,UK,38.0,62.59,5,0,4,16,0,51.0,19,2378.42,1
10054,Australia,32.0,134.29,4,5,8,12,0,53.6,26,4297.28,1
15678,Japan,37.0,,19,0,4,9,0,46.0,12,2820.695,1
17866,UK,37.0,,12,3,3,8,0,36.7,16,2820.695,1
19362,Japan,49.0,29.25,4,6,1,13,0,32.4,19,1433.25,0
13307,UK,44.0,64.36,3,1,6,19,1,33.5,17,2831.84,1
18805,France,29.0,20.46,1,4,10,10,0,12.9,6,593.34,0
18787,UK,43.0,114.24,10,3,10,15,0,13.6,14,4912.32,1
19883,UK,3.0,15.97,2,5,11,10,1,3.0,4,47.910000000000004,0
13730,UK,36.0,,12,4,8,16,0,45.0,20,2744.46,1
18508,UK,26.0,40.52,9,5,11,10,1,8.4,24,1053.52,0
15650,UK,47.0,71.09,13,2,10,13,0,35.3,20,3341.23,1
10582,UK,25.0,30.4,4,1,10,18,0,9.1,26,760.0,0
12703,Germany,9.0,109.67,3,4,7,12,1,4.9,19,987.03,0
16720,UK,36.0,142.27,2,6,2,20,1,32.5,11,5121.72,1
11605,UK,47.0,33.65,2,3,5,8,0,52.5,2,1581.55,1
14347,Norway,1.0,143.0,2,5,11,9,0,22.0,1,143.0,0
17749,Sweden,4.0,49.13,5,6,9,10,1,55.2,28,196.52,0
11497,UK,33.0,83.9,16,4,1,11,0,1.6,23,2768.7000000000003,1
14965,UK,28.0,105.39,12,5,2,13,1,28.5,10,2950.92,1
12148,Germany,27.0,30.29,5,3,8,19,0,9.7,28,817.8299999999999,0
15364,France,5.0,66.99,18,5,12,11,1,19.6,8,334.95,0
12407,UK,29.0,10.64,15,2,9,12,1,2.4,23,308.56,0
19654,France,28.0,104.71,15,3,12,8,1,3.1,7,2931.8799999999997,1
10767,UK,42.0,62.78,18,0,1,17,0,43.1,21,2636.76,1
19635,UK,20.0,133.8,15,1,11,15,1,39.6,3,2676.0,1
17918,France,18.0,41.46,19,4,2,8,1,13.3,20,746.28,0
18556,Germany,4.0,138.58,7,5,11,14,0,54.2,14,554.32,0
18515,Australia,28.0,21.59,17,0,12,10,0,41.6,17,604.52,0
11876,UK,32.0,,3,0,7,13,1,20.8,2,2439.52,1
19310,UK,14.0,46.52,6,0,7,11,0,,11,651.2800000000001,0
15942,UK,36.0,27.68,17,3,6,18,1,18.3,5,996.48,0
19621,UK,46.0,14.54,3,2,7,8,1,50.0,18,668.8399999999999,0
18781,UK,9.0,98.52,10,0,10,15,1,,1,886.68,0
15796,UK,29.0,35.36,7,5,4,18,0,9.0,27,1025.44,0
13744,UK,35.0,86.14,2,3,4,8,1,12.9,6,3014.9,1
11172,France,1.0,146.92,5,0,12,19,1,18.5,16,146.92,0
11011,UK,9.0,47.74,11,4,11,17,1,24.8,29,429.66,0
13897,UK,20.0,5.72,12,6,7,11,1,36.0,12,114.39999999999999,0
18109,France,7.0,21.85,13,2,3,14,1,57.9,16,152.95000000000002,0
15053,UK,18.0,18.34,3,6,12,16,0,16.5,28,330.12,0
14817,Japan,8.0,69.76,7,2,11,14,0,20.4,2,558.08,0
12444,UK,44.0,111.83,2,0,4,17,1,2.4,17,4920.5199999999995,1
15643,UK,30.0,44.82,1,0,7,19,1,23.0,17,1344.6,0
16380,Japan,17.0,22.3,8,0,6,12,0,,21,379.1,0
19821,Germany,39.0,96.29,12,2,11,9,1,57.8,18,3755.3100000000004,1
17294,Germany,1.0,45.53,8,2,9,13,0,44.7,14,45.53,0
16072,France,30.0,86.49,1,3,6,15,1,8.0,16,2594.7,1
19100,UK,34.0,140.1,5,3,12,18,1,53.5,9,4763.4,1
14249,France,40.0,44.06,9,6,8,11,0,50.5,10,1762.4,1
19349,Japan,11.0,77.12,7,0,6,20,1,12.2,28,848.32,0
13699,Norway,29.0,121.12,16,6,12,8,0,56.1,20,3512.48,1
11277,UK,38.0,103.91,12,1,6,15,1,43.1,20,3948.58,1
14176,UK,40.0,112.85,19,6,6,13,0,47.2,5,4514.0,1
11287,Netherlands,9.0,116.0,4,0,5,17,0,28.1,12,1044.0,0
11183,UK,,81.22,8,0,3,11,0,12.8,7,2030.5,1
18812,UK,14.0,80.64,2,0,4,20,0,48.1,28,1128.96,0
17947,UK,20.0,107.97,1,2,2,8,0,29.2,29,2159.4,1
12212,UK,10.0,104.8,18,6,9,18,0,58.1,10,1048.0,0
18377,UK,8.0,100.67,10,3,8,14,0,10.0,13,805.36,0
10689,UK,13.0,57.63,13,1,12,14,1,22.0,20,749.19,0
12843,UK,7.0,124.37,6,4,8,12,0,44.4,5,870.59,0
17061,UK,36.0,35.81,1,3,1,13,1,34.8,17,1289.16,0
13037,Sweden,30.0,23.78,17,4,8,13,1,26.6,7,713.4000000000001,0
17305,UK,20.0,52.1,13,5,3,12,1,42.4,16,1042.0,0
18743,UK,27.0,38.45,14,5,1,8,0,44.3,21,1038.15,0
10660,UK,30.0,99.65,11,1,8,13,0,35.1,22,2989.5,1
10239,UK,10.0,35.04,8,3,1,13,0,19.8,4,350.4,0
19400,Norway,15.0,98.65,9,4,5,17,1,37.5,9,1479.75,1
15204,Sweden,44.0,77.23,15,3,11,14,1,33.2,11,3398.1200000000003,1
15064,UK,1.0,23.29,5,6,4,15,0,48.1,22,23.29,0
14636,UK,47.0,39.13,7,6,9,14,0,39.6,10,1839.1100000000001,1
14336,UK,48.0,78.5,6,5,5,13,1,,14,3768.0,1
16901,UK,13.0,110.1,10,1,2,17,1,2.1,7,1431.3,0
15797,UK,16.0,60.04,19,3,3,16,0,10.8,11,960.64,0
11633,UK,11.0,35.31,18,5,1,20,1,20.9,14,388.41,0
16266,UK,28.0,,11,1,2,14,1,36.5,7,2134.58,1
16683,Germany,11.0,14.72,4,4,2,8,0,47.7,4,161.92000000000002,0
11136,UK,39.0,4.26,18,1,11,15,1,57.6,5,166.14,0
13767,UK,19.0,145.98,6,0,10,13,0,36.4,14,2773.62,1
17905,UK,48.0,14.91,7,1,5,9,1,44.0,5,715.6800000000001,0
16187,UK,42.0,19.17,17,6,9,19,0,37.7,1,805.1400000000001,0
11363,UK,20.0,130.71,6,6,3,16,0,26.4,25,2614.2000000000003,1
10400,UK,30.0,99.69,9,5,8,16,0,37.0,29,2990.7,1
15812,UK,2.0,65.69,18,1,3,16,0,24.6,15,131.38,0
14617,UK,4.0,97.53,7,5,8,20,1,27.8,18,390.12,0
19610,Australia,25.0,140.28,12,1,5,16,1,54.7,5,3507.0,1
15222,Sweden,24.0,15.36,1,0,11,17,0,34.3,3,368.64,0
19314,UK,20.0,36.93,19,1,11,17,1,6.9,3,738.6,0
12143,UK,5.0,129.11,8,0,5,17,0,31.9,6,645.5500000000001,0
14473,France,42.0,117.21,13,4,1,17,0,57.2,4,4922.82,1
11396,Germany,20.0,149.14,10,4,4,8,0,6.9,22,2982.7999999999997,1
15742,UK,24.0,47.43,9,0,4,13,0,58.3,23,1138.32,0
11884,UK,20.0,141.76,8,0,6,11,0,59.3,22,2835.2,1
14922,UK,25.0,,1,3,7,19,0,34.1,9,1905.875,1
13441,Germany,32.0,107.41,6,0,12,15,0,20.6,11,3437.12,1
11857,UK,38.0,,8,5,1,14,1,1.5,11,2896.93,1
10968,UK,27.0,26.03,8,2,7,14,1,1.9,5,702.8100000000001,0
15120,UK,9.0,31.24,6,2,3,16,0,23.9,14,281.15999999999997,0
19473,UK,43.0,87.35,13,0,7,17,0,47.2,16,3756.0499999999997,1
11987,UK,14.0,126.65,16,4,8,10,1,56.6,6,1773.1000000000001,1
14049,France,1.0,12.3,17,5,10,20,1,10.1,9,12.3,0
12246,UK,2.0,127.71,19,5,7,17,0,29.8,14,255.42,0
18089,UK,38.0,51.8,13,3,3,10,1,30.6,3,1968.3999999999999,1
14149,UK,19.0,61.23,8,1,11,15,0,23.4,18,1163.37,0
19744,Australia,2.0,51.31,13,0,5,13,1,32.9,11,102.62,0
12451,UK,40.0,136.77,3,2,6,12,0,55.6,21,5470.8,1
10807,UK,15.0,20.05,16,3,8,19,0,26.9,22,300.75,0
15825,UK,,86.35,11,0,4,11,0,9.1,11,2158.75,1
16516,Australia,44.0,22.64,4,0,12,18,0,40.3,11,996.1600000000001,0
19907,Netherlands,3.0,139.32,9,1,1,16,0,2.9,16,417.96,0
18714,Japan,34.0,119.79,6,0,2,18,1,56.5,2,4072.86,1
18841,Germany,30.0,35.46,7,0,12,17,0,56.5,6,1063.8,0
16342,UK,9.0,45.02,1,3,6,16,1,6.4,4,405.18,0
13598,UK,17.0,57.54,1,5,11,10,1,33.5,9,978.18,0
14290,UK,25.0,61.11,7,3,11,20,1,48.0,18,1527.75,1
11337,France,8.0,122.69,6,0,12,16,0,28.4,8,981.52,0
14310,Germany,36.0,84.9,19,2,9,12,0,29.2,16,3056.4,1
13644,UK,14.0,64.48,5,0,9,11,1,58.2,21,902.72,0
10358,Japan,46.0,108.06,7,4,8,9,0,14.6,20,4970.76,1
12044,UK,40.0,68.95,18,1,9,12,1,,16,2758.0,1
15346,UK,32.0,,17,2,4,9,0,7.8,17,2439.52,1
13693,UK,6.0,16.57,2,6,10,19,1,18.8,13,99.42,0
19935,Japan,2.0,49.23,2,4,3,13,1,51.2,15,98.46,0
14785,Sweden,8.0,90.63,2,5,6,16,1,43.3,24,725.04,0
19587,UK,25.0,20.66,9,2,5,18,1,37.1,14,516.5,0
16607,Norway,39.0,82.75,11,6,10,20,1,7.7,11,3227.25,1
10403,Japan,8.0,40.81,7,5,4,13,1,51.2,28,326.48,0
12034,Australia,35.0,104.46,1,3,3,8,1,18.6,27,3656.1,1
17057,Japan,3.0,4.73,4,4,10,15,1,32.6,26,14.190000000000001,0
15451,UK,14.0,70.62,12,4,6,20,1,,24,988.6800000000001,0
13017,Netherlands,30.0,,8,1,9,12,1,31.7,12,2287.05,1
15220,Germany,41.0,49.91,3,1,11,9,0,34.2,28,2046.31,1
19029,France,39.0,2.83,13,4,11,17,1,21.1,19,110.37,0
13887,UK,27.0,70.63,12,3,5,16,0,30.8,26,1907.0099999999998,1
10451,France,2.0,115.17,10,5,3,9,1,25.0,1,230.34,0
13109,Norway,15.0,15.48,18,3,12,8,1,42.2,4,232.20000000000002,0
19358,UK,39.0,110.42,17,0,4,14,1,33.1,1,4306.38,1
17617,Norway,4.0,87.84,1,4,10,9,0,,29,351.36,0
18374,UK,35.0,75.94,18,4,10,10,1,3.9,10,2657.9,1
19116,UK,35.0,90.12,1,2,6,12,0,2.6,2,3154.2000000000003,1
11175,UK,37.0,50.72,10,5,2,14,1,12.1,22,1876.6399999999999,1
12826,Netherlands,11.0,106.7,18,2,6,18,0,8.0,23,1173.7,0
10598,Germany,12.0,117.06,19,0,2,13,1,32.0,27,1404.72,0
10047,UK,10.0,116.84,1,0,5,18,1,12.8,17,1168.4,0
18347,Germany,20.0,40.78,2,6,5,15,1,1.9,20,815.6,0
19369,UK,26.0,98.26,5,2,7,13,0,,18,2554.76,1
11557,UK,6.0,,6,2,3,14,1,31.0,21,457.40999999999997,0
17221,Japan,28.0,74.57,6,2,11,9,1,43.1,15,2087.96,1
15348,France,12.0,0.89,8,5,1,20,1,26.9,1,10.68,0
10692,Netherlands,28.0,29.44,7,4,12,11,0,57.8,5,824.32,0
19157,Germany,15.0,94.94,12,6,4,19,1,12.8,27,1424.1,0
18712,Norway,47.0,131.22,17,6,6,16,1,31.3,2,6167.34,1
15674,UK,16.0,7.83,11,6,11,11,1,15.9,3,125.28,0
17078,UK,43.0,84.0,7,2,8,14,1,48.6,24,3612.0,1
13972,UK,9.0,95.7,11,4,1,9,0,12.1,28,861.3000000000001,0
17928,Germany,5.0,139.89,12,2,8,16,0,57.7,13,699.4499999999999,0
14450,Germany,10.0,98.44,18,4,7,8,1,43.3,5,984.4,0
19891,France,21.0,15.9,19,5,12,16,1,33.9,18,333.90000000000003,0
10631,UK,45.0,22.44,6,1,7,10,1,32.4,1,1009.8000000000001,0
11721,UK,9.0,95.55,18,6,12,9,1,22.4,11,859.9499999999999,0
19687,Germany,39.0,32.74,16,2,7,10,1,2.2,17,1276.8600000000001,0
12887,Norway,35.0,139.28,3,6,3,9,0,55.0,26,4874.8,1
13106,UK,17.0,138.14,11,5,7,19,0,47.9,4,2348.3799999999997,1
17912,UK,17.0,142.32,3,0,12,20,0,9.0,18,2419.44,1
11893,UK,47.0,44.3,10,2,1,20,1,8.2,1,2082.1,1
15135,UK,36.0,107.68,1,2,5,17,0,19.2,14,3876.4800000000005,1
12860,UK,12.0,99.62,6,5,1,10,1,46.0,20,1195.44,0
11979,UK,45.0,5.82,12,5,11,17,1,30.7,2,261.90000000000003,0
19643,Germany,20.0,40.2,6,0,7,17,0,39.6,22,804.0,0
11998,UK,4.0,31.41,1,5,9,11,1,1.4,29,125.64,0
10942,UK,,55.94,8,1,12,18,1,55.5,9,1398.5,0
16739,UK,43.0,142.98,11,2,10,20,1,10.8,22,6148.139999999999,1
18673,Sweden,22.0,126.92,15,1,5,12,1,19.8,16,2792.2400000000002,1
11274,UK,35.0,44.37,3,1,12,15,0,56.9,27,1552.9499999999998,1
17078,UK,12.0,79.74,10,3,6,19,1,44.2,17,956.8799999999999,0
15407,UK,42.0,29.24,4,0,12,11,1,31.2,24,1228.08,0
18300,Germany,19.0,41.98,3,0,12,20,0,,5,797.6199999999999,0
11269,Japan,14.0,10.22,3,5,3,11,0,4.6,8,143.08,0
19758,UK,25.0,96.57,15,2,10,20,0,5.5,13,2414.25,1
16191,UK,14.0,98.71,18,4,9,11,1,10.2,27,1381.9399999999998,0
18421,UK,31.0,125.86,13,6,10,17,1,16.6,19,3901.66,1
13619,Germany,37.0,,8,0,3,14,0,42.8,7,2820.695,1
19433,Sweden,20.0,24.43,19,5,7,12,1,32.4,26,488.6,0
16263,UK,39.0,111.58,10,0,2,13,1,26.1,18,4351.62,1
11269,UK,22.0,20.64,11,5,11,10,0,47.2,13,454.08000000000004,0
19229,Netherlands,48.0,,13,2,11,16,1,19.7,12,3659.2799999999997,1
17957,France,13.0,77.57,13,0,7,20,1,6.0,21,1008.4099999999999,0
13002,UK,35.0,7.9,10,1,2,15,1,24.4,26,276.5,0
15456,UK,27.0,,10,2,8,11,0,46.2,15,2058.345,1
13880,UK,47.0,41.03,7,5,6,16,0,29.0,25,1928.41,1
15434,Netherlands,11.0,19.57,13,4,10,13,0,58.7,21,215.27,0
19653,France,10.0,,13,5,2,19,1,51.5,3,762.35,0
18989,France,43.0,43.6,9,0,5,11,1,47.7,23,1874.8,1
12155,Australia,45.0,75.43,14,6,5,14,1,46.6,17,3394.3500000000004,1
19718,UK,37.0,149.48,3,3,12,14,0,35.3,16,5530.759999999999,1
14379,UK,24.0,85.21,8,0,4,19,1,54.2,18,2045.04,1
17048,UK,,62.02,19,6,12,9,0,35.8,2,1550.5,1
17642,Japan,33.0,139.5,14,5,12,16,1,23.0,27,4603.5,1
14829,Germany,37.0,33.76,14,0,8,18,1,12.6,26,1249.12,0
14566,UK,14.0,27.34,17,3,3,12,0,49.0,29,382.76,0
14564,UK,1.0,80.54,12,6,3,14,1,22.9,18,80.54,0
18625,France,4.0,64.38,13,4,1,11,1,47.7,7,257.52,0
13863,France,17.0,119.65,10,1,10,13,0,59.0,18,2034.0500000000002,1
12799,France,34.0,6.78,16,4,9,20,0,24.5,9,230.52,0
13615,UK,22.0,92.85,14,1,4,12,0,21.1,15,2042.6999999999998,1
11948,Sweden,31.0,106.75,10,2,9,10,1,11.0,24,3309.25,1
13915,Netherlands,24.0,145.8,3,1,7,15,1,29.0,6,3499.2000000000003,1
11140,France,13.0,,16,4,10,14,0,39.6,14,991.055,0
10897,France,37.0,37.31,7,6,2,18,1,19.5,15,1380.47,0
17238,Sweden,36.0,,7,0,3,8,0,29.7,27,2744.46,1
10774,Sweden,48.0,94.78,3,4,10,19,0,32.7,16,4549.4400000000005,1
15682,Germany,41.0,6.19,5,1,5,17,1,17.2,10,253.79000000000002,0
17798,UK,19.0,12.06,3,5,12,18,0,2.4,12,229.14000000000001,0
17244,UK,35.0,117.92,2,0,11,13,1,13.7,9,4127.2,1
14460,Australia,18.0,85.34,1,2,2,13,1,48.4,5,1536.1200000000001,1
11936,Germany,43.0,85.03,6,1,5,12,1,17.4,21,3656.29,1
19306,UK,30.0,,15,6,9,18,1,1.8,23,2287.05,1
18351,UK,41.0,36.54,17,0,2,8,0,26.1,6,1498.1399999999999,1
16122,Sweden,,24.48,5,4,11,14,1,41.3,14,612.0,0
10867,Japan,,92.26,9,0,2,11,0,45.4,22,2306.5,1
10351,Norway,,132.42,16,4,2,16,0,25.4,21,3310.4999999999995,1
13152,UK,27.0,40.15,14,5,7,20,1,34.7,3,1084.05,0
11575,Netherlands,48.0,102.35,18,5,3,16,1,45.0,2,4912.799999999999,1
18603,Australia,31.0,23.28,8,0,8,8,0,53.5,3,721.6800000000001,0
12058,UK,40.0,26.2,4,5,5,13,1,38.8,15,1048.0,0
12826,UK,23.0,135.28,3,2,4,8,0,,27,3111.44,1
19757,Norway,47.0,18.14,14,4,11,14,0,6.8,3,852.58,0
18182,UK,47.0,,1,6,2,10,0,25.8,21,3583.045,1
12187,Germany,11.0,116.35,9,0,6,17,0,53.4,22,1279.85,0
13835,France,43.0,54.7,7,2,3,14,1,10.5,28,2352.1,1
15157,France,1.0,59.8,18,6,2,12,1,19.3,17,59.8,0
16642,UK,30.0,120.08,19,0,3,19,0,41.0,28,3602.4,1
19361,France,,27.4,10,1,4,17,1,54.2,14,685.0,0
18711,UK,15.0,97.72,12,3,5,16,1,4.5,8,1465.8,0
19771,Australia,46.0,47.37,8,6,6,12,0,52.4,29,2179.02,1
10406,UK,33.0,,15,2,2,11,1,14.0,16,2515.755,1
12363,France,7.0,,6,2,1,15,0,51.8,10,533.645,0
15630,Netherlands,7.0,48.14,15,5,2,18,1,53.5,19,336.98,0
10491,UK,6.0,130.06,18,0,8,18,1,46.8,13,780.36,0
13553,UK,15.0,137.9,4,2,12,18,1,55.5,22,2068.5,1
11536,Netherlands,4.0,127.43,5,2,1,8,1,57.7,22,509.72,0
19329,UK,13.0,48.69,8,2,1,20,1,55.6,1,632.97,0
10633,UK,38.0,35.87,16,4,10,11,0,31.3,16,1363.06,0
11484,UK,43.0,133.97,13,1,9,8,0,28.4,25,5760.71,1
11951,Sweden,39.0,68.22,4,2,9,15,0,7.2,20,2660.58,1
11485,Germany,25.0,106.31,7,6,3,13,0,13.7,21,2657.75,1
15685,UK,35.0,124.16,13,5,11,9,0,39.5,29,4345.599999999999,1
13643,Norway,47.0,42.01,19,6,8,10,0,8.5,10,1974.4699999999998,1
19124,UK,3.0,18.31,9,4,2,10,1,56.6,21,54.92999999999999,0
12608,UK,45.0,93.91,2,4,2,13,1,14.4,1,4225.95,1
15372,UK,36.0,88.73,2,1,8,17,1,6.2,5,3194.28,1
16600,UK,19.0,40.89,1,1,10,16,1,14.9,21,776.91,0
16259,UK,22.0,87.91,3,3,10,8,0,3.9,7,1934.02,1
17963,France,22.0,118.66,8,2,8,10,1,,23,2610.52,1
12018,UK,8.0,52.83,6,5,7,15,1,35.7,26,422.64,0
15074,France,12.0,36.73,6,0,9,18,0,18.1,26,440.76,0
18005,UK,,108.89,15,6,2,8,1,48.3,2,2722.25,1
18630,UK,,117.99,10,1,5,12,1,24.9,10,2949.75,1
16177,UK,25.0,143.17,14,2,2,9,1,43.1,15,3579.2499999999995,1
16518,Germany,24.0,22.56,11,2,11,14,0,42.8,1,541.4399999999999,0
18641,France,17.0,133.44,4,6,8,13,0,9.0,27,2268.48,1
16248,UK,,114.88,19,5,10,10,0,4.3,28,2872.0,1
19488,UK,48.0,105.43,10,0,6,20,0,50.7,23,5060.64,1
11275,UK,34.0,47.3,16,5,12,17,1,42.4,9,1608.1999999999998,1
13479,Australia,24.0,3.82,2,4,12,15,0,11.3,4,91.67999999999999,0
11121,UK,36.0,76.38,17,0,8,17,0,41.1,24,2749.68,1
10905,Netherlands,19.0,43.22,14,5,11,12,0,20.4,22,821.18,0
14719,UK,11.0,43.83,5,0,8,20,1,4.3,28,482.13,0
12259,UK,33.0,139.11,16,2,9,13,1,14.5,12,4590.63,1
14071,France,38.0,23.37,15,1,3,13,1,45.6,5,888.0600000000001,0
14378,UK,32.0,140.17,17,0,12,15,1,,27,4485.44,1
16209,UK,28.0,75.82,4,3,3,15,0,33.1,4,2122.96,1
19456,Norway,1.0,125.82,17,4,9,16,0,9.1,17,125.82,0
18493,UK,32.0,42.9,15,3,8,18,1,,14,1372.8,0
13783,UK,31.0,95.27,7,2,2,11,1,15.1,16,2953.37,1
13255,UK,21.0,,7,3,10,17,1,28.9,12,1600.935,1
17707,UK,12.0,138.66,5,1,1,10,1,51.0,1,1663.92,1
11236,Netherlands,48.0,27.31,10,0,7,11,0,46.0,19,1310.8799999999999,0
15404,UK,19.0,31.08,18,1,10,14,1,,8,590.52,0
14230,Sweden,14.0,142.37,16,0,2,14,1,5.2,4,1993.18,1
11828,Germany,35.0,15.15,3,5,5,16,0,14.3,12,530.25,0
16164,Norway,24.0,95.39,3,4,7,9,1,51.3,9,2289.36,1
13207,Australia,28.0,9.55,2,1,12,18,1,31.4,21,267.40000000000003,0
11855,Sweden,,12.01,12,3,5,15,1,48.6,11,300.25,0
16531,Germany,,89.77,6,3,2,15,1,22.8,16,2244.25,1
11741,UK,8.0,82.93,15,0,2,17,0,35.8,15,663.44,0
16728,UK,9.0,,15,6,3,17,1,36.1,25,686.115,0
11620,France,47.0,71.31,4,6,11,13,0,,3,3351.57,1
14347,UK,25.0,111.48,14,5,10,14,1,28.7,1,2787.0,1
18079,France,21.0,148.83,15,5,6,11,0,15.1,26,3125.4300000000003,1
12286,UK,16.0,41.73,19,3,11,15,1,26.3,10,667.68,0
17676,Australia,36.0,48.85,14,5,12,10,0,58.5,21,1758.6000000000001,1
17219,UK,45.0,48.8,7,3,11,16,0,17.1,18,2196.0,1
19026,Sweden,38.0,114.61,19,1,1,13,1,43.8,23,4355.18,1
11688,UK,27.0,,6,1,2,11,1,56.7,20,2058.345,1
17151,UK,,,16,5,9,14,1,34.4,8,1905.875,1
19366,Australia,43.0,67.16,8,3,5,20,0,29.9,15,2887.8799999999997,1
17630,Australia,,91.37,18,5,2,15,1,8.1,9,2284.25,1
11879,France,20.0,124.44,15,1,8,12,1,45.4,12,2488.8,1
18221,Norway,48.0,77.35,12,3,5,13,1,,16,3712.7999999999997,1
11073,UK,41.0,71.54,5,0,12,15,0,58.9,3,2933.1400000000003,1
15888,Australia,42.0,40.41,4,1,7,9,0,12.9,1,1697.2199999999998,1
14976,UK,3.0,77.63,19,0,3,15,0,55.3,21,232.89,0
15310,UK,7.0,,16,1,12,8,0,22.8,3,533.645,0
15195,UK,15.0,126.61,10,4,8,19,1,37.5,27,1899.15,1
10314,UK,38.0,58.64,17,0,4,15,0,14.2,19,2228.32,1
15081,Germany,4.0,19.8,15,1,2,9,1,15.7,24,79.2,0
19367,France,5.0,36.38,8,4,7,14,1,37.5,14,181.9,0
14366,UK,2.0,80.42,16,1,9,19,1,29.6,21,160.84,0
12769,Sweden,10.0,137.48,16,3,11,20,0,57.9,6,1374.8,0
19948,UK,46.0,45.43,10,6,2,9,1,16.6,19,2089.78,1
10989,UK,36.0,40.03,1,5,6,11,0,52.8,10,1441.08,0
14862,Germany,36.0,61.28,15,0,12,9,1,28.2,23,2206.08,1
15125,UK,15.0,145.18,7,1,8,12,1,8.9,11,2177.7000000000003,1
14779,UK,31.0,126.86,7,4,2,19,1,15.1,23,3932.66,1
19217,France,39.0,22.88,14,2,12,17,1,45.6,26,892.3199999999999,0
14217,UK,27.0,92.26,16,2,9,11,0,49.8,1,2491.02,1
19733,UK,42.0,118.88,2,3,6,12,0,3.3,2,4992.96,1
10668,France,,115.32,16,4,10,15,1,25.2,11,2883.0,1
17339,UK,16.0,73.58,6,3,8,15,1,30.2,16,1177.28,0
15929,Australia,32.0,109.91,11,0,4,14,1,37.3,26,3517.12,1
12405,Netherlands,47.0,87.75,17,0,10,13,1,39.4,13,4124.25,1
12279,UK,41.0,30.62,5,0,4,20,0,50.0,25,1255.42,0
17196,UK,25.0,8.88,5,1,3,14,0,17.1,22,222.00000000000003,0
16376,UK,30.0,55.74,19,5,8,18,0,7.6,21,1672.2,1
16111,Germany,48.0,9.76,8,6,1,20,0,12.0,27,468.48,0
10508,UK,37.0,59.55,18,3,8,12,0,56.3,9,2203.35,1
15978,Sweden,25.0,124.42,7,0,7,18,1,,20,3110.5,1
19813,UK,14.0,126.72,12,0,9,18,1,13.9,24,1774.08,1
10173,France,,5.59,10,5,2,10,0,47.4,29,139.75,0
14690,UK,48.0,10.9,19,2,7,10,1,35.6,7,523.2,0
14943,UK,4.0,100.65,11,6,6,10,0,22.7,23,402.6,0
18967,UK,2.0,75.25,10,3,3,16,0,2.1,7,150.5,0
12828,Germany,6.0,22.83,9,6,6,17,0,47.2,28,136.98,0
14755,Norway,19.0,120.93,8,0,12,17,0,43.3,16,2297.67,1
17171,UK,8.0,32.87,9,6,10,13,1,16.5,26,262.96,0
10603,UK,44.0,12.18,9,3,2,17,0,16.7,17,535.92,0
18010,UK,45.0,112.55,15,3,11,8,0,17.0,3,5064.75,1
18222,UK,9.0,91.41,1,3,7,16,0,40.6,11,822.6899999999999,0
17196,Japan,41.0,59.47,10,2,1,14,1,18.4,18,2438.27,1
16481,Sweden,7.0,104.06,11,4,12,18,0,19.3,18,728.4200000000001,0
17476,Japan,39.0,136.75,15,5,7,20,0,23.2,16,5333.25,1
17817,UK,18.0,5.61,13,5,11,15,1,,21,100.98,0
19033,UK,,94.34,9,6,2,16,0,28.1,17,2358.5,1
14281,France,21.0,33.12,3,2,3,20,1,23.3,6,695.52,0
14560,UK,41.0,71.38,8,5,11,12,0,28.7,3,2926.58,1
16379,France,46.0,63.89,5,6,3,9,1,43.4,9,2938.94,1
11930,UK,6.0,58.8,4,0,7,14,0,53.1,4,352.79999999999995,0
18562,UK,41.0,28.96,14,3,8,12,1,59.5,21,1187.3600000000001,0
17705,Japan,15.0,120.5,10,4,12,16,0,29.7,29,1807.5,1
16310,UK,23.0,57.24,16,3,5,18,1,28.1,27,1316.52,0
13016,Norway,6.0,133.14,3,0,10,14,1,20.5,17,798.8399999999999,0
13476,UK,48.0,53.52,19,4,9,12,1,47.0,26,2568.96,1
14349,UK,39.0,126.04,9,2,9,15,0,39.7,20,4915.56,1
16625,UK,,81.9,5,4,7,13,1,,4,2047.5000000000002,1
17780,UK,36.0,58.15,7,0,1,10,1,31.6,18,2093.4,1
16718,UK,43.0,,16,0,4,18,1,13.1,17,3278.105,1
19299,UK,8.0,118.1,14,4,7,12,0,41.9,16,944.8,0
19605,Germany,13.0,72.66,4,6,5,15,1,15.9,24,944.5799999999999,0
17049,Japan,2.0,,19,4,3,19,0,21.6,29,152.47,0
13709,UK,24.0,86.82,3,6,9,10,0,5.0,7,2083.68,1
15990,UK,25.0,87.98,6,5,6,13,0,14.0,1,2199.5,1
14250,UK,2.0,64.11,14,1,10,10,0,12.5,19,128.22,0
16290,Netherlands,33.0,113.77,11,0,7,13,1,44.4,4,3754.41,1
18121,Germany,1.0,60.26,9,3,5,11,1,42.0,13,60.26,0
13693,UK,39.0,68.22,18,4,2,19,0,32.8,28,2660.58,1
15057,UK,35.0,91.0,16,5,2,11,1,23.8,20,3185.0,1
10456,UK,40.0,148.03,19,3,7,15,1,53.5,28,5921.2,1
17365,UK,6.0,39.47,6,6,5,9,1,53.2,1,236.82,0
14898,UK,43.0,35.18,17,5,9,13,1,36.6,21,1512.74,1
14597,Norway,27.0,26.94,5,4,8,18,0,39.8,10,727.38,0
15324,UK,43.0,103.57,16,3,4,16,0,48.0,3,4453.509999999999,1
12154,UK,35.0,67.64,11,0,10,11,1,43.6,9,2367.4,1
15979,UK,33.0,58.6,12,5,7,20,1,14.3,28,1933.8,1
17452,Germany,2.0,31.01,3,4,11,18,1,30.7,13,62.02,0
13496,UK,34.0,133.73,17,6,12,13,1,10.0,27,4546.82,1
11311,UK,22.0,66.75,6,0,12,20,1,48.8,4,1468.5,0
13868,UK,42.0,91.35,12,1,2,10,0,39.6,20,3836.7,1
11985,France,34.0,17.32,4,4,7,12,0,58.8,13,588.88,0
13739,UK,4.0,16.64,18,3,1,20,0,,9,66.56,0
16268,Sweden,44.0,10.57,7,4,11,20,0,31.1,16,465.08000000000004,0
11133,UK,4.0,55.42,15,3,9,18,1,43.7,18,221.68,0
17472,UK,15.0,71.2,15,4,4,10,0,52.2,1,1068.0,0
12246,Norway,11.0,37.06,11,4,8,10,1,51.4,19,407.66,0
18946,Australia,48.0,52.78,3,1,7,16,1,12.9,9,2533.44,1
17324,UK,8.0,1.44,6,5,7,8,0,59.0,24,11.52,0
12725,Australia,42.0,,12,3,7,20,0,58.9,6,3201.87,1
15632,UK,,18.32,11,4,12,20,1,58.2,9,458.0,0
11107,UK,32.0,19.69,12,4,10,18,1,37.2,29,630.08,0
10997,Australia,5.0,1.17,5,5,5,20,0,50.1,8,5.85,0
19560,Netherlands,20.0,104.61,11,2,10,10,0,5.5,4,2092.2,1
18024,UK,31.0,139.73,2,0,2,19,1,16.1,16,4331.63,1
11544,Germany,35.0,93.42,10,1,4,11,1,6.4,19,3269.7000000000003,1
12826,UK,43.0,14.88,2,6,2,9,1,30.8,17,639.84,0
11976,UK,40.0,148.45,13,1,11,11,0,,12,5938.0,1
13951,Norway,26.0,146.35,11,1,1,18,0,39.3,4,3805.1,1
12913,UK,15.0,70.5,17,6,11,20,1,28.2,9,1057.5,0
13280,Germany,,16.63,9,1,10,15,0,47.8,2,415.75,0
15293,Germany,49.0,108.25,4,3,12,11,1,33.5,25,5304.25,1
11890,Germany,30.0,144.24,5,2,10,15,1,28.0,8,4327.200000000001,1
18828,UK,45.0,116.92,16,4,6,14,1,38.1,20,5261.4,1
17276,Norway,22.0,93.82,19,4,10,14,1,31.2,8,2064.04,1
17605,Germany,,91.82,2,3,12,12,1,38.9,18,2295.5,1
11694,France,41.0,146.7,13,3,11,9,1,48.4,3,6014.7,1
17081,UK,36.0,11.43,10,5,10,12,0,28.3,3,411.48,0
18362,UK,10.0,22.86,5,4,10,19,0,25.5,10,228.6,0
11751,UK,26.0,124.71,10,3,8,13,0,34.0,8,3242.46,1
17512,UK,11.0,22.19,18,6,11,8,1,54.4,10,244.09,0
13576,UK,38.0,57.8,4,0,6,12,0,26.0,9,2196.4,1
17875,France,2.0,42.58,16,5,7,13,1,51.0,21,85.16,0
14784,Japan,41.0,36.89,2,1,11,15,1,37.4,13,1512.49,1
18022,UK,,4.35,14,2,4,16,0,1.7,5,108.74999999999999,0
11474,UK,2.0,85.15,2,0,10,13,1,29.1,27,170.3,0
13890,France,31.0,60.49,2,3,2,9,0,13.4,19,1875.19,1
12734,UK,4.0,82.96,1,5,8,13,0,9.9,12,331.84,0
12483,Sweden,18.0,,16,2,1,8,1,14.8,15,1372.23,0
13083,UK,17.0,141.25,11,4,12,14,1,43.0,10,2401.25,1
13824,UK,26.0,88.91,14,2,11,13,1,38.0,12,2311.66,1
11272,UK,45.0,144.2,3,5,3,12,0,32.7,3,6488.999999999999,1
17070,Sweden,23.0,52.83,18,6,2,16,1,30.2,25,1215.09,0
15502,UK,20.0,0.84,16,5,8,17,0,24.0,12,16.8,0
18292,France,5.0,117.3,10,2,11,11,1,53.3,21,586.5,0
17050,UK,44.0,124.19,18,5,4,14,0,56.0,2,5464.36,1
11490,UK,16.0,9.28,3,0,12,14,1,46.1,3,148.48,0
10699,Japan,23.0,93.99,6,6,6,14,1,18.0,11,2161.77,1
14228,UK,5.0,99.32,1,5,6,13,0,54.9,2,496.59999999999997,0
14811,UK,15.0,22.29,4,4,5,10,0,49.3,29,334.34999999999997,0
12402,UK,28.0,83.1,16,4,4,10,0,8.3,2,2326.7999999999997,1
17822,Japan,45.0,,8,1,5,8,1,21.2,17,3430.575,1
15815,UK,17.0,2.96,13,3,3,8,1,20.3,11,50.32,0
17479,UK,28.0,130.1,17,0,5,18,1,44.1,7,3642.7999999999997,1
11090,Norway,43.0,74.01,15,2,4,8,0,31.9,5,3182.4300000000003,1
18150,France,18.0,117.36,8,4,1,19,1,16.7,9,2112.48,1
12060,Japan,15.0,108.57,7,2,5,19,0,14.6,2,1628.55,1
14482,Netherlands,3.0,149.06,3,5,1,11,0,28.0,17,447.18,0
14393,France,45.0,65.97,16,5,3,13,0,40.3,7,2968.65,1
18205,UK,6.0,64.42,19,3,9,12,1,31.0,1,386.52,0
12768,UK,,42.62,10,2,1,13,1,16.4,4,1065.5,0
12407,France,7.0,93.96,10,2,4,12,1,37.6,27,657.7199999999999,0
13396,France,35.0,73.17,17,3,9,12,0,59.9,7,2560.9500000000003,1
13608,Norway,18.0,109.45,7,5,1,16,1,,17,1970.1000000000001,1
11816,Germany,35.0,53.8,8,0,9,13,1,32.2,12,1883.0,1
11763,UK,30.0,20.06,17,3,1,10,0,,15,601.8,0
12313,UK,1.0,129.43,8,3,1,12,0,13.9,25,129.43,0
14674,Germany,16.0,124.29,18,2,3,20,0,52.7,21,1988.64,1
13433,UK,1.0,52.97,4,1,11,20,0,57.5,16,52.97,0
13920,Netherlands,4.0,103.71,10,5,1,8,0,21.7,6,414.84,0
17190,Germany,24.0,74.11,10,3,2,15,0,21.5,25,1778.6399999999999,1
12409,UK,13.0,114.27,6,4,12,20,0,6.4,1,1485.51,1
19098,Germany,5.0,58.82,19,0,8,10,1,37.4,17,294.1,0
17517,Germany,21.0,80.58,10,1,7,8,1,2.6,18,1692.18,1
11746,Sweden,23.0,9.14,17,1,1,10,0,30.3,28,210.22000000000003,0
13138,UK,49.0,26.65,5,2,5,12,0,10.0,5,1305.85,0
11835,Germany,33.0,117.37,7,5,7,20,0,40.7,9,3873.21,1
12728,UK,20.0,57.54,10,4,7,11,1,55.8,1,1150.8,0
13654,UK,24.0,5.75,11,6,7,12,1,6.2,8,138.0,0
11308,UK,5.0,25.56,5,2,2,11,0,46.9,27,127.8,0
10144,Japan,19.0,62.03,6,5,12,13,1,50.0,1,1178.57,0
14388,Sweden,29.0,107.83,12,1,9,20,1,11.4,23,3127.07,1
17009,UK,2.0,54.84,6,5,3,9,1,55.4,28,109.68,0
13029,Germany,,111.91,15,4,12,13,1,37.6,4,2797.75,1
18604,UK,26.0,128.78,10,0,4,15,1,32.6,11,3348.28,1
13692,Germany,,51.5,19,4,2,9,0,40.6,26,1287.5,0
19007,UK,14.0,120.16,5,3,11,8,1,18.0,21,1682.24,1
12359,France,41.0,19.47,17,0,2,20,0,2.5,2,798.27,0
15393,UK,18.0,62.58,10,5,1,11,0,27.1,26,1126.44,0
17631,France,,15.09,2,3,8,11,1,44.9,24,377.25,0
10590,UK,26.0,8.35,14,4,4,12,0,55.2,10,217.1,0
19300,France,32.0,10.15,5,4,2,8,0,26.4,13,324.8,0
13649,Germany,10.0,16.16,3,0,2,9,1,16.6,9,161.6,0
14979,UK,49.0,125.44,11,2,2,8,1,8.7,16,6146.5599999999995,1
16284,UK,10.0,81.78,15,4,12,14,1,56.2,23,817.8,0
16429,Australia,2.0,142.13,5,2,9,14,1,14.6,20,284.26,0
10236,Germany,22.0,80.93,12,6,11,11,0,54.8,29,1780.46,1
18671,UK,41.0,94.49,1,2,8,19,1,11.8,3,3874.0899999999997,1
16236,UK,46.0,28.08,4,3,7,11,0,2.1,27,1291.6799999999998,0
19988,UK,42.0,81.32,15,3,3,8,1,14.2,27,3415.4399999999996,1
14715,Germany,28.0,58.1,1,0,12,9,0,30.1,12,1626.8,1
16135,Germany,45.0,139.75,7,5,10,17,0,21.6,5,6288.75,1
14410,UK,25.0,140.12,10,0,7,14,1,54.6,7,3503.0,1
18897,Germany,24.0,30.18,2,3,2,11,0,33.2,28,724.3199999999999,0
18323,France,,93.21,19,6,10,11,1,7.9,1,2330.25,1
19086,Netherlands,39.0,95.91,10,6,4,10,0,37.9,3,3740.49,1
15042,UK,16.0,84.6,7,1,3,13,0,23.9,3,1353.6,0
17914,UK,10.0,19.09,19,2,9,17,1,41.1,5,190.9,0
13587,UK,19.0,98.28,11,3,11,16,1,47.4,23,1867.32,1
14609,UK,30.0,119.96,13,4,8,17,0,59.1,2,3598.7999999999997,1
17602,UK,14.0,52.11,2,1,1,8,1,35.0,28,729.54,0
10811,UK,18.0,77.43,4,3,8,15,0,22.6,12,1393.7400000000002,0
17104,UK,17.0,17.89,1,5,12,17,0,26.6,16,304.13,0
10158,France,30.0,139.64,10,5,9,10,1,24.8,18,4189.2,1
15806,UK,35.0,16.88,16,5,4,15,0,27.6,24,590.8,0
14772,France,34.0,31.65,18,6,8,8,0,2.8,19,1076.1,0
14686,UK,7.0,45.12,11,6,3,19,0,15.6,2,315.84,0
14943,Germany,18.0,123.96,2,3,11,17,0,59.3,25,2231.2799999999997,1
14919,UK,32.0,105.25,12,6,11,16,0,55.8,3,3368.0,1
14073,Netherlands,11.0,1.55,13,3,7,15,0,3.8,16,17.05,0
14513,Netherlands,4.0,27.94,12,4,2,16,0,58.8,26,111.76,0
15681,UK,16.0,,14,6,5,13,0,47.7,15,1219.76,0
17634,Germany,34.0,60.87,11,0,2,20,1,,13,2069.58,1
15521,UK,33.0,4.42,14,6,10,10,0,54.9,10,145.85999999999999,0
16425,Germany,7.0,144.61,10,5,9,18,0,57.7,23,1012.2700000000001,0
18366,UK,34.0,23.11,3,6,4,17,0,38.1,19,785.74,0
19895,UK,10.0,76.81,2,5,11,18,1,47.5,24,768.1,0
11086,UK,37.0,37.62,18,1,10,8,0,20.6,27,1391.9399999999998,0
17129,Japan,28.0,110.75,9,2,12,13,0,34.8,18,3101.0,1
12251,UK,7.0,116.62,7,0,4,16,1,44.2,11,816.34,0
11967,Germany,18.0,59.88,6,4,3,16,0,34.1,18,1077.8400000000001,0
17930,UK,41.0,98.94,1,3,6,16,0,,11,4056.54,1
10686,UK,22.0,136.41,18,3,4,16,1,39.3,6,3001.02,1
18478,UK,34.0,122.31,2,5,9,10,1,50.5,10,4158.54,1
17705,Sweden,37.0,62.53,5,5,6,18,1,50.3,14,2313.61,1
19948,Netherlands,2.0,66.5,9,0,8,14,1,8.8,7,133.0,0
16679,UK,46.0,133.09,7,6,3,20,1,27.3,10,6122.14,1
18729,France,17.0,5.64,1,2,2,14,1,3.3,17,95.88,0
11185,UK,39.0,3.91,7,5,12,14,1,38.3,4,152.49,0
18898,UK,23.0,31.27,15,4,6,15,1,15.3,4,719.21,0
11603,UK,29.0,124.23,5,3,2,19,0,,23,3602.67,1
13143,UK,18.0,23.41,17,1,10,19,0,37.5,25,421.38,0
11281,UK,42.0,43.15,7,1,2,15,1,24.6,10,1812.3,1
14016,France,6.0,94.55,1,5,12,15,0,44.2,4,567.3,0
17489,UK,44.0,28.04,3,2,5,8,1,13.2,14,1233.76,0
12680,Japan,,45.82,16,1,6,8,0,6.4,6,1145.5,0
18221,France,44.0,70.3,8,0,4,17,1,6.2,26,3093.2,1
16062,Australia,2.0,34.6,19,5,2,12,0,35.4,2,69.2,0
16289,Germany,1.0,148.87,15,2,5,13,1,53.4,15,148.87,0
19388,Japan,5.0,24.94,1,2,5,16,1,14.1,12,124.7,0
14318,UK,27.0,127.57,6,2,6,10,1,45.8,14,3444.39,1
13446,UK,14.0,70.78,14,4,6,12,1,3.2,22,990.9200000000001,0
19945,UK,30.0,19.8,2,3,8,8,1,21.8,8,594.0,0
15570,Sweden,41.0,18.21,19,3,1,17,0,39.6,27,746.61,0
16146,UK,2.0,,4,1,5,14,0,49.7,29,152.47,0
12962,Germany,,53.35,16,2,11,10,0,56.6,13,1333.75,0
12154,Netherlands,37.0,35.57,16,6,12,15,1,38.3,12,1316.09,0
11697,UK,21.0,143.86,10,3,7,9,1,28.3,7,3021.0600000000004,1
12235,Japan,46.0,69.78,16,6,5,18,1,4.6,24,3209.88,1
11951,UK,33.0,139.36,17,5,5,11,1,,22,4598.88,1
17467,UK,2.0,25.02,14,4,10,11,0,55.5,14,50.04,0
10579,Germany,27.0,27.93,14,3,5,19,0,,20,754.11,0
16293,UK,,89.61,8,5,12,17,1,21.2,11,2240.25,1
19492,UK,7.0,40.85,6,0,1,16,1,15.7,20,285.95,0
17655,UK,47.0,28.15,17,3,8,15,1,7.7,24,1323.05,0
14028,UK,11.0,14.66,5,4,7,14,1,45.3,13,161.26,0
10594,Netherlands,5.0,11.9,8,0,6,10,1,25.3,20,59.5,0
18341,Japan,11.0,113.1,10,1,6,11,0,56.3,17,1244.1,0
10031,UK,41.0,42.68,8,0,2,20,0,27.8,3,1749.8799999999999,1
16813,UK,30.0,146.77,8,3,5,19,0,49.3,2,4403.1,1
16709,UK,41.0,27.88,12,3,5,17,0,8.7,8,1143.08,0
11919,Japan,23.0,53.49,7,3,8,19,1,9.9,8,1230.27,0
17398,France,6.0,56.55,19,0,8,18,0,17.1,6,339.29999999999995,0
11754,UK,19.0,75.27,4,3,5,13,0,12.3,27,1430.1299999999999,0
12256,UK,10.0,130.66,8,6,7,17,0,58.6,18,1306.6,0
18119,Sweden,28.0,125.3,17,0,7,17,1,48.7,2,3508.4,1
19791,Japan,14.0,1.99,10,5,1,9,0,21.6,27,27.86,0
12647,UK,48.0,61.68,14,1,11,19,1,31.7,9,2960.64,1
19213,Australia,19.0,124.28,13,0,11,14,1,32.5,29,2361.32,1
19132,UK,16.0,0.53,7,0,5,12,1,36.8,7,8.48,0
17694,UK,49.0,80.28,15,0,10,14,0,7.1,3,3933.7200000000003,1
11400,Netherlands,26.0,39.29,5,2,5,12,1,21.6,4,1021.54,0
12994,UK,9.0,62.21,15,3,1,12,0,6.1,12,559.89,0
16777,UK,24.0,63.34,3,4,11,15,1,55.2,27,1520.16,1
19992,Sweden,13.0,59.07,14,0,4,20,0,24.8,17,767.91,0
18144,Australia,36.0,133.85,3,4,5,13,0,43.9,4,4818.599999999999,1
14202,UK,29.0,80.7,17,5,7,10,1,55.3,10,2340.3,1
12352,Germany,36.0,135.61,12,0,6,17,0,19.3,15,4881.960000000001,1
19603,Netherlands,47.0,,1,4,4,11,0,6.2,16,3583.045,1
12762,Germany,36.0,52.99,3,0,10,14,1,20.8,25,1907.64,1
13422,Norway,17.0,74.29,4,3,5,11,0,40.6,2,1262.93,0
19645,France,10.0,58.78,19,4,8,10,0,30.5,1,587.8,0
15616,UK,26.0,,12,6,8,11,0,5.4,21,1982.11,1
12645,UK,23.0,28.55,6,3,12,12,1,5.1,4,656.65,0
10053,Australia,16.0,140.49,6,3,6,20,1,42.3,20,2247.84,1
14299,Norway,40.0,87.27,1,5,6,16,1,44.5,10,3490.7999999999997,1
19860,UK,45.0,91.96,4,1,11,17,1,7.5,12,4138.2,1
14325,UK,,77.76,17,1,6,8,0,47.9,5,1944.0000000000002,1
16995,Netherlands,34.0,83.4,12,3,4,8,1,21.4,23,2835.6000000000004,1
12530,UK,49.0,100.32,7,0,1,12,0,5.0,6,4915.679999999999,1
17756,UK,1.0,98.43,1,0,4,19,1,20.7,1,98.43,0
17757,Japan,18.0,32.51,7,2,3,8,1,44.1,18,585.18,0
16083,Australia,37.0,87.57,8,1,4,17,0,39.7,5,3240.0899999999997,1
17718,Japan,25.0,53.52,3,4,7,18,0,29.4,5,1338.0,0
15788,France,39.0,95.74,12,3,7,11,1,17.5,7,3733.8599999999997,1
13783,UK,24.0,82.4,13,3,3,9,0,25.7,19,1977.6000000000001,1
17378,Sweden,4.0,27.36,19,3,6,9,1,23.5,22,109.44,0
18351,UK,22.0,110.34,7,0,6,9,0,24.0,27,2427.48,1
18410,UK,20.0,68.82,6,2,1,18,1,29.9,29,1376.3999999999999,0
12130,Japan,42.0,82.94,16,0,4,18,0,27.9,7,3483.48,1
16765,France,8.0,101.06,7,2,9,16,0,7.0,7,808.48,0
10043,Japan,8.0,98.1,12,4,1,9,1,18.1,7,784.8,0
15719,UK,7.0,112.46,15,6,4,20,1,8.6,6,787.2199999999999,0
15711,Norway,28.0,,17,2,6,16,1,36.5,1,2134.58,1
13634,Germany,49.0,17.0,7,1,2,18,1,25.9,18,833.0,0
19940,France,31.0,100.54,12,4,8,12,1,40.6,1,3116.7400000000002,1
18829,Sweden,40.0,35.78,3,6,9,10,0,6.2,2,1431.2,0
10386,UK,,17.63,15,2,5,18,1,21.3,12,440.75,0
12088,France,30.0,20.12,1,5,3,8,1,11.6,24,603.6,0
12079,Germany,30.0,47.26,14,2,10,10,0,6.4,15,1417.8,0
18975,Netherlands,12.0,148.77,4,4,3,9,1,,12,1785.2400000000002,1
15189,Japan,,24.01,9,1,2,9,1,8.7,6,600.25,0
17288,France,,45.13,2,1,1,15,1,11.3,20,1128.25,0
18099,UK,43.0,138.15,14,6,2,10,1,22.6,10,5940.45,1
17676,UK,49.0,144.51,10,2,11,20,1,18.3,29,7080.99,1
10890,Norway,18.0,34.71,13,0,12,20,1,55.3,5,624.78,0
11403,Norway,8.0,132.13,7,5,7,10,0,59.3,23,1057.04,0
13952,Norway,43.0,21.27,1,0,12,18,0,25.9,20,914.61,0
13383,UK,24.0,114.35,12,0,9,8,1,12.9,11,2744.3999999999996,1
17470,UK,47.0,2.44,14,5,5,11,0,30.4,12,114.67999999999999,0
11562,Netherlands,35.0,61.29,13,2,9,16,1,30.2,28,2145.15,1
13715,Netherlands,13.0,37.48,5,0,6,10,0,,22,487.23999999999995,0
12365,UK,18.0,105.75,14,6,12,9,0,2.2,2,1903.5,1
11888,Germany,30.0,2.9,11,1,11,10,0,8.6,16,87.0,0
11728,UK,20.0,70.0,4,4,11,16,1,9.3,22,1400.0,0
11954,UK,14.0,104.66,3,1,7,10,0,21.8,11,1465.24,0
15643,UK,11.0,7.48,7,4,7,11,1,35.3,21,82.28,0
14100,UK,32.0,134.66,1,4,2,10,1,52.8,19,4309.12,1
14352,UK,2.0,54.5,14,5,8,19,1,14.2,10,109.0,0
14794,Sweden,5.0,25.21,1,2,2,19,0,46.5,1,126.05000000000001,0
17410,France,3.0,34.21,1,4,7,18,0,14.3,2,102.63,0
18618,Sweden,36.0,51.17,4,5,2,8,0,2.9,21,1842.1200000000001,1
15264,UK,2.0,30.16,7,5,6,11,1,39.3,23,60.32,0
16422,UK,21.0,76.83,1,5,10,19,1,13.7,11,1613.43,1
17385,UK,6.0,95.12,12,2,4,15,1,,14,570.72,0
16904,Germany,29.0,,3,3,8,8,1,56.1,15,2210.815,1
11342,UK,2.0,64.34,16,6,4,11,1,7.2,26,128.68,0
19829,France,2.0,117.36,11,1,4,18,0,12.5,16,234.72,0
11648,Australia,21.0,45.5,2,4,3,19,0,13.4,17,955.5,0
14118,Japan,35.0,93.6,8,5,2,13,0,54.8,17,3276.0,1
16526,UK,6.0,133.99,3,3,5,9,0,5.6,4,803.94,0
14033,UK,25.0,33.62,19,6,2,9,1,45.3,21,840.4999999999999,0
12431,UK,40.0,93.18,12,2,11,10,1,18.0,27,3727.2000000000003,1
19233,UK,31.0,142.22,16,5,9,18,1,35.4,4,4408.82,1
10715,France,37.0,79.7,8,4,3,18,1,11.5,3,2948.9,1
12458,UK,16.0,146.55,3,0,11,11,1,48.6,15,2344.8,1
19929,France,47.0,46.85,5,5,5,20,0,40.6,23,2201.9500000000003,1
17298,UK,8.0,84.86,8,4,7,19,0,,3,678.88,0
10869,Norway,30.0,47.0,15,1,9,20,0,15.0,22,1410.0,0
17545,Norway,22.0,1.06,9,4,10,17,1,28.5,7,23.32,0
19695,UK,2.0,,18,3,1,15,1,32.3,6,152.47,0
10977,Japan,47.0,36.39,7,6,4,20,1,49.8,6,1710.33,1
14140,UK,35.0,145.98,5,2,5,16,0,23.8,16,5109.299999999999,1
14682,France,12.0,98.13,10,1,8,18,0,55.7,18,1177.56,0
11310,Japan,3.0,135.64,3,0,11,13,1,12.4,14,406.91999999999996,0
12005,Australia,34.0,145.1,13,5,6,11,0,51.6,18,4933.4,1
11737,Australia,27.0,85.39,2,6,6,15,1,54.4,24,2305.53,1
11853,UK,3.0,149.95,13,4,2,13,1,38.0,25,449.84999999999997,0
14035,Australia,49.0,115.22,8,2,7,12,0,58.1,22,5645.78,1
14638,France,36.0,78.81,7,6,6,17,1,25.2,16,2837.16,1
12379,UK,23.0,98.41,12,1,8,15,0,42.3,7,2263.43,1
12894,UK,12.0,29.54,14,4,11,12,0,1.6,22,354.48,0
11922,Netherlands,14.0,2.15,18,4,7,11,0,17.2,20,30.099999999999998,0
17960,Germany,23.0,38.89,6,5,1,15,1,34.4,26,894.47,0
12117,UK,,,16,6,10,12,0,52.7,21,1905.875,1
19076,Sweden,19.0,34.59,16,2,6,11,1,57.2,4,657.21,0
15388,France,11.0,77.35,19,0,6,10,0,35.2,17,850.8499999999999,0
18027,UK,6.0,,19,1,11,16,0,51.5,21,457.40999999999997,0
16363,UK,7.0,98.54,16,5,8,13,0,48.2,29,689.7800000000001,0
12660,Germany,17.0,134.12,6,2,10,12,0,46.6,10,2280.04,1
16013,Netherlands,19.0,144.96,14,0,11,9,0,7.6,25,2754.2400000000002,1
12741,Germany,18.0,133.66,15,5,6,8,0,29.2,9,2405.88,1
11185,UK,34.0,93.22,6,4,12,17,1,29.7,11,3169.48,1
12547,France,,31.26,16,0,3,20,1,47.5,28,781.5,0
12756,France,10.0,141.55,14,4,11,12,0,35.6,5,1415.5,0
11350,Australia,48.0,26.64,10,4,11,18,0,49.4,6,1278.72,0
10236,UK,36.0,,17,6,2,15,1,57.4,25,2744.46,1
19437,Netherlands,,47.98,2,6,2,11,1,33.7,27,1199.5,0
15134,UK,3.0,86.25,13,6,1,15,1,47.7,4,258.75,0
14020,UK,45.0,102.38,15,6,4,9,1,34.1,24,4607.099999999999,1
19299,France,37.0,2.49,1,5,12,12,1,37.9,18,92.13000000000001,0
12246,France,23.0,116.81,8,4,2,17,1,29.1,26,2686.63,1
14028,UK,8.0,26.67,10,3,1,19,0,57.6,15,213.36,0
18466,Netherlands,6.0,44.82,4,5,6,10,1,49.2,17,268.92,0
16320,UK,15.0,48.65,17,6,5,19,1,45.4,7,729.75,0
13991,UK,12.0,50.2,12,0,8,15,1,20.4,17,602.4000000000001,0
12558,UK,11.0,114.17,6,0,8,10,0,29.6,13,1255.8700000000001,0
10351,UK,,6.62,9,3,10,18,1,51.9,12,165.5,0
10850,France,3.0,29.88,3,2,5,19,0,56.2,9,89.64,0
11619,Australia,,3.84,2,3,6,11,0,59.9,12,96.0,0
17866,France,43.0,,15,2,1,9,1,44.3,5,3278.105,1
16392,UK,43.0,147.57,19,5,12,11,0,44.1,25,6345.509999999999,1
14334,UK,1.0,99.1,6,6,3,17,1,6.5,12,99.1,0
17829,UK,34.0,88.73,5,1,8,8,0,45.3,12,3016.82,1
11607,France,49.0,136.26,13,5,11,11,1,21.5,29,6676.74,1
12109,UK,29.0,38.62,10,0,8,12,1,52.0,15,1119.98,0
13927,UK,20.0,10.44,3,5,8,8,1,1.7,21,208.79999999999998,0
19173,Netherlands,25.0,76.74,13,4,3,15,0,56.1,29,1918.4999999999998,1
16142,France,11.0,39.42,4,4,9,18,1,29.5,26,433.62,0
18509,UK,20.0,,3,3,3,10,0,8.5,11,1524.7,1
12481,UK,46.0,68.72,9,0,9,19,0,36.5,16,3161.12,1
18483,France,30.0,48.17,15,5,7,20,0,41.8,24,1445.1000000000001,0
10724,UK,22.0,73.21,10,0,6,19,0,47.0,15,1610.62,1
12276,UK,7.0,57.33,13,3,9,17,1,42.4,9,401.31,0
15230,Japan,45.0,17.4,5,1,9,13,0,33.6,16,782.9999999999999,0
10505,UK,8.0,130.08,10,5,3,10,0,5.8,1,1040.64,0
18582,UK,36.0,105.34,14,4,5,19,0,51.9,26,3792.2400000000002,1
18674,UK,15.0,6.68,11,3,6,14,0,,18,100.19999999999999,0
15414,UK,14.0,17.81,5,2,2,13,0,46.9,8,249.33999999999997,0
13058,UK,9.0,14.93,19,5,5,13,1,3.0,14,134.37,0
10989,UK,19.0,9.73,2,1,1,10,1,45.6,1,184.87,0
16189,Germany,34.0,9.33,18,5,6,12,1,16.9,23,317.22,0
15376,UK,21.0,23.99,14,6,3,18,1,57.8,16,503.78999999999996,0
17599,Japan,,127.26,3,1,3,15,1,4.7,1,3181.5,1
16025,Sweden,13.0,124.32,5,4,10,13,1,6.4,14,1616.1599999999999,1
11282,UK,8.0,117.58,8,2,2,9,1,11.7,3,940.64,0
11217,UK,20.0,92.4,19,6,2,13,0,45.4,12,1848.0,1
17808,Netherlands,45.0,108.66,10,6,4,10,1,39.4,25,4889.7,1
11590,Norway,48.0,110.9,5,2,1,13,1,43.9,19,5323.200000000001,1
19385,Japan,49.0,133.45,18,1,11,9,0,21.9,14,6539.049999999999,1
11059,UK,6.0,109.99,3,0,12,20,0,52.9,15,659.9399999999999,0
17283,UK,24.0,110.6,16,4,10,10,0,27.3,15,2654.3999999999996,1
19752,UK,3.0,120.71,16,6,10,9,0,8.9,3,362.13,0
14412,Australia,25.0,83.68,8,1,2,16,1,,7,2092.0,1
10567,Germany,29.0,32.35,1,5,7,12,1,32.2,24,938.1500000000001,0
18766,UK,38.0,13.14,17,5,2,20,0,36.0,27,499.32000000000005,0
11873,Germany,17.0,63.15,19,3,4,13,0,23.7,5,1073.55,0
15274,UK,2.0,14.21,8,1,6,16,1,42.9,27,28.42,0
19845,Germany,23.0,25.81,4,4,9,18,0,3.1,1,593.63,0
17447,UK,21.0,4.06,6,4,4,20,1,30.0,15,85.25999999999999,0
10463,Germany,31.0,45.38,3,5,4,18,0,26.2,24,1406.78,0
18205,France,5.0,145.51,12,3,10,15,0,45.0,7,727.55,0
11612,France,31.0,57.15,10,0,3,18,0,16.7,28,1771.6499999999999,1
17493,UK,20.0,36.51,7,1,6,11,1,14.8,29,730.1999999999999,0
16209,Australia,37.0,60.82,13,2,4,19,0,19.9,13,2250.34,1
12878,France,49.0,,12,3,11,19,0,29.4,26,3735.515,1
14236,UK,12.0,101.24,1,2,7,12,1,13.4,3,1214.8799999999999,0
11178,UK,37.0,,8,6,2,8,0,41.4,16,2820.695,1
19867,Germany,7.0,,17,1,2,16,1,20.6,9,533.645,0
12383,UK,49.0,76.94,16,4,12,9,0,,19,3770.06,1
13086,UK,24.0,,17,2,12,8,1,33.9,8,1829.6399999999999,1
15028,UK,37.0,101.77,19,6,10,20,1,23.2,13,3765.49,1
16723,UK,39.0,140.4,2,6,1,15,1,42.4,22,5475.6,1
15052,UK,30.0,136.17,6,5,9,16,1,39.7,6,4085.0999999999995,1
15051,Germany,19.0,31.25,9,5,8,19,1,45.7,25,593.75,0
15826,UK,37.0,111.53,10,4,12,20,0,31.9,20,4126.61,1
18576,France,,119.06,15,4,6,20,1,,8,2976.5,1
13951,UK,33.0,129.72,14,3,6,9,1,12.9,20,4280.76,1
18321,UK,31.0,39.31,14,0,8,12,0,26.8,10,1218.6100000000001,0
17868,UK,23.0,67.9,4,6,2,17,0,52.5,16,1561.7,1
19610,Netherlands,6.0,33.61,13,6,9,8,1,8.1,18,201.66,0
19131,Norway,15.0,4.13,16,3,6,11,0,13.7,24,61.949999999999996,0
17981,UK,46.0,99.02,15,6,3,14,0,40.2,11,4554.92,1
12467,UK,26.0,65.0,12,2,10,12,1,34.9,14,1690.0,1
17742,UK,32.0,37.59,2,0,4,10,0,55.1,13,1202.88,0
17365,UK,13.0,127.14,3,5,11,19,1,2.7,25,1652.82,1
12895,Australia,35.0,74.6,15,3,4,13,1,52.8,25,2611.0,1
16779,UK,,149.2,17,6,6,13,1,43.8,7,3729.9999999999995,1
12529,Norway,11.0,119.11,16,1,6,16,0,46.8,4,1310.21,0
15230,Germany,8.0,,9,3,9,16,1,23.3,28,609.88,0
17967,UK,20.0,116.11,12,4,3,14,0,19.1,5,2322.2,1
11885,Australia,28.0,16.34,4,0,3,19,0,1.8,6,457.52,0
13369,UK,14.0,10.22,12,6,3,11,0,47.5,4,143.08,0
17952,Netherlands,,137.3,4,4,3,19,1,10.5,5,3432.5000000000005,1
14537,UK,14.0,21.16,16,1,6,19,1,14.3,2,296.24,0
19606,Australia,15.0,58.99,15,5,8,8,0,17.3,18,884.85,0
10079,UK,37.0,91.68,1,6,11,17,1,52.3,15,3392.1600000000003,1
17218,UK,25.0,32.18,18,2,6,10,1,18.0,3,804.5,0
18141,Australia,23.0,34.18,16,4,5,14,0,26.1,19,786.14,0
19178,UK,8.0,70.2,8,5,2,19,0,45.1,5,561.6,0
11567,UK,,54.45,9,1,2,10,1,53.6,16,1361.25,0
19841,Netherlands,48.0,101.65,2,3,10,15,0,,22,4879.200000000001,1
13922,UK,37.0,11.72,18,3,8,18,0,32.6,13,433.64000000000004,0
13520,Japan,22.0,73.57,2,2,7,14,1,1.1,9,1618.54,1
13555,Germany,16.0,26.55,18,2,6,9,0,10.3,26,424.8,0
16382,Germany,18.0,91.21,13,4,7,8,0,16.0,24,1641.78,1
16592,UK,2.0,17.87,18,5,11,14,1,25.4,25,35.74,0
14739,UK,2.0,30.05,8,2,3,8,1,22.4,5,60.1,0
10710,Norway,39.0,120.68,18,1,6,8,1,31.3,8,4706.52,1
19866,UK,42.0,35.66,9,5,3,20,1,25.3,12,1497.7199999999998,1
12221,UK,48.0,110.69,7,1,2,14,1,43.8,5,5313.12,1
10938,UK,31.0,41.32,7,0,9,14,0,4.1,12,1280.92,0
15973,UK,46.0,35.64,19,2,9,9,1,59.7,8,1639.44,1
14123,Germany,21.0,45.22,9,5,11,18,1,50.7,14,949.62,0
16155,Netherlands,13.0,132.2,10,5,1,14,0,20.8,21,1718.6,1
18755,Netherlands,,59.88,13,2,3,10,1,24.4,12,1497.0,1
10973,Japan,12.0,36.94,11,3,7,17,1,57.9,21,443.28,0
12840,UK,37.0,,11,6,10,11,1,56.2,12,2820.695,1
15165,UK,1.0,58.15,8,5,12,14,0,24.2,15,58.15,0
17877,UK,47.0,118.63,4,5,10,15,0,4.5,10,5575.61,1
16006,France,38.0,148.57,19,0,11,11,0,59.3,3,5645.66,1
13827,UK,,79.22,10,1,10,19,1,39.6,1,1980.5,1
16100,Germany,35.0,68.04,19,0,4,17,1,41.9,6,2381.4,1
19799,UK,7.0,51.78,9,6,7,11,1,17.2,18,362.46000000000004,0
14800,Australia,22.0,146.01,12,2,8,10,0,49.3,3,3212.22,1
18835,Australia,6.0,72.75,11,3,5,12,1,33.9,14,436.5,0
17799,Japan,6.0,27.11,19,3,11,14,0,28.7,4,162.66,0
13013,UK,1.0,145.4,3,3,10,15,1,44.7,11,145.4,0
12495,Norway,39.0,144.15,10,0,7,13,0,22.9,8,5621.85,1
17701,UK,37.0,65.64,3,6,6,8,0,26.3,7,2428.68,1
12074,UK,,52.55,17,2,10,16,0,39.5,15,1313.75,0
13368,UK,49.0,102.23,11,6,3,12,1,38.7,26,5009.27,1
12353,UK,48.0,124.42,18,5,3,12,0,58.3,19,5972.16,1
16063,Germany,49.0,75.03,6,4,5,15,0,34.2,7,3676.4700000000003,1
12941,UK,1.0,49.96,4,4,2,18,0,,25,49.96,0
16584,UK,39.0,45.56,12,6,6,8,1,18.0,27,1776.8400000000001,1
19348,France,36.0,49.33,3,2,6,20,1,32.5,22,1775.8799999999999,1
18295,Australia,8.0,18.15,8,2,7,16,1,8.1,7,145.2,0
19479,France,7.0,116.9,6,4,6,15,0,35.7,5,818.3000000000001,0
10244,Germany,48.0,16.19,5,1,11,8,1,24.0,29,777.1200000000001,0
14554,UK,44.0,60.05,3,5,4,17,0,,26,2642.2,1
12201,Australia,17.0,125.32,13,0,5,17,0,12.4,13,2130.44,1
19178,UK,4.0,60.91,15,6,9,15,0,30.2,14,243.64,0
17119,UK,17.0,44.57,8,2,4,18,0,3.2,16,757.69,0
13202,UK,1.0,142.26,6,0,8,18,0,36.8,26,142.26,0
15635,France,34.0,19.42,3,4,12,18,0,17.8,9,660.2800000000001,0
16054,UK,19.0,132.79,13,1,5,12,0,54.4,20,2523.0099999999998,1
14956,France,3.0,,16,2,3,16,0,32.1,28,228.70499999999998,0
14743,UK,49.0,62.32,11,3,3,8,1,47.1,9,3053.68,1
10552,UK,41.0,94.94,9,4,1,15,0,51.2,9,3892.54,1
14524,UK,45.0,55.82,13,0,4,9,0,52.9,4,2511.9,1
13482,UK,49.0,80.42,18,0,11,11,1,52.4,22,3940.58,1
18182,UK,1.0,31.0,19,3,4,16,1,14.3,8,31.0,0
18651,Germany,38.0,85.57,4,2,12,13,0,18.9,1,3251.66,1
17504,UK,39.0,20.62,10,4,12,19,0,42.8,15,804.1800000000001,0
10308,UK,39.0,119.52,17,5,9,9,1,32.7,17,4661.28,1
18412,France,13.0,87.78,13,4,12,20,1,37.0,1,1141.14,0
13964,UK,20.0,72.55,16,0,5,17,0,41.0,22,1451.0,0
14163,UK,46.0,8.67,19,6,12,13,1,7.7,17,398.82,0
19451,UK,4.0,75.22,2,5,7,8,0,10.9,14,300.88,0
18672,UK,,84.75,12,0,1,8,0,38.6,10,2118.75,1
10508,UK,39.0,40.22,11,5,10,13,1,37.9,19,1568.58,1
13598,France,40.0,101.8,6,6,12,15,0,,22,4072.0,1
17497,UK,30.0,11.98,13,3,11,14,0,41.9,23,359.40000000000003,0
15388,Netherlands,38.0,31.7,2,5,6,11,1,13.3,12,1204.6,0
12576,UK,45.0,110.76,10,6,2,16,1,5.1,15,4984.2,1
15247,Germany,38.0,22.51,8,6,8,15,1,24.1,8,855.3800000000001,0
18666,Netherlands,6.0,37.21,8,6,11,12,1,,7,223.26,0
12232,UK,12.0,97.8,12,1,11,12,0,46.3,26,1173.6,0
17460,UK,15.0,109.46,18,0,8,13,1,40.6,12,1641.8999999999999,1
17347,UK,17.0,8.2,19,4,10,17,1,52.5,8,139.39999999999998,0
18857,Norway,18.0,19.43,14,4,1,15,1,30.8,22,349.74,0
12979,Norway,11.0,67.19,7,3,8,9,1,18.0,21,739.0899999999999,0
12159,UK,34.0,89.12,19,1,2,20,1,30.8,8,3030.08,1
15476,Netherlands,6.0,68.34,19,6,9,10,1,13.7,6,410.04,0
15312,UK,39.0,97.24,17,2,1,16,1,4.6,19,3792.3599999999997,1
14095,UK,33.0,113.52,17,5,8,8,1,30.5,27,3746.16,1
17792,France,48.0,142.46,16,4,12,11,0,25.4,5,6838.08,1
17990,UK,1.0,52.81,15,6,2,15,0,2.9,7,52.81,0
12456,UK,15.0,24.88,14,4,6,19,0,43.6,27,373.2,0
17955,Australia,45.0,39.98,13,4,1,15,0,39.0,22,1799.1,1
12307,UK,25.0,22.65,13,5,9,8,1,5.4,18,566.25,0
14076,France,28.0,59.44,8,0,12,20,1,42.9,10,1664.32,1
10271,UK,2.0,130.95,17,4,1,11,0,5.9,14,261.9,0
13403,UK,38.0,52.39,13,4,7,12,0,31.5,6,1990.82,1
19585,UK,13.0,22.75,12,5,10,9,1,,24,295.75,0
14425,Norway,48.0,78.63,15,1,1,17,1,30.4,15,3774.24,1
17100,UK,19.0,148.8,2,4,6,13,1,45.1,24,2827.2000000000003,1
11079,UK,10.0,28.63,18,1,2,10,0,23.7,26,286.3,0
16355,France,30.0,116.79,12,0,12,16,0,13.6,3,3503.7000000000003,1
13715,Norway,24.0,123.59,18,4,7,10,0,29.7,26,2966.16,1
17439,Sweden,24.0,60.5,2,0,7,14,0,21.2,9,1452.0,0
19280,Germany,47.0,93.12,5,0,12,16,0,9.9,10,4376.64,1
15316,UK,18.0,,19,3,10,18,1,28.8,14,1372.23,0
11028,Germany,20.0,39.72,14,6,4,17,0,12.9,9,794.4,0
14761,Australia,31.0,64.2,13,5,8,15,0,28.7,10,1990.2,1
11231,Japan,9.0,14.75,8,0,4,8,0,36.0,21,132.75,0
14495,Australia,41.0,106.19,11,0,7,11,0,47.1,10,4353.79,1
10611,UK,12.0,124.46,11,3,10,15,1,51.3,18,1493.52,1
16404,UK,12.0,46.46,4,3,12,14,1,40.4,11,557.52,0
13104,Germany,1.0,85.19,11,0,12,14,1,53.7,10,85.19,0
12015,UK,17.0,35.21,10,1,6,17,1,33.9,5,598.57,0
10173,UK,29.0,,6,0,11,19,1,42.9,26,2210.815,1
18880,UK,35.0,99.71,7,3,11,14,1,46.5,4,3489.85,1
18371,France,45.0,20.55,15,4,7,9,0,49.7,17,924.75,0
18117,Japan,39.0,117.41,13,2,1,13,0,45.4,8,4578.99,1
10581,Netherlands,16.0,41.13,9,4,2,11,1,54.2,29,658.08,0
13495,Japan,41.0,122.87,12,1,8,14,0,28.9,3,5037.67,1
19713,Netherlands,10.0,55.59,5,5,10,15,1,57.3,13,555.9000000000001,0
15786,France,11.0,55.64,10,0,11,15,1,24.6,15,612.04,0
11284,UK,18.0,,11,3,3,15,0,5.1,29,1372.23,0
11410,Germany,27.0,76.78,5,2,11,12,0,11.7,5,2073.06,1
12631,UK,10.0,,4,3,10,10,0,33.9,25,762.35,0
19723,UK,45.0,127.64,10,3,6,19,1,1.9,2,5743.8,1
11696,UK,14.0,51.35,18,4,5,13,0,10.3,9,718.9,0
19028,Australia,20.0,15.87,9,6,6,10,1,23.1,25,317.4,0
16780,France,30.0,62.69,18,3,9,20,1,37.8,11,1880.6999999999998,1
19218,Sweden,,86.31,17,1,10,8,0,10.8,18,2157.75,1
18260,Norway,20.0,91.68,15,3,3,12,1,34.9,12,1833.6000000000001,1
13321,Japan,49.0,125.42,17,3,5,17,1,40.1,27,6145.58,1
18278,UK,22.0,81.44,8,6,2,13,1,46.1,3,1791.6799999999998,1
11691,Japan,6.0,33.94,15,3,12,18,1,40.0,29,203.64,0
12909,Australia,36.0,39.62,3,6,5,12,1,15.8,7,1426.32,0
12117,Japan,35.0,15.58,7,4,4,16,1,59.8,18,545.3,0
11331,UK,11.0,110.52,11,4,3,13,0,53.4,8,1215.72,0
10900,UK,42.0,,1,2,1,14,1,23.0,24,3201.87,1
11873,Sweden,20.0,91.07,15,1,6,14,1,2.7,21,1821.3999999999999,1
11201,UK,8.0,89.74,18,0,10,20,0,32.2,5,717.92,0
13804,UK,9.0,117.93,3,3,4,17,1,52.0,8,1061.3700000000001,0
10713,UK,,11.66,19,6,5,12,1,49.5,21,291.5,0
10612,UK,11.0,30.84,2,0,8,13,0,54.0,15,339.24,0
19898,UK,24.0,136.48,3,6,5,13,1,58.2,16,3275.5199999999995,1
10876,Norway,36.0,86.05,15,6,9,17,1,43.1,11,3097.7999999999997,1
10740,Japan,42.0,68.92,14,3,4,15,1,10.6,20,2894.64,1
10301,Sweden,24.0,112.28,18,2,6,14,0,3.1,27,2694.7200000000003,1
11325,UK,45.0,135.43,9,4,12,13,0,9.9,4,6094.35,1
15279,UK,15.0,39.82,11,5,11,13,1,12.9,21,597.3,0
18272,UK,43.0,135.27,3,0,7,15,1,,28,5816.610000000001,1
17348,UK,13.0,16.75,14,3,5,18,0,27.8,7,217.75,0
15802,UK,,146.66,19,0,12,20,1,47.2,13,3666.5,1
10850,Netherlands,36.0,25.15,12,4,6,8,1,1.3,17,905.4,0
17744,Norway,38.0,40.3,18,0,5,11,0,48.4,23,1531.3999999999999,1
10372,UK,46.0,14.94,8,2,8,16,1,55.6,20,687.24,0
16309,UK,46.0,120.65,19,5,5,9,0,10.0,29,5549.900000000001,1
14093,UK,6.0,147.64,11,5,11,15,0,2.3,17,885.8399999999999,0
18821,UK,31.0,44.9,3,1,3,13,0,29.3,26,1391.8999999999999,0
13075,UK,35.0,49.18,7,3,1,10,0,52.2,16,1721.3,1
16384,UK,30.0,42.21,10,1,6,14,0,44.5,10,1266.3,0
14399,UK,1.0,23.65,2,4,12,14,0,3.0,20,23.65,0
15221,UK,3.0,118.22,18,0,1,17,0,40.7,12,354.65999999999997,0
19387,Australia,33.0,9.58,5,5,10,18,1,49.2,20,316.14,0
17127,UK,42.0,145.18,13,0,1,20,1,17.0,19,6097.56,1
14145,UK,9.0,139.13,18,4,7,13,0,39.6,3,1252.17,0
14473,UK,3.0,18.21,9,2,6,16,0,,16,54.63,0
17045,UK,20.0,79.66,12,1,2,18,1,13.1,1,1593.1999999999998,1
13460,Germany,16.0,148.93,10,3,9,20,0,54.2,12,2382.88,1
11678,Australia,49.0,127.97,15,0,3,16,0,14.2,20,6270.53,1
14676,Japan,46.0,107.41,1,4,6,11,0,50.6,19,4940.86,1
10682,Germany,28.0,3.86,7,4,7,12,1,42.4,3,108.08,0
11697,UK,47.0,10.72,12,3,7,10,0,14.0,27,503.84000000000003,0
14207,UK,12.0,119.21,2,2,1,10,1,43.0,22,1430.52,0
17965,UK,49.0,56.78,17,3,6,11,0,2.5,9,2782.2200000000003,1
17814,UK,22.0,100.43,13,6,8,14,1,14.9,14,2209.46,1
12607,Japan,24.0,111.01,1,5,7,18,0,17.8,4,2664.2400000000002,1
14219,UK,3.0,63.62,1,0,9,11,1,53.5,11,190.85999999999999,0
11535,UK,9.0,21.94,4,2,10,10,1,55.0,20,197.46,0
17552,UK,10.0,58.31,13,0,3,9,0,17.0,26,583.1,0
12463,UK,24.0,130.72,10,1,10,10,0,29.0,18,3137.2799999999997,1
17995,Sweden,10.0,50.0,10,5,11,13,1,58.9,9,500.0,0
18420,UK,6.0,9.87,11,5,11,13,1,40.3,27,59.22,0
16890,UK,30.0,143.89,10,3,11,13,1,5.1,16,4316.7,1
13302,UK,43.0,102.26,7,4,3,12,0,,22,4397.18,1
19529,Australia,4.0,81.36,1,2,8,13,0,25.9,21,325.44,0
16860,UK,28.0,124.45,1,3,6,16,0,19.1,12,3484.6,1
16458,Germany,48.0,61.97,14,5,12,8,1,31.7,1,2974.56,1
18564,UK,20.0,147.77,15,1,10,19,0,44.4,19,2955.4,1
18814,UK,9.0,128.71,5,2,2,11,0,41.8,26,1158.39,0
10777,Japan,4.0,42.44,5,0,12,9,0,21.7,26,169.76,0
18815,UK,46.0,55.97,8,1,9,10,0,44.5,25,2574.62,1
17650,UK,20.0,,13,0,7,15,1,,11,1524.7,1
12065,Germany,6.0,99.07,12,5,6,14,0,46.4,27,594.42,0
13076,UK,43.0,96.08,11,5,6,9,1,7.7,1,4131.44,1
17526,UK,40.0,78.61,1,2,10,14,0,24.9,10,3144.4,1
12166,Australia,35.0,144.89,9,4,10,10,1,24.3,19,5071.15,1
14524,UK,5.0,71.11,15,1,7,19,1,21.8,10,355.55,0
16889,UK,5.0,117.67,12,0,12,12,0,42.2,1,588.35,0
16504,UK,,98.89,16,3,3,20,0,33.9,6,2472.25,1
19097,France,8.0,77.97,14,1,6,15,0,23.8,28,623.76,0
11115,UK,27.0,6.79,18,5,8,20,1,32.6,13,183.33,0
12950,UK,20.0,98.8,11,1,2,15,1,42.6,5,1976.0,1
19848,Germany,38.0,96.57,11,5,6,9,1,40.8,18,3669.66,1
15688,Germany,5.0,19.17,11,1,11,16,0,45.9,11,95.85000000000001,0
12487,Norway,36.0,119.49,6,0,9,14,1,51.2,12,4301.639999999999,1
12898,UK,46.0,,9,3,9,18,0,44.6,28,3506.81,1
13392,UK,7.0,,4,1,2,13,0,11.6,16,533.645,0
15542,UK,32.0,123.68,9,2,2,10,0,50.9,3,3957.76,1
12845,Germany,25.0,51.83,3,2,6,9,0,20.6,28,1295.75,0
16218,UK,5.0,93.47,10,6,4,17,1,40.3,1,467.35,0
14452,Germany,15.0,92.88,19,3,1,11,0,59.5,20,1393.1999999999998,0
16103,UK,39.0,8.39,9,5,7,16,1,18.4,4,327.21000000000004,0
11551,Australia,43.0,63.71,15,4,10,9,1,16.9,8,2739.53,1
16235,Australia,19.0,33.81,9,6,9,9,0,11.7,29,642.3900000000001,0
19247,UK,6.0,30.34,18,3,2,17,1,59.1,5,182.04,0
11350,Norway,12.0,98.42,4,6,10,12,0,26.2,29,1181.04,0
13274,Norway,42.0,2.21,16,6,5,15,1,47.2,9,92.82,0
16935,UK,28.0,145.38,14,6,2,8,1,3.9,12,4070.64,1
16174,UK,22.0,59.61,17,4,6,10,0,11.6,28,1311.42,0
16747,Germany,1.0,45.17,3,6,3,9,0,4.7,22,45.17,0
15595,UK,39.0,138.04,18,5,9,11,0,49.1,9,5383.5599999999995,1
16825,UK,23.0,73.26,18,2,9,11,0,7.3,22,1684.98,1
16093,UK,27.0,92.34,6,1,9,12,0,55.5,14,2493.1800000000003,1
10740,Norway,42.0,104.53,12,1,2,11,0,40.2,3,4390.26,1
17512,UK,28.0,130.78,12,4,5,13,1,54.7,8,3661.84,1
14468,Netherlands,46.0,19.9,1,1,6,19,0,25.1,7,915.4,0
10514,UK,28.0,12.71,10,1,12,9,1,32.0,14,355.88,0
14090,UK,17.0,149.06,13,4,7,19,0,2.6,26,2534.02,1
14351,Japan,46.0,1.83,4,2,8,13,1,28.5,17,84.18,0
10867,UK,32.0,106.38,7,4,5,15,1,35.9,5,3404.16,1
19960,UK,38.0,91.85,12,6,4,16,1,6.9,18,3490.2999999999997,1
12223,UK,12.0,83.11,18,0,10,17,1,58.9,16,997.3199999999999,0
13306,France,33.0,117.98,2,4,11,20,0,1.3,12,3893.34,1
14409,UK,28.0,148.87,18,5,1,20,1,16.8,8,4168.360000000001,1
18325,UK,6.0,7.51,16,0,7,9,1,37.3,21,45.06,0
17429,UK,13.0,92.37,17,5,10,13,0,30.4,17,1200.81,0
17709,UK,,107.66,1,3,2,15,0,15.1,13,2691.5,1
12370,UK,28.0,46.24,11,4,8,14,0,59.2,6,1294.72,0
18454,UK,38.0,133.98,8,0,6,20,0,12.1,4,5091.24,1
18297,UK,9.0,68.82,18,3,7,16,1,34.5,7,619.3799999999999,0
14638,UK,11.0,25.09,15,2,8,13,0,7.8,18,275.99,0
15457,Germany,47.0,128.23,13,1,11,19,0,4.3,2,6026.8099999999995,1
10371,France,21.0,141.47,1,5,2,17,0,29.8,3,2970.87,1
17604,UK,44.0,15.38,17,3,3,18,0,48.5,29,676.72,0
19609,UK,40.0,112.88,10,6,5,16,1,32.3,8,4515.2,1
14725,UK,17.0,32.64,4,1,10,8,0,18.3,4,554.88,0
15405,Norway,47.0,1.5,17,5,8,20,1,2.0,28,70.5,0
14991,UK,39.0,39.46,18,4,3,17,0,56.5,13,1538.94,1
10826,UK,7.0,128.31,10,4,1,9,0,13.5,1,898.1700000000001,0
16197,UK,5.0,21.61,13,2,12,11,0,34.9,13,108.05,0
17214,UK,7.0,20.03,12,4,2,12,1,1.9,1,140.21,0
19279,UK,37.0,110.99,6,1,1,11,0,6.7,9,4106.63,1
19297,UK,,61.25,15,5,5,16,0,11.0,28,1531.25,1
14918,Germany,14.0,22.7,19,3,7,15,1,7.6,24,317.8,0
19589,Germany,22.0,34.89,18,3,4,10,1,32.3,13,767.58,0
15286,France,7.0,119.29,14,4,3,17,0,24.4,10,835.0300000000001,0
16420,Netherlands,17.0,93.68,7,0,2,11,0,48.3,17,1592.5600000000002,1
16019,UK,,114.26,18,2,5,10,1,7.9,19,2856.5,1
19986,Sweden,48.0,15.12,18,1,12,20,1,26.4,23,725.76,0
17375,France,,68.99,1,6,2,12,1,26.3,16,1724.7499999999998,1
11200,Australia,37.0,119.67,7,2,7,11,1,14.6,3,4427.79,1
10718,France,26.0,40.24,11,0,3,17,0,6.7,26,1046.24,0
14098,UK,23.0,25.79,11,0,9,17,1,1.6,10,593.17,0
15156,UK,26.0,57.58,14,6,1,9,1,2.1,24,1497.08,1
16686,UK,47.0,50.34,10,1,3,8,1,24.5,24,2365.98,1
14815,UK,3.0,28.23,1,0,1,19,1,4.2,7,84.69,0
15146,UK,26.0,143.11,4,1,8,14,0,24.3,15,3720.8600000000006,1
19216,UK,3.0,72.72,15,1,9,13,0,26.8,22,218.16,0
13348,UK,43.0,91.41,14,0,3,13,1,27.3,11,3930.6299999999997,1
14935,Sweden,30.0,18.61,13,6,6,15,1,12.3,23,558.3,0
15573,France,3.0,91.7,9,0,4,16,1,30.4,16,275.1,0
14683,Germany,31.0,83.52,6,5,1,9,1,24.1,27,2589.12,1
19681,UK,22.0,139.82,6,5,1,11,0,59.4,27,3076.04,1
19621,Germany,3.0,62.14,14,4,12,20,1,3.7,28,186.42000000000002,0
15131,Japan,48.0,117.42,10,0,8,10,0,4.2,7,5636.16,1
14505,France,19.0,45.98,3,5,8,19,0,49.6,22,873.6199999999999,0
15889,Germany,2.0,87.05,8,2,4,13,1,16.7,22,174.1,0
11808,UK,31.0,,16,2,4,10,0,11.8,14,2363.285,1
14259,UK,,93.95,12,1,10,15,0,52.6,5,2348.75,1
12169,France,33.0,106.82,17,5,6,16,0,32.4,9,3525.06,1
11440,Norway,8.0,,10,4,2,12,1,37.3,15,609.88,0
10951,UK,41.0,138.85,10,1,6,18,0,1.5,26,5692.849999999999,1
15870,UK,,31.64,19,2,7,8,0,16.4,27,791.0,0
10005,UK,21.0,29.78,10,5,7,9,0,16.3,27,625.38,0
16461,UK,40.0,82.8,3,6,7,16,0,,28,3312.0,1
14319,Norway,27.0,149.33,8,6,11,15,1,23.7,3,4031.9100000000003,1
13664,France,1.0,73.78,13,0,3,17,0,35.1,29,73.78,0
17692,UK,29.0,49.97,7,6,8,19,0,56.0,17,1449.1299999999999,0
15387,UK,32.0,80.82,8,3,11,20,0,59.1,3,2586.24,1
17334,UK,16.0,10.13,17,5,12,14,0,8.5,4,162.08,0
17094,UK,9.0,26.99,9,2,12,14,1,33.8,8,242.91,0
10321,UK,,22.76,6,4,9,20,0,42.2,8,569.0,0
12154,Australia,42.0,4.67,3,1,2,20,0,47.1,4,196.14,0
15699,France,1.0,108.47,8,3,12,8,0,55.3,12,108.47,0
19755,UK,29.0,49.16,15,1,1,14,0,44.0,16,1425.6399999999999,0
11542,France,41.0,25.7,6,2,7,19,1,41.7,10,1053.7,0
11055,France,,77.08,9,2,6,8,1,4.2,20,1927.0,1
19410,UK,10.0,48.85,13,6,9,20,1,33.1,21,488.5,0
19668,Germany,36.0,59.26,18,4,10,17,1,36.3,12,2133.36,1
11673,Germany,31.0,47.67,16,4,9,10,0,42.1,3,1477.77,1
14017,Australia,1.0,1.1,6,1,3,16,1,35.4,10,1.1,0
16266,UK,29.0,103.41,4,3,10,13,0,25.2,18,2998.89,1
11952,UK,1.0,17.05,13,3,10,12,1,29.8,12,17.05,0
13262,UK,20.0,33.26,5,5,1,16,0,58.1,17,665.1999999999999,0
13952,UK,15.0,28.95,8,1,8,17,0,20.4,25,434.25,0
16415,UK,41.0,50.04,2,0,2,19,1,47.3,23,2051.64,1
13080,Netherlands,48.0,24.45,15,3,7,13,0,36.8,19,1173.6,0
14122,UK,35.0,52.37,4,5,3,10,0,27.2,3,1832.9499999999998,1
12895,UK,36.0,36.87,8,5,5,19,1,25.4,22,1327.32,0
17596,Norway,,,8,5,4,12,0,32.7,10,1905.875,1
11530,UK,4.0,130.65,1,2,11,17,1,48.2,13,522.6,0
12306,UK,39.0,,15,1,11,18,0,8.2,21,2973.165,1
12499,Germany,21.0,14.74,12,4,10,8,1,,25,309.54,0
19057,UK,25.0,78.47,11,0,9,13,0,46.7,21,1961.75,1
19444,UK,34.0,18.93,4,6,5,9,1,21.6,9,643.62,0
15002,France,18.0,116.08,2,4,2,15,0,1.6,14,2089.44,1
11564,UK,34.0,9.71,2,3,7,18,0,7.2,11,330.14000000000004,0
17560,UK,36.0,69.96,12,1,6,15,1,9.5,14,2518.56,1
14920,UK,12.0,141.6,15,1,4,12,0,7.1,22,1699.1999999999998,1
18497,Australia,34.0,24.27,16,6,3,20,0,7.1,28,825.18,0
13599,UK,,30.6,16,0,2,9,0,57.6,12,765.0,0
19988,France,16.0,90.27,8,0,10,9,0,39.8,10,1444.32,0
18070,UK,39.0,,1,2,4,12,0,,26,2973.165,1
12239,Germany,,58.18,5,1,12,20,0,34.2,5,1454.5,0
17255,UK,4.0,97.47,15,4,9,19,1,37.5,12,389.88,0
12868,UK,32.0,23.27,15,0,2,15,0,53.0,28,744.64,0
13497,UK,28.0,96.39,10,5,1,20,0,,26,2698.92,1
12504,France,30.0,38.27,1,5,5,19,1,42.0,24,1148.1000000000001,0
16822,UK,39.0,92.19,15,1,1,15,1,54.1,26,3595.41,1
12628,UK,4.0,13.75,16,4,12,9,1,56.2,7,55.0,0
16387,UK,37.0,78.98,5,4,11,19,1,27.2,2,2922.26,1
15824,UK,14.0,35.99,16,5,8,16,1,51.5,25,503.86,0
17507,Germany,8.0,102.42,13,5,4,9,1,30.7,15,819.36,0
19935,UK,22.0,112.28,17,6,11,18,1,16.2,8,2470.16,1
10088,UK,2.0,127.3,12,0,8,13,0,15.8,14,254.6,0
19902,UK,31.0,,2,4,5,18,1,27.7,24,2363.285,1
11093,UK,28.0,69.17,13,5,11,11,1,16.2,15,1936.76,1
15267,UK,26.0,100.75,3,1,3,8,1,2.8,19,2619.5,1
13408,UK,2.0,3.25,5,1,7,13,0,7.2,15,6.5,0
16390,UK,38.0,135.81,17,0,9,13,1,51.1,14,5160.78,1
17217,Sweden,2.0,92.55,19,6,11,19,0,53.1,28,185.1,0
18599,UK,13.0,63.49,10,6,2,9,1,52.5,27,825.37,0
14019,Australia,20.0,65.43,6,0,4,19,1,33.7,13,1308.6000000000001,0
19329,UK,35.0,113.82,8,1,11,9,1,56.2,24,3983.7,1
13224,UK,20.0,125.1,5,3,6,20,1,30.4,21,2502.0,1
12038,UK,41.0,121.28,11,6,10,17,1,28.3,4,4972.4800000000005,1
13791,UK,46.0,76.83,9,5,10,12,1,29.0,25,3534.18,1
15285,France,38.0,55.99,2,6,4,20,0,16.0,21,2127.62,1
16681,Australia,2.0,141.86,12,5,4,12,0,37.2,25,283.72,0
18328,Germany,,95.31,13,4,6,16,1,27.5,23,2382.75,1
12248,Germany,11.0,81.78,13,2,1,8,0,58.5,28,899.58,0
13032,UK,44.0,89.95,18,4,10,9,0,11.1,16,3957.8,1
19386,UK,48.0,94.67,14,3,2,12,1,5.5,2,4544.16,1
14398,Netherlands,5.0,107.1,13,6,12,11,1,21.7,9,535.5,0
12415,UK,5.0,83.2,5,3,10,10,1,13.7,5,416.0,0
19856,UK,35.0,131.37,9,5,5,12,1,,7,4597.95,1
14489,Sweden,,129.03,9,1,1,15,0,34.0,17,3225.75,1
19850,Norway,48.0,66.62,19,4,10,9,1,22.2,29,3197.76,1
19193,Germany,27.0,25.7,10,3,6,17,1,,23,693.9,0
19061,UK,29.0,86.71,14,3,3,19,1,27.7,13,2514.5899999999997,1
15818,Australia,43.0,93.3,11,5,6,18,0,13.3,15,4011.9,1
17984,UK,11.0,78.75,2,3,11,10,1,24.3,16,866.25,0
19605,UK,28.0,133.64,18,0,9,19,1,17.9,12,3741.9199999999996,1
12691,UK,49.0,14.41,13,2,9,9,1,38.6,18,706.09,0
10377,Sweden,2.0,43.47,5,6,7,9,1,49.2,28,86.94,0
13208,Sweden,,129.94,2,6,2,17,0,16.5,3,3248.5,1
16368,France,8.0,140.94,18,4,12,17,1,37.7,11,1127.52,0
15472,UK,17.0,64.18,6,4,9,9,0,42.8,3,1091.0600000000002,0
10805,UK,7.0,29.3,1,1,7,13,0,22.8,25,205.1,0
15607,UK,9.0,63.34,12,5,9,13,0,29.8,6,570.0600000000001,0
11743,Japan,42.0,68.7,1,4,5,17,0,22.2,19,2885.4,1
15055,UK,23.0,78.18,5,0,9,14,0,23.0,2,1798.14,1
15757,UK,18.0,41.52,17,6,12,15,0,,14,747.36,0
16366,France,21.0,47.24,1,5,5,9,0,18.4,27,992.0400000000001,0
14125,UK,48.0,98.51,15,0,1,20,0,29.8,28,4728.4800000000005,1
14083,Australia,25.0,93.46,12,2,9,15,1,,5,2336.5,1
16785,UK,23.0,99.48,6,5,11,16,1,24.3,20,2288.04,1
17491,Australia,46.0,56.9,6,5,10,14,1,56.8,7,2617.4,1
18077,UK,2.0,50.8,10,1,12,11,1,13.9,22,101.6,0
13335,UK,24.0,53.06,11,0,5,16,0,27.5,16,1273.44,0
14240,UK,37.0,142.7,17,6,12,11,1,36.5,24,5279.9,1
13306,UK,26.0,59.59,5,6,3,10,1,33.1,26,1549.3400000000001,1
15275,Germany,43.0,91.12,12,5,8,15,0,56.9,11,3918.1600000000003,1
11272,UK,44.0,78.67,14,4,11,12,0,20.1,2,3461.48,1
14300,UK,17.0,131.5,1,4,11,19,1,23.3,10,2235.5,1
11887,France,41.0,55.68,18,3,8,16,1,36.1,7,2282.88,1
15324,UK,12.0,65.4,19,4,7,12,0,36.2,4,784.8000000000001,0
18505,France,12.0,126.5,2,2,6,8,0,47.5,21,1518.0,1
19853,France,48.0,,5,0,11,12,0,47.9,27,3659.2799999999997,1
14462,UK,1.0,89.35,15,2,11,9,1,1.6,16,89.35,0
10563,Netherlands,18.0,60.29,16,2,3,10,0,46.1,16,1085.22,0
12278,UK,31.0,147.88,3,2,2,11,0,43.4,18,4584.28,1
11048,UK,21.0,108.35,18,3,10,16,0,35.6,27,2275.35,1
17593,UK,42.0,2.08,7,0,10,9,0,19.7,1,87.36,0
19846,Australia,13.0,126.0,6,2,2,10,1,54.5,16,1638.0,1
15539,Germany,28.0,105.63,7,3,6,8,0,44.6,26,2957.64,1
11768,UK,7.0,84.36,13,1,7,19,0,16.2,5,590.52,0
10211,Norway,11.0,35.8,4,3,1,20,1,19.0,17,393.79999999999995,0
19760,UK,9.0,22.82,11,4,8,11,1,42.9,1,205.38,0
13163,Japan,37.0,94.45,2,2,12,13,1,55.1,25,3494.65,1
11120,France,10.0,66.27,3,0,3,11,0,29.9,19,662.6999999999999,0
11770,Sweden,33.0,129.31,15,4,10,14,1,52.9,28,4267.2300000000005,1
12552,Sweden,17.0,39.72,8,4,1,15,0,23.5,9,675.24,0
16558,Norway,28.0,95.81,16,2,3,11,1,24.3,22,2682.6800000000003,1
18917,UK,43.0,37.7,15,0,7,16,0,41.5,23,1621.1000000000001,1
12750,Netherlands,43.0,,19,0,12,8,0,4.0,1,3278.105,1
16872,Australia,1.0,7.73,3,0,11,16,1,,23,7.73,0
10649,Germany,39.0,59.06,18,5,12,17,1,44.0,21,2303.34,1
10101,UK,47.0,26.32,17,2,12,8,0,15.3,18,1237.04,0
10549,Norway,33.0,91.09,9,2,10,17,1,11.3,17,3005.9700000000003,1
19231,UK,10.0,47.85,3,4,5,17,0,6.3,24,478.5,0
15817,UK,33.0,115.84,3,4,2,20,0,14.3,4,3822.7200000000003,1
18051,UK,32.0,17.63,10,0,10,18,0,15.8,12,564.16,0
10217,UK,33.0,83.65,1,6,3,8,0,21.1,8,2760.4500000000003,1
10222,France,22.0,89.25,2,1,7,9,1,,25,1963.5,1
18487,UK,26.0,3.8,11,5,10,9,0,39.0,5,98.8,0
11026,France,32.0,5.88,11,5,1,15,1,41.9,2,188.16,0
11553,Australia,23.0,46.58,17,3,11,17,0,8.8,27,1071.34,0
15189,UK,38.0,91.56,19,1,4,16,0,12.4,12,3479.28,1
16065,France,35.0,144.41,6,3,3,12,0,54.0,24,5054.349999999999,1
12288,UK,15.0,14.07,7,1,5,10,0,38.4,7,211.05,0
14446,Australia,30.0,105.62,4,5,6,8,1,48.8,21,3168.6000000000004,1
16748,Norway,38.0,104.06,5,5,6,12,1,22.1,27,3954.28,1
14428,UK,25.0,100.59,9,5,2,11,1,,23,2514.75,1
13826,France,36.0,77.66,19,5,3,11,0,30.6,9,2795.7599999999998,1
10717,UK,7.0,145.04,17,1,6,9,0,13.1,18,1015.28,0
14518,UK,19.0,75.52,18,0,3,11,1,,25,1434.8799999999999,0
18027,France,35.0,125.83,9,4,8,18,1,20.7,25,4404.05,1
16267,UK,44.0,39.75,13,4,11,11,1,28.5,9,1749.0,1
18930,Germany,32.0,121.04,14,6,1,19,1,8.8,7,3873.28,1
11261,UK,33.0,149.48,5,4,1,9,1,38.7,13,4932.839999999999,1
10110,UK,17.0,136.56,9,5,8,16,1,47.7,8,2321.52,1
15481,Japan,35.0,45.96,11,2,1,9,0,25.2,21,1608.6000000000001,1
11786,UK,,127.0,8,0,8,13,1,58.7,18,3175.0,1
15939,Germany,3.0,14.74,9,0,6,20,1,16.2,14,44.22,0
19039,UK,13.0,101.82,9,3,6,17,1,52.5,24,1323.6599999999999,0
13371,Australia,30.0,51.65,2,0,8,14,0,43.6,7,1549.5,1
15494,Germany,48.0,98.97,15,3,11,16,0,55.7,25,4750.5599999999995,1
16816,UK,25.0,,18,2,2,16,1,44.7,17,1905.875,1
11500,UK,43.0,1.85,15,1,2,18,1,30.2,29,79.55,0
18973,UK,39.0,35.08,18,4,9,15,1,25.4,18,1368.12,0
12027,Norway,28.0,6.84,9,4,1,14,0,49.9,23,191.51999999999998,0
18082,UK,40.0,64.38,2,0,6,8,0,50.6,6,2575.2,1
16599,UK,20.0,126.09,6,3,6,20,0,35.7,7,2521.8,1
11409,France,22.0,110.83,17,6,5,15,0,42.4,17,2438.2599999999998,1
17248,UK,37.0,118.44,3,2,7,11,0,28.3,7,4382.28,1
11964,UK,32.0,121.18,11,5,2,9,1,13.9,2,3877.76,1
15994,UK,26.0,56.1,1,2,4,15,1,3.9,13,1458.6000000000001,0
19596,UK,22.0,,7,1,1,18,0,39.6,8,1677.17,1
19531,France,48.0,76.51,3,5,12,18,1,40.5,19,3672.4800000000005,1
18712,Japan,4.0,,3,2,10,19,0,40.3,17,304.94,0
14940,Sweden,3.0,89.92,4,6,4,19,0,34.2,15,269.76,0
15595,Japan,24.0,108.17,11,4,1,16,1,21.2,25,2596.08,1
13002,UK,2.0,91.84,14,5,4,20,1,15.3,2,183.68,0
19209,UK,17.0,112.02,6,5,12,8,0,4.9,23,1904.34,1
14772,Germany,28.0,18.27,16,6,10,13,0,9.7,14,511.56,0
17716,Norway,20.0,114.33,8,3,8,14,1,38.1,21,2286.6,1
13596,France,10.0,31.62,15,6,12,17,1,46.3,24,316.2,0
17404,UK,14.0,131.59,11,0,3,11,0,54.5,9,1842.26,1
12244,France,30.0,37.12,14,3,7,11,0,6.0,7,1113.6,0
17337,Netherlands,47.0,74.05,19,2,10,19,1,,22,3480.35,1
10459,Sweden,39.0,73.35,19,0,1,16,1,,19,2860.6499999999996,1
11048,Netherlands,27.0,40.69,12,6,6,16,0,18.8,6,1098.6299999999999,0
13522,UK,7.0,54.58,19,5,5,10,1,43.8,8,382.06,0
14820,UK,12.0,28.25,14,5,3,14,1,59.4,25,339.0,0
17114,UK,22.0,85.73,6,4,3,13,0,23.4,17,1886.0600000000002,1
13590,UK,13.0,137.0,18,4,12,16,0,38.0,27,1781.0,1
10184,Sweden,34.0,47.83,3,2,7,19,1,16.4,21,1626.22,1
13253,UK,18.0,76.46,9,4,1,11,0,13.1,6,1376.28,0
14391,UK,41.0,129.35,3,6,9,18,1,9.8,7,5303.349999999999,1
15437,UK,14.0,68.15,15,1,8,16,0,2.9,28,954.1000000000001,0
16440,Germany,25.0,124.77,18,2,5,14,0,43.7,22,3119.25,1
12476,UK,36.0,67.24,16,0,5,20,0,,18,2420.64,1
16104,UK,11.0,66.32,2,6,7,9,1,40.9,20,729.52,0
16315,Japan,38.0,24.01,6,3,12,16,0,52.3,13,912.3800000000001,0
17766,UK,29.0,19.18,7,4,10,13,1,,10,556.22,0
15220,UK,32.0,91.92,3,1,5,16,0,18.6,24,2941.44,1
18105,UK,23.0,124.19,11,0,3,9,0,8.3,26,2856.37,1
12216,Germany,46.0,20.74,1,5,2,17,0,27.1,27,954.04,0
17117,France,38.0,136.56,12,6,3,8,0,11.7,23,5189.28,1
10458,Japan,10.0,54.15,11,2,2,12,0,23.0,26,541.5,0
11027,UK,,64.08,12,5,10,19,1,34.6,16,1602.0,1
18647,Norway,45.0,134.22,18,4,7,16,1,39.0,10,6039.9,1
14750,France,14.0,134.5,15,4,1,14,1,13.9,3,1883.0,1
16208,UK,27.0,78.97,5,1,12,12,0,14.4,9,2132.19,1
16034,UK,37.0,41.88,11,4,2,9,1,52.1,13,1549.5600000000002,1
16948,UK,14.0,26.2,16,1,8,9,0,56.7,3,366.8,0
12455,Japan,26.0,41.1,17,1,1,17,1,38.9,10,1068.6000000000001,0
11782,UK,28.0,117.2,13,2,8,11,1,33.9,27,3281.6,1
10425,UK,9.0,49.03,2,1,7,8,1,39.8,8,441.27,0
18647,France,9.0,104.34,9,6,11,13,0,8.6,12,939.0600000000001,0
12235,Japan,28.0,29.68,17,0,8,13,0,53.9,19,831.04,0
15751,France,9.0,72.04,2,6,6,20,1,13.3,26,648.36,0
14548,Netherlands,47.0,,12,1,7,10,0,40.5,27,3583.045,1
11623,UK,26.0,75.79,11,6,8,11,0,14.1,24,1970.5400000000002,1
14139,Japan,35.0,85.71,5,2,5,10,0,42.6,5,2999.85,1
10832,UK,,148.64,7,6,9,10,0,45.5,4,3715.9999999999995,1
11766,UK,15.0,135.03,19,3,7,14,0,,22,2025.45,1
11396,Norway,24.0,104.53,12,3,12,10,1,26.3,26,2508.7200000000003,1
18244,UK,35.0,23.48,18,0,3,17,1,36.8,19,821.8000000000001,0
15674,UK,20.0,137.89,9,3,9,18,1,36.3,27,2757.7999999999997,1
19256,Germany,14.0,133.94,17,3,10,14,1,43.5,20,1875.1599999999999,1
14359,UK,8.0,133.06,12,6,9,11,1,30.4,11,1064.48,0
12013,UK,27.0,72.11,18,1,12,18,0,30.9,25,1946.97,1
16085,Germany,34.0,26.02,7,0,6,20,0,41.4,22,884.68,0
19295,Netherlands,26.0,113.28,8,1,7,19,1,11.0,11,2945.28,1
15325,Netherlands,13.0,58.58,1,1,2,19,0,39.5,18,761.54,0
10178,UK,,52.01,5,6,5,18,0,9.7,17,1300.25,0
13036,Germany,19.0,,3,1,2,17,0,43.8,3,1448.465,0
19249,Australia,18.0,84.08,4,6,10,20,0,23.9,9,1513.44,1
15183,UK,10.0,50.36,6,0,10,12,0,50.5,7,503.6,0
19519,UK,47.0,103.64,17,5,3,20,1,6.2,9,4871.08,1
15092,UK,17.0,97.33,8,2,10,8,1,,16,1654.61,1
10120,UK,13.0,76.57,16,0,4,18,0,10.9,15,995.4099999999999,0
18730,UK,30.0,8.57,16,4,9,12,0,52.3,25,257.1,0
17630,France,40.0,140.51,19,5,12,11,1,8.4,1,5620.4,1
17152,Norway,23.0,62.05,10,5,10,16,0,29.6,24,1427.1499999999999,0
19702,UK,,67.69,17,1,3,10,0,7.2,8,1692.25,1
11961,Germany,5.0,68.68,8,4,3,20,1,48.1,11,343.40000000000003,0
19059,UK,,55.07,13,3,2,17,0,17.6,5,1376.75,0
12326,UK,4.0,101.35,16,3,11,8,0,36.0,1,405.4,0
19707,Netherlands,,2.58,3,6,7,18,1,11.0,4,64.5,0
11914,UK,30.0,131.09,2,2,2,9,1,21.7,7,3932.7000000000003,1
15503,Sweden,11.0,15.81,4,2,8,18,1,7.7,12,173.91,0
17893,UK,2.0,,14,3,7,18,0,33.5,10,152.47,0
10781,UK,9.0,94.4,10,6,8,16,1,1.2,4,849.6,0
10667,UK,38.0,,6,6,8,15,0,59.6,10,2896.93,1
18497,UK,29.0,84.58,15,4,2,18,1,25.6,5,2452.82,1
10604,Japan,19.0,50.03,1,0,5,19,0,38.1,20,950.57,0
16138,France,48.0,142.98,4,2,9,17,1,17.9,20,6863.039999999999,1
19382,UK,19.0,113.44,9,0,11,10,0,15.9,2,2155.36,1
16147,UK,43.0,76.3,18,0,3,16,1,50.9,19,3280.9,1
14810,France,17.0,64.75,15,5,7,10,1,,27,1100.75,0
14172,Netherlands,2.0,149.38,13,5,12,8,0,39.0,28,298.76,0
16381,UK,6.0,100.27,14,0,8,9,0,45.4,2,601.62,0
15718,UK,14.0,77.33,6,3,3,13,0,11.3,27,1082.62,0
15017,UK,10.0,59.99,9,1,8,20,1,56.1,12,599.9,0
11535,UK,,49.03,17,0,1,8,1,27.8,26,1225.75,0
16626,UK,19.0,105.96,14,2,6,8,1,52.3,6,2013.2399999999998,1
17397,UK,48.0,88.39,12,0,7,9,1,,21,4242.72,1
17088,UK,10.0,127.3,2,5,1,10,0,17.9,24,1273.0,0
10750,UK,12.0,83.26,14,6,3,15,0,34.6,8,999.1200000000001,0
17028,UK,49.0,87.56,7,2,12,18,0,58.0,22,4290.4400000000005,1
17297,Sweden,10.0,71.86,8,1,8,8,0,3.2,6,718.6,0
11834,Germany,41.0,114.51,13,3,6,18,0,26.2,21,4694.91,1
18489,UK,31.0,62.54,8,6,3,19,0,37.6,28,1938.74,1
15238,UK,,127.86,11,1,2,9,1,21.1,9,3196.5,1
14724,UK,28.0,49.39,1,4,6,13,0,19.8,28,1382.92,0
17227,Japan,30.0,104.05,4,0,7,18,1,45.2,20,3121.5,1
15098,Germany,12.0,134.0,11,2,3,17,0,55.1,15,1608.0,1
15447,UK,29.0,115.48,19,3,10,10,1,32.7,10,3348.92,1
13122,Sweden,,51.72,15,2,6,9,1,56.9,16,1293.0,0
19278,Australia,49.0,106.1,8,1,1,13,1,7.0,29,5198.9,1
19694,Australia,5.0,31.44,19,5,2,19,1,14.4,1,157.20000000000002,0
11304,UK,8.0,9.2,6,4,11,20,0,6.2,26,73.6,0
17331,UK,1.0,118.81,17,3,5,14,1,,5,118.81,0
10233,France,39.0,121.3,8,2,5,14,0,38.0,26,4730.7,1
13689,UK,5.0,3.93,2,0,3,15,1,12.8,16,19.650000000000002,0
19699,France,45.0,142.2,1,4,10,14,0,27.5,27,6398.999999999999,1
11748,Netherlands,,67.16,19,1,10,16,0,41.4,6,1679.0,1
13769,UK,15.0,135.84,13,2,3,11,1,,2,2037.6000000000001,1
12195,UK,48.0,118.33,3,6,9,15,1,,14,5679.84,1
17282,UK,36.0,135.15,19,4,6,15,1,36.8,23,4865.400000000001,1
14639,UK,27.0,125.09,1,4,3,15,1,59.2,24,3377.4300000000003,1
15931,France,44.0,146.11,7,1,10,20,0,43.1,23,6428.84,1
19425,France,37.0,94.55,15,3,1,17,1,54.6,24,3498.35,1
15210,UK,32.0,34.48,2,0,11,17,0,57.2,23,1103.36,0
17341,France,16.0,58.74,18,1,1,18,0,51.7,25,939.84,0
10979,UK,49.0,112.91,13,5,4,14,0,6.6,5,5532.59,1
12152,France,36.0,23.97,19,3,3,11,1,32.2,7,862.92,0
19468,UK,47.0,139.51,16,4,3,14,0,23.5,1,6556.969999999999,1
18595,France,48.0,31.19,16,5,6,19,0,6.7,13,1497.1200000000001,1
16566,France,27.0,131.46,5,6,10,19,0,34.3,8,3549.42,1
13782,UK,18.0,72.82,4,0,5,12,0,13.6,19,1310.7599999999998,0
11998,Germany,47.0,126.17,5,4,7,14,1,35.3,17,5929.99,1
18517,Japan,49.0,143.77,3,6,12,11,0,49.2,17,7044.7300000000005,1
17853,UK,6.0,63.61,13,1,6,8,1,24.2,20,381.65999999999997,0
12416,France,32.0,104.64,2,6,10,12,0,57.0,29,3348.48,1
15898,Norway,30.0,34.39,9,4,5,9,0,46.2,4,1031.7,0
16186,Japan,37.0,120.22,12,2,1,12,1,48.5,9,4448.14,1
14774,UK,48.0,123.08,11,5,4,8,0,7.6,13,5907.84,1
19266,Germany,13.0,44.64,10,6,2,12,0,56.6,3,580.32,0
11241,Norway,48.0,4.11,5,0,11,17,0,3.0,24,197.28000000000003,0
12578,Germany,32.0,64.97,3,4,1,18,0,50.8,12,2079.04,1
10950,UK,5.0,25.92,19,6,10,19,1,2.7,5,129.60000000000002,0
16929,UK,26.0,122.87,9,4,2,15,1,10.6,16,3194.62,1
16440,Netherlands,7.0,39.53,12,3,2,15,0,19.6,6,276.71000000000004,0
19873,UK,47.0,141.58,11,0,7,20,1,44.5,12,6654.26,1
15423,UK,38.0,145.79,8,3,1,15,0,54.1,19,5540.0199999999995,1
11505,UK,45.0,136.37,14,6,1,9,1,40.3,10,6136.650000000001,1
14508,Netherlands,30.0,90.14,8,5,10,20,1,43.9,25,2704.2,1
10884,UK,20.0,40.48,8,3,1,15,0,18.1,8,809.5999999999999,0
16709,Japan,21.0,121.19,16,2,8,16,1,58.5,4,2544.99,1
16741,France,47.0,105.39,7,5,2,9,0,25.1,13,4953.33,1
18576,Norway,8.0,146.59,14,6,2,14,1,54.9,6,1172.72,0
13397,Japan,44.0,56.9,13,2,9,13,1,47.0,20,2503.6,1
13101,UK,21.0,9.29,1,5,5,18,0,22.7,16,195.08999999999997,0
10712,France,29.0,149.76,14,2,1,12,1,21.2,5,4343.04,1
14151,UK,33.0,125.82,16,5,9,12,0,41.1,10,4152.0599999999995,1
14753,Norway,5.0,33.61,6,6,12,16,0,56.5,26,168.05,0
17544,UK,8.0,108.98,18,4,7,8,1,40.7,24,871.84,0
17537,France,8.0,0.6,1,3,5,17,1,51.6,19,4.8,0
11402,Australia,39.0,83.89,4,2,11,8,0,58.0,27,3271.71,1
12851,UK,4.0,54.74,18,0,5,11,1,20.5,4,218.96,0
15114,Australia,30.0,57.51,17,0,8,14,1,32.8,22,1725.3,1
13350,UK,6.0,37.06,15,5,6,10,1,36.9,1,222.36,0
10255,UK,38.0,41.59,12,4,9,8,1,13.8,18,1580.42,1
18456,UK,48.0,68.47,4,1,7,13,0,48.1,2,3286.56,1
17312,UK,21.0,37.6,10,3,6,17,0,16.4,10,789.6,0
15200,Germany,11.0,70.23,11,6,6,11,1,42.7,3,772.5300000000001,0
13174,Sweden,22.0,86.81,2,4,4,11,1,31.9,8,1909.8200000000002,1
18427,UK,34.0,106.81,12,6,6,16,1,50.4,19,3631.54,1
10352,Germany,36.0,101.73,2,0,1,20,0,31.2,23,3662.28,1
14463,Japan,32.0,36.68,3,0,5,14,0,35.6,28,1173.76,0
18009,Netherlands,29.0,,4,4,1,15,0,11.7,29,2210.815,1
19529,UK,31.0,124.99,4,4,4,18,0,48.7,4,3874.69,1
12514,Sweden,11.0,130.91,2,4,5,8,0,24.7,27,1440.01,0
16507,UK,11.0,146.84,19,6,1,20,0,35.2,9,1615.24,1
11896,Germany,46.0,143.98,16,0,4,14,1,,26,6623.08,1
11158,Germany,,95.26,10,6,9,12,0,29.3,26,2381.5,1
13530,Netherlands,43.0,134.19,8,0,12,16,1,17.2,27,5770.17,1
18850,UK,31.0,67.48,4,3,8,19,0,16.7,15,2091.88,1
16894,UK,23.0,118.21,19,5,9,20,1,,22,2718.83,1
14892,Netherlands,28.0,143.32,16,4,9,18,0,18.2,13,4012.96,1
12828,UK,34.0,119.54,15,1,12,14,1,21.0,3,4064.36,1
11416,UK,10.0,62.66,9,4,12,9,0,14.9,14,626.5999999999999,0
12707,France,23.0,56.98,1,6,2,10,1,27.3,6,1310.54,0
11526,France,36.0,44.09,13,1,6,18,1,,3,1587.2400000000002,1
11870,UK,,55.38,10,6,11,9,1,,4,1384.5,0
16875,UK,4.0,123.18,6,4,11,14,1,36.0,7,492.72,0
11326,Norway,8.0,105.37,6,0,7,13,1,35.7,24,842.96,0
10473,UK,29.0,37.86,2,2,6,17,1,22.7,28,1097.94,0
15423,UK,12.0,106.87,17,6,1,12,0,54.1,25,1282.44,0
12865,UK,22.0,57.22,4,2,6,17,0,31.2,19,1258.84,0
14547,UK,7.0,83.89,16,6,7,14,1,50.1,26,587.23,0
11397,Norway,13.0,55.87,19,2,8,19,0,33.9,9,726.31,0
12099,UK,1.0,78.48,1,2,7,10,1,22.9,27,78.48,0
14410,UK,40.0,109.61,12,5,3,17,1,44.6,28,4384.4,1
16900,UK,,109.8,2,5,12,17,0,11.4,5,2745.0,1
14143,UK,9.0,113.1,16,1,3,18,1,58.2,12,1017.9,0
15417,UK,26.0,58.96,10,5,5,14,1,34.8,9,1532.96,1
15218,Norway,46.0,103.73,1,1,7,12,0,7.1,5,4771.58,1
12688,France,41.0,36.19,15,6,4,14,1,25.9,6,1483.79,1
12796,UK,44.0,71.88,15,0,1,20,1,43.0,28,3162.72,1
14257,UK,20.0,87.67,18,4,8,10,0,5.0,6,1753.4,1
10320,UK,18.0,103.13,10,1,3,16,1,16.4,20,1856.34,1
16853,UK,16.0,136.84,18,4,11,10,1,55.5,26,2189.44,1
16143,Germany,,46.06,13,6,10,18,1,22.0,22,1151.5,0
13061,UK,46.0,126.87,10,4,6,13,0,10.4,14,5836.02,1
13737,France,7.0,47.01,7,3,6,19,1,6.8,1,329.07,0
13287,Japan,42.0,83.01,6,5,12,10,1,37.5,13,3486.42,1
16513,UK,45.0,124.3,12,1,1,9,0,33.9,9,5593.5,1
17597,Sweden,42.0,108.61,15,3,5,20,1,39.2,26,4561.62,1
11086,UK,31.0,129.5,1,6,1,12,1,57.5,28,4014.5,1
14133,UK,42.0,122.32,8,2,2,9,0,4.5,7,5137.44,1
10137,Australia,2.0,41.81,1,0,12,18,1,12.7,5,83.62,0
14522,UK,41.0,148.94,8,3,2,13,0,14.8,24,6106.54,1
12482,Germany,26.0,140.58,16,3,12,19,1,26.2,26,3655.0800000000004,1
13358,France,47.0,,14,5,10,13,0,8.1,29,3583.045,1
14565,UK,5.0,7.56,3,5,8,17,1,25.2,23,37.8,0
13237,Japan,46.0,45.87,14,2,9,15,0,49.2,14,2110.02,1
13940,UK,29.0,125.5,1,5,3,14,1,10.7,11,3639.5,1
17647,Australia,6.0,142.66,1,1,2,14,0,55.1,2,855.96,0
18103,UK,25.0,124.83,18,1,5,11,1,54.8,26,3120.75,1
10058,UK,2.0,59.81,1,4,10,17,1,31.3,29,119.62,0
13778,UK,5.0,8.95,6,4,4,14,0,51.7,27,44.75,0
18468,Japan,27.0,77.88,3,5,3,8,0,43.0,17,2102.7599999999998,1
15304,UK,40.0,56.77,12,4,10,13,1,22.0,26,2270.8,1
12052,Japan,6.0,18.88,10,0,8,13,0,34.1,1,113.28,0
15935,UK,13.0,16.33,16,4,7,19,1,7.9,12,212.28999999999996,0
11449,UK,20.0,23.38,19,3,5,13,1,30.2,4,467.59999999999997,0
10218,UK,27.0,31.27,15,1,10,15,1,50.0,18,844.29,0
16324,UK,1.0,113.19,9,2,9,9,0,35.5,1,113.19,0
15151,Sweden,32.0,57.56,1,5,5,13,0,23.5,9,1841.92,1
17565,UK,25.0,65.82,18,1,2,11,0,40.2,13,1645.4999999999998,1
13448,France,48.0,89.96,11,3,11,14,1,58.6,4,4318.08,1
18542,Germany,,144.04,5,0,2,19,1,5.0,3,3601.0,1
14212,UK,25.0,113.59,11,5,6,20,1,20.5,27,2839.75,1
17380,Germany,4.0,97.03,8,1,11,11,0,10.2,8,388.12,0
11002,Japan,45.0,111.7,7,6,6,15,0,57.5,29,5026.5,1
10971,France,41.0,108.03,9,6,10,20,1,33.2,11,4429.2300000000005,1
17828,UK,18.0,103.69,15,5,6,10,0,8.7,2,1866.42,1
18339,Germany,23.0,74.71,4,2,9,13,0,37.1,3,1718.33,1
19424,Germany,43.0,85.24,19,5,8,14,1,30.5,20,3665.3199999999997,1
13246,UK,15.0,69.49,2,0,4,8,0,4.5,1,1042.35,0
10222,Germany,12.0,59.55,3,2,11,14,0,52.0,28,714.5999999999999,0
19799,UK,12.0,40.98,13,0,6,9,1,42.8,8,491.76,0
16013,Netherlands,35.0,53.6,3,0,6,12,0,1.3,18,1876.0,1
12471,Norway,11.0,64.57,15,2,8,9,1,,13,710.27,0
17638,Norway,5.0,87.12,14,4,12,17,1,10.4,2,435.6,0
19038,Australia,9.0,75.23,9,6,11,18,0,1.0,21,677.07,0
12848,Germany,49.0,16.64,9,0,5,11,1,26.2,1,815.36,0
17696,France,43.0,51.33,19,2,3,8,1,9.3,24,2207.19,1
17875,UK,47.0,56.74,16,4,4,14,0,,15,2666.78,1
15016,UK,14.0,106.19,13,1,4,9,0,19.4,9,1486.6599999999999,1
16323,UK,22.0,50.27,3,5,4,13,0,11.9,28,1105.94,0
12695,UK,25.0,1.69,12,3,6,15,1,59.1,6,42.25,0
19291,Norway,26.0,13.11,1,3,1,14,0,20.6,9,340.86,0
19831,Japan,2.0,74.8,5,0,7,14,0,25.5,19,149.6,0
19810,UK,30.0,28.68,14,1,11,15,1,18.4,11,860.4,0
17371,UK,2.0,74.45,8,6,6,10,1,50.4,15,148.9,0
10423,France,14.0,86.34,19,6,1,16,0,12.6,24,1208.76,0
13664,UK,15.0,140.05,18,3,5,16,1,8.5,27,2100.75,1
14449,Australia,,98.51,2,4,5,9,0,53.0,24,2462.75,1
19598,Norway,44.0,5.14,17,3,8,13,0,11.8,3,226.16,0
15469,UK,35.0,57.42,17,3,4,11,1,,28,2009.7,1
15361,UK,22.0,119.12,3,4,4,13,0,35.1,13,2620.6400000000003,1
11467,UK,26.0,39.45,8,3,9,18,1,49.6,25,1025.7,0
17937,UK,26.0,138.78,19,0,3,15,1,5.1,9,3608.28,1
13362,UK,8.0,79.59,1,0,12,19,0,57.9,18,636.72,0
10918,UK,47.0,14.32,2,5,4,15,0,18.7,28,673.04,0
19876,UK,46.0,36.63,10,5,10,8,1,4.5,28,1684.98,1
11900,UK,12.0,135.99,19,1,1,17,1,46.1,19,1631.88,1
10162,UK,6.0,148.72,6,0,4,8,1,11.5,18,892.3199999999999,0
10778,France,9.0,129.52,15,1,5,12,0,21.7,1,1165.68,0
14525,UK,31.0,48.44,14,4,6,20,0,36.1,18,1501.6399999999999,1
11029,Japan,2.0,115.44,3,4,2,20,0,5.0,13,230.88,0
18426,UK,6.0,33.72,6,1,3,9,1,12.9,1,202.32,0
15124,UK,32.0,57.99,12,1,11,20,1,29.9,28,1855.68,1
13239,UK,8.0,104.73,10,1,12,20,0,25.9,14,837.84,0
10031,France,4.0,145.35,5,3,6,19,0,33.9,23,581.4,0
14797,UK,2.0,66.16,4,1,2,18,0,44.0,2,132.32,0
11513,UK,35.0,74.63,11,3,4,8,1,21.8,8,2612.0499999999997,1
19780,UK,18.0,33.42,16,0,12,9,0,24.9,27,601.5600000000001,0
12910,Norway,14.0,60.78,8,6,12,15,1,17.1,28,850.9200000000001,0
14748,UK,32.0,9.92,18,6,10,9,0,21.0,1,317.44,0
10186,UK,9.0,128.86,13,2,11,11,0,4.0,26,1159.7400000000002,0
11309,Japan,26.0,3.99,8,5,9,20,1,35.2,9,103.74000000000001,0
12074,UK,24.0,102.69,14,3,8,19,0,11.2,7,2464.56,1
10517,UK,34.0,41.35,9,0,10,11,1,43.3,29,1405.9,0
17259,Australia,31.0,71.68,15,1,8,15,0,3.5,16,2222.0800000000004,1
19454,UK,34.0,,19,0,5,15,1,4.5,24,2591.99,1
19853,UK,11.0,60.31,15,4,8,11,0,17.8,4,663.4100000000001,0
12658,UK,7.0,82.24,3,5,4,11,1,26.9,22,575.68,0
17887,UK,27.0,96.31,2,4,8,13,1,41.9,11,2600.37,1
15040,Sweden,3.0,141.07,16,0,5,15,0,,21,423.21,0
10458,Germany,23.0,50.16,17,1,6,18,0,58.4,20,1153.6799999999998,0
10907,Germany,31.0,87.94,11,3,3,18,1,21.7,2,2726.14,1
15477,UK,,135.31,5,1,12,8,1,4.5,26,3382.75,1
14236,France,33.0,43.89,17,0,9,16,1,51.8,9,1448.3700000000001,0
10083,France,49.0,129.82,9,2,2,16,0,44.1,11,6361.179999999999,1
19301,UK,28.0,143.65,6,4,6,8,0,5.0,24,4022.2000000000003,1
17303,Japan,22.0,,7,0,6,18,0,5.9,26,1677.17,1
15024,Germany,13.0,85.69,6,6,11,15,1,29.1,26,1113.97,0
19869,Netherlands,33.0,108.46,6,3,10,17,1,21.2,14,3579.18,1
19711,UK,40.0,72.42,7,1,11,16,1,36.2,11,2896.8,1
19739,UK,16.0,89.79,13,0,6,12,0,13.9,24,1436.64,0
12588,France,4.0,146.18,1,6,2,10,0,57.6,8,584.72,0
18808,Netherlands,1.0,38.04,7,4,9,12,0,31.2,19,38.04,0
15045,UK,31.0,118.99,4,6,3,17,0,45.3,7,3688.69,1
17260,UK,33.0,76.18,13,5,8,16,0,8.4,7,2513.94,1
18595,Australia,,26.94,19,6,5,16,0,37.4,16,673.5,0
11633,UK,2.0,96.71,15,6,5,9,1,52.0,26,193.42,0
14482,UK,33.0,118.97,5,5,2,8,1,2.4,9,3926.0099999999998,1
11288,Germany,20.0,85.53,10,5,10,16,1,32.9,22,1710.6,1
12794,UK,21.0,125.7,1,5,9,20,1,15.6,1,2639.7000000000003,1
14135,UK,13.0,55.2,8,1,5,12,1,29.2,21,717.6,0
18554,UK,36.0,137.11,6,4,9,13,1,49.1,12,4935.960000000001,1
18626,Sweden,37.0,97.42,10,6,12,20,1,41.7,3,3604.54,1
13898,UK,3.0,120.57,8,6,9,11,1,45.5,17,361.71,0
13291,France,5.0,41.31,13,0,12,14,1,13.5,7,206.55,0
15307,Norway,28.0,67.2,11,0,6,9,0,50.1,19,1881.6000000000001,1
19118,France,30.0,136.49,18,1,5,11,0,37.2,2,4094.7000000000003,1
19765,UK,8.0,8.11,2,5,11,12,1,5.1,10,64.88,0
12267,UK,8.0,60.9,18,2,8,16,0,51.9,7,487.2,0
11864,UK,34.0,117.16,16,4,8,12,1,4.3,10,3983.44,1
17067,Germany,23.0,111.7,14,0,8,13,0,,1,2569.1,1
13014,Norway,6.0,127.82,16,0,12,11,1,50.2,9,766.92,0
11997,Netherlands,30.0,111.04,1,5,9,9,1,1.8,3,3331.2000000000003,1
10310,UK,4.0,142.09,5,2,10,18,0,,19,568.36,0
14032,UK,12.0,74.99,1,0,1,16,0,2.0,14,899.8799999999999,0
13918,Japan,35.0,,16,1,9,16,0,52.9,9,2668.225,1
15630,UK,11.0,127.23,7,2,4,15,1,3.6,18,1399.53,0
12001,Australia,4.0,105.4,7,2,2,9,0,,27,421.6,0
17143,UK,,15.76,12,6,4,14,1,13.8,16,394.0,0
16800,France,12.0,55.37,9,1,10,17,0,21.2,9,664.4399999999999,0
14623,Australia,26.0,83.11,13,4,10,14,1,18.1,12,2160.86,1
11813,UK,41.0,113.33,18,1,4,17,0,53.4,23,4646.53,1
15069,UK,,81.76,7,3,3,12,0,46.4,3,2044.0000000000002,1
16748,Australia,40.0,116.74,17,2,6,14,0,53.2,10,4669.599999999999,1
13727,UK,17.0,125.72,11,2,4,12,1,43.5,14,2137.24,1
12634,UK,42.0,40.14,8,4,6,20,1,20.5,19,1685.88,1
15065,UK,1.0,92.61,18,4,10,10,1,12.0,17,92.61,0
13552,UK,16.0,83.79,10,0,4,11,1,32.3,21,1340.64,0
14005,France,10.0,34.48,3,1,3,16,1,22.0,28,344.79999999999995,0
13488,UK,26.0,73.74,6,1,2,8,0,39.0,6,1917.2399999999998,1
13034,UK,44.0,82.51,17,6,9,14,1,3.3,14,3630.44,1
17167,Japan,38.0,122.69,10,2,3,8,0,43.1,12,4662.22,1
14602,UK,49.0,,11,4,3,14,0,18.7,3,3735.515,1
14665,UK,7.0,12.6,13,3,10,12,1,28.3,4,88.2,0
16530,France,37.0,73.35,4,2,2,10,0,58.7,19,2713.95,1
13612,Japan,36.0,125.77,2,0,8,14,1,13.7,15,4527.72,1
11010,Germany,23.0,85.9,9,3,1,12,1,7.9,9,1975.7,1
18526,Australia,5.0,48.17,18,6,12,9,1,13.4,27,240.85000000000002,0
10557,UK,6.0,138.19,3,6,9,14,1,,10,829.14,0
15719,UK,45.0,23.77,14,2,10,15,1,32.6,18,1069.65,0
12658,Sweden,15.0,49.37,19,3,8,16,1,58.8,29,740.55,0
12138,Japan,32.0,65.85,2,2,5,19,0,52.3,21,2107.2,1
10419,Germany,47.0,110.83,3,6,12,17,1,43.2,22,5209.01,1
19000,UK,25.0,125.44,17,3,10,18,0,43.5,9,3136.0,1
14292,UK,11.0,9.25,3,6,2,16,0,17.7,27,101.75,0
13426,UK,24.0,118.91,15,5,7,16,1,55.8,14,2853.84,1
17412,Japan,12.0,108.22,16,2,7,18,1,32.8,9,1298.6399999999999,0
10389,Australia,9.0,134.25,6,3,4,16,1,10.6,22,1208.25,0
15645,UK,40.0,135.12,6,3,6,14,1,57.1,16,5404.8,1
14946,UK,,116.74,10,1,12,17,1,30.9,4,2918.5,1
15534,UK,34.0,28.94,10,5,2,20,0,10.2,1,983.96,0
11239,UK,36.0,47.42,17,3,12,14,1,44.4,4,1707.1200000000001,1
19525,France,27.0,140.48,12,1,9,10,1,,5,3792.9599999999996,1
12384,Germany,27.0,89.93,19,3,2,13,0,12.1,7,2428.11,1
16784,UK,9.0,81.04,5,5,4,8,1,16.8,11,729.36,0
17471,Germany,26.0,137.4,6,2,11,11,0,35.1,7,3572.4,1
13439,Norway,37.0,131.19,5,4,9,19,0,18.3,27,4854.03,1
11307,UK,10.0,109.26,13,6,1,9,0,3.4,28,1092.6000000000001,0
12966,UK,12.0,132.4,1,2,2,19,0,23.9,29,1588.8000000000002,1
18069,UK,34.0,17.52,17,6,12,15,1,14.8,5,595.68,0
19064,UK,49.0,113.75,15,2,2,12,0,31.2,16,5573.75,1
19369,UK,20.0,144.86,19,3,8,14,1,28.1,4,2897.2000000000003,1
12263,Germany,41.0,7.82,19,5,12,19,1,5.6,21,320.62,0
16065,UK,9.0,33.85,2,0,2,9,0,15.5,4,304.65000000000003,0
11510,UK,,119.2,15,4,1,15,0,17.6,9,2980.0,1
17103,Japan,47.0,78.25,10,3,10,11,0,29.6,6,3677.75,1
14158,UK,22.0,13.45,14,4,12,15,0,49.5,14,295.9,0
17135,Germany,25.0,40.56,17,6,7,18,1,13.9,11,1014.0,0
16851,Germany,8.0,,12,3,3,19,0,10.3,16,609.88,0
19928,Australia,26.0,48.5,1,6,1,11,0,1.1,6,1261.0,0
14886,France,29.0,,17,3,11,16,1,36.8,15,2210.815,1
13415,Australia,49.0,99.47,9,1,10,13,1,20.2,3,4874.03,1
15267,Germany,10.0,110.37,9,4,11,14,1,40.5,2,1103.7,0
11628,UK,18.0,2.53,12,1,10,10,0,41.7,4,45.54,0
11117,UK,32.0,64.41,18,6,6,19,0,3.6,8,2061.12,1
15191,UK,47.0,48.01,11,1,6,10,1,25.7,23,2256.47,1
18254,UK,12.0,127.86,4,3,5,8,1,58.1,10,1534.32,1
15332,UK,35.0,143.1,14,5,9,17,1,17.2,16,5008.5,1
17819,UK,44.0,63.79,13,0,2,13,0,32.2,20,2806.7599999999998,1
11779,UK,32.0,145.97,2,3,1,8,0,32.7,22,4671.04,1
14493,UK,21.0,2.65,11,3,12,16,0,16.4,17,55.65,0
16131,UK,12.0,49.2,15,2,4,11,1,47.0,6,590.4000000000001,0
13476,Netherlands,15.0,116.35,17,4,1,20,1,1.2,20,1745.25,1
10141,Germany,3.0,54.33,6,2,9,20,1,14.4,9,162.99,0
10734,Australia,8.0,138.18,10,2,5,15,0,36.0,18,1105.44,0
19276,UK,,,16,1,3,14,0,55.1,29,1905.875,1
16051,Japan,7.0,119.45,12,4,6,13,0,1.6,3,836.15,0
12645,Netherlands,1.0,30.65,8,6,6,15,0,36.5,3,30.65,0
12588,UK,34.0,29.97,4,1,8,19,0,1.2,8,1018.98,0
10395,Norway,4.0,67.14,1,2,12,16,1,37.7,13,268.56,0
19447,UK,7.0,141.77,14,1,11,9,1,25.3,14,992.3900000000001,0
11082,Germany,30.0,88.03,19,1,10,10,1,26.6,9,2640.9,1
17594,Netherlands,46.0,95.44,12,6,6,16,1,58.1,27,4390.24,1
12402,UK,36.0,1.96,15,4,7,12,1,41.3,1,70.56,0
13356,Germany,2.0,8.96,13,6,2,14,0,12.6,16,17.92,0
12739,UK,9.0,10.51,7,4,7,13,0,59.8,17,94.59,0
18245,UK,37.0,123.04,10,4,9,15,0,16.1,23,4552.4800000000005,1
10328,UK,36.0,35.91,6,5,11,10,1,41.5,16,1292.7599999999998,0
13522,UK,20.0,49.66,5,4,1,8,1,41.1,4,993.1999999999999,0
12793,UK,47.0,,12,5,11,11,1,51.1,10,3583.045,1
12729,Germany,44.0,87.8,13,2,7,16,0,24.5,6,3863.2,1
11929,UK,37.0,61.87,19,0,2,15,0,42.1,14,2289.19,1
19124,UK,37.0,1.14,5,3,12,18,0,37.9,27,42.18,0
13786,France,39.0,67.72,6,0,6,9,0,26.7,12,2641.08,1
14182,UK,8.0,110.96,4,0,5,9,0,55.0,11,887.68,0
13851,UK,35.0,35.67,19,0,3,9,0,15.9,14,1248.45,0
19802,Netherlands,47.0,106.4,15,0,1,15,0,14.2,5,5000.8,1
13390,Sweden,12.0,2.77,7,4,1,15,1,38.2,25,33.24,0
13416,UK,1.0,136.25,19,4,4,10,1,12.2,20,136.25,0
13279,UK,18.0,142.53,14,6,4,13,0,50.0,21,2565.54,1
13269,Netherlands,14.0,0.87,10,2,6,8,0,21.0,11,12.18,0
10897,Japan,47.0,68.94,8,2,8,15,1,25.8,9,3240.18,1
16042,UK,22.0,62.37,11,3,12,15,0,41.3,14,1372.1399999999999,0
10252,UK,33.0,126.36,2,5,10,8,0,53.2,7,4169.88,1
12259,UK,49.0,81.34,4,6,6,9,1,41.7,1,3985.6600000000003,1
12021,Germany,39.0,91.9,18,5,11,17,1,6.6,22,3584.1000000000004,1
12914,Sweden,37.0,,4,3,7,19,1,20.9,25,2820.695,1
17566,France,48.0,12.02,4,6,6,19,0,45.3,7,576.96,0
15994,UK,34.0,104.0,17,1,3,15,1,54.6,19,3536.0,1
19908,Germany,12.0,93.29,18,3,6,14,1,38.4,27,1119.48,0
13511,Australia,36.0,124.93,16,1,1,18,0,36.2,22,4497.4800000000005,1
19285,UK,16.0,126.78,2,1,2,18,1,23.4,25,2028.48,1
10449,Australia,17.0,94.84,16,2,12,19,1,29.2,26,1612.28,1
15042,UK,32.0,80.99,6,5,3,13,1,26.5,8,2591.68,1
17988,UK,16.0,137.14,1,2,7,14,1,4.3,3,2194.24,1
15318,Germany,2.0,120.29,18,5,2,9,1,2.3,24,240.58,0
19333,UK,49.0,132.42,6,4,8,10,0,37.4,23,6488.579999999999,1
13145,Norway,28.0,149.38,13,4,12,12,0,31.1,6,4182.639999999999,1
10333,UK,33.0,60.82,2,1,6,18,0,15.4,27,2007.06,1
17739,UK,40.0,107.68,4,6,2,13,0,53.7,1,4307.200000000001,1
10680,UK,32.0,103.37,17,1,1,15,0,,11,3307.84,1
17647,UK,30.0,26.53,12,2,10,19,0,42.3,28,795.9000000000001,0
17334,UK,39.0,95.66,19,5,2,14,0,47.5,11,3730.74,1
18442,France,15.0,64.5,4,4,4,12,1,50.6,23,967.5,0
14789,UK,41.0,67.87,17,2,11,17,1,50.5,2,2782.67,1
18955,UK,36.0,27.43,17,1,7,12,1,47.9,15,987.48,0
11698,Germany,9.0,111.84,18,3,11,13,0,,23,1006.5600000000001,0
14343,UK,8.0,,1,3,11,19,0,37.8,25,609.88,0
11218,France,44.0,80.08,2,0,8,13,1,51.6,13,3523.52,1
17668,UK,44.0,23.93,11,1,12,11,1,25.8,3,1052.92,0
17142,UK,49.0,83.75,3,1,1,18,1,40.6,16,4103.75,1
18063,France,5.0,15.47,2,1,3,16,0,10.4,22,77.35000000000001,0
17643,Netherlands,44.0,51.24,16,2,4,17,0,,14,2254.56,1
13084,Australia,43.0,56.17,14,0,11,12,1,9.3,28,2415.31,1
10680,UK,38.0,132.57,17,4,8,18,0,40.0,10,5037.66,1
19292,UK,25.0,62.63,18,4,4,20,0,23.2,24,1565.75,1
14928,France,25.0,89.97,3,1,3,10,0,14.4,22,2249.25,1
10943,Germany,22.0,131.28,16,6,10,10,1,22.3,13,2888.16,1
19270,Germany,2.0,64.15,1,4,11,15,0,42.4,3,128.3,0
19942,Germany,25.0,132.61,8,2,1,17,1,54.6,11,3315.2500000000005,1
14454,Netherlands,12.0,20.9,6,1,5,8,1,1.7,23,250.79999999999998,0
17700,UK,10.0,55.04,5,3,7,15,1,10.9,26,550.4,0
10362,Germany,3.0,,14,6,3,9,1,42.6,14,228.70499999999998,0
10932,UK,23.0,84.36,3,0,9,20,1,34.6,9,1940.28,1
12765,UK,3.0,143.61,16,0,10,17,0,19.8,23,430.83000000000004,0
16562,France,42.0,98.71,17,2,11,20,0,39.5,28,4145.82,1
11334,UK,44.0,94.1,13,6,10,10,1,52.2,5,4140.4,1
10341,UK,40.0,42.08,2,1,11,18,1,16.2,10,1683.1999999999998,1
16687,Japan,15.0,139.7,12,5,5,12,1,29.7,24,2095.5,1
17701,Netherlands,8.0,70.99,12,4,4,9,0,2.2,4,567.92,0
17392,UK,25.0,40.42,8,1,4,14,1,56.8,29,1010.5,0
17992,Norway,33.0,148.16,7,6,11,14,0,48.3,7,4889.28,1
18028,UK,2.0,63.76,9,1,8,14,1,30.8,15,127.52,0
16024,Netherlands,42.0,56.04,19,3,4,19,0,59.5,16,2353.68,1
15194,UK,22.0,5.73,1,4,9,11,1,14.0,11,126.06,0
18568,UK,41.0,27.16,10,4,3,16,1,44.9,4,1113.56,0
13480,UK,4.0,121.47,7,5,4,10,1,46.4,1,485.88,0
10978,UK,21.0,72.66,11,4,1,19,1,50.0,12,1525.86,1
17519,UK,23.0,143.25,1,4,12,13,1,41.4,8,3294.75,1
12759,UK,3.0,13.04,18,1,3,18,0,12.2,27,39.12,0
19788,Germany,35.0,92.58,9,2,10,11,0,6.4,20,3240.2999999999997,1
14141,UK,46.0,108.14,19,2,2,12,1,11.6,3,4974.44,1
18517,UK,27.0,93.37,3,2,1,20,1,51.6,22,2520.9900000000002,1
10424,Norway,20.0,79.72,12,0,9,10,0,24.7,18,1594.4,1
16592,France,32.0,86.96,13,0,2,15,1,33.2,4,2782.72,1
14482,Sweden,18.0,103.59,16,3,2,12,0,2.5,12,1864.6200000000001,1
14626,UK,18.0,129.56,1,5,4,13,0,30.0,22,2332.08,1
12652,UK,38.0,50.78,13,6,8,17,0,25.1,19,1929.64,1
19711,Germany,29.0,69.22,3,6,1,18,1,32.5,17,2007.3799999999999,1
13927,Germany,13.0,95.57,9,3,2,14,0,23.1,15,1242.4099999999999,0
18504,UK,20.0,47.48,2,6,5,16,0,5.5,21,949.5999999999999,0
14251,Japan,41.0,27.23,2,3,9,8,1,3.6,26,1116.43,0
10482,Germany,26.0,144.94,15,3,2,11,1,,5,3768.44,1
18794,France,4.0,29.61,14,1,4,17,0,,12,118.44,0
11851,UK,42.0,35.29,18,4,3,16,1,39.0,25,1482.18,1
12703,Germany,37.0,92.99,14,2,4,8,0,55.0,15,3440.6299999999997,1
18611,UK,14.0,12.07,12,3,4,19,0,33.5,6,168.98000000000002,0
18937,Norway,48.0,5.59,3,6,8,13,0,37.3,4,268.32,0
19167,UK,47.0,10.07,15,3,1,11,0,31.9,22,473.29,0
14259,UK,49.0,18.93,5,2,12,14,1,11.4,15,927.5699999999999,0
17569,UK,19.0,64.66,3,4,3,13,0,19.4,23,1228.54,0
13278,Germany,46.0,124.47,14,5,12,14,1,53.2,4,5725.62,1
17403,Norway,40.0,,12,4,9,10,0,27.2,18,3049.4,1
15025,Japan,43.0,64.42,3,0,5,9,0,13.0,17,2770.06,1
10519,France,27.0,90.24,11,1,4,20,0,49.9,14,2436.48,1
14177,Norway,14.0,45.67,14,0,12,17,1,6.2,13,639.38,0
14677,France,12.0,65.16,10,6,12,12,0,38.7,8,781.92,0
12573,UK,48.0,58.25,14,2,8,19,0,42.3,23,2796.0,1
13744,Germany,25.0,51.61,10,3,1,18,0,18.9,10,1290.25,0
15026,UK,46.0,58.56,7,6,11,17,1,10.8,13,2693.76,1
10497,UK,28.0,2.16,5,6,6,17,0,27.4,25,60.480000000000004,0
11518,UK,27.0,133.0,5,1,1,20,0,45.5,19,3591.0,1
17667,UK,4.0,146.61,16,6,10,18,0,53.3,2,586.44,0
13519,Norway,20.0,129.44,8,5,1,11,0,49.1,2,2588.8,1
16083,Norway,28.0,1.36,14,4,5,17,1,7.5,16,38.080000000000005,0
15657,UK,6.0,112.76,7,1,1,10,0,14.1,21,676.5600000000001,0
15512,France,8.0,86.18,10,4,6,14,1,37.4,14,689.44,0
14134,UK,29.0,14.58,12,4,10,8,0,42.9,28,422.82,0
14833,UK,13.0,139.96,10,3,2,10,0,1.5,25,1819.48,1
18239,UK,35.0,116.54,15,4,2,17,0,9.4,13,4078.9,1
19650,UK,23.0,22.22,18,1,12,12,1,6.5,7,511.05999999999995,0
12567,UK,20.0,144.62,17,4,3,10,1,21.1,1,2892.4,1
16694,UK,6.0,19.37,18,1,2,20,0,41.2,1,116.22,0
19697,UK,20.0,68.47,1,2,8,20,0,56.6,18,1369.4,0
10075,UK,,24.27,15,3,4,10,1,6.3,10,606.75,0
17847,Sweden,29.0,22.95,14,1,12,15,0,30.9,5,665.55,0
14968,UK,14.0,145.19,8,6,2,11,0,23.0,3,2032.6599999999999,1
19675,UK,,86.03,6,6,7,18,1,24.5,14,2150.75,1
15782,UK,46.0,39.25,2,3,12,16,1,5.0,17,1805.5,1
18381,UK,47.0,116.57,16,3,9,13,1,18.0,1,5478.79,1
11660,UK,45.0,131.35,16,2,1,20,0,15.9,13,5910.75,1
11421,UK,15.0,137.68,2,1,3,17,1,43.4,13,2065.2000000000003,1
19265,Germany,30.0,139.98,12,6,2,9,0,38.9,2,4199.4,1
15264,Germany,7.0,135.88,11,2,11,13,0,38.5,26,951.16,0
15583,France,45.0,96.02,4,6,3,18,1,31.6,7,4320.9,1
11699,Germany,1.0,51.7,11,0,1,15,1,21.2,4,51.7,0
12267,UK,24.0,138.87,16,0,5,9,0,15.4,4,3332.88,1
18182,UK,42.0,18.81,7,3,4,18,1,1.7,15,790.02,0
13033,UK,36.0,25.74,14,5,2,14,1,9.7,21,926.64,0
15841,UK,43.0,65.36,19,2,6,11,1,14.0,8,2810.48,1
13165,UK,25.0,42.91,9,5,11,18,1,58.6,23,1072.75,0
12634,UK,5.0,92.55,3,0,3,19,0,58.3,8,462.75,0
11660,France,1.0,135.84,6,5,12,15,1,46.3,6,135.84,0
19295,UK,8.0,73.91,3,3,8,17,0,37.0,19,591.28,0
19400,UK,3.0,83.3,7,1,5,11,0,40.5,23,249.89999999999998,0
11151,France,22.0,63.76,13,4,9,17,0,36.4,22,1402.72,0
13532,UK,3.0,106.28,4,5,5,19,1,39.2,17,318.84000000000003,0
15638,Australia,10.0,15.55,10,6,3,11,1,13.9,26,155.5,0
13832,Sweden,21.0,7.76,19,0,3,20,1,58.6,25,162.96,0
17210,Norway,,96.38,6,4,1,9,1,45.6,9,2409.5,1
12602,UK,34.0,80.46,17,2,8,13,0,14.8,19,2735.64,1
10588,UK,3.0,61.4,6,3,1,8,0,31.3,3,184.2,0
13369,Germany,45.0,50.43,12,3,3,13,1,47.6,3,2269.35,1
15978,Germany,27.0,8.25,3,5,1,16,0,54.8,13,222.75,0
11806,Germany,18.0,102.24,6,2,1,19,1,23.6,21,1840.32,1
18159,UK,19.0,63.51,17,1,11,9,1,29.5,17,1206.69,0
10122,UK,42.0,67.07,12,3,1,19,1,19.3,5,2816.9399999999996,1
10675,UK,23.0,134.07,11,4,8,20,0,23.2,22,3083.6099999999997,1
15088,UK,13.0,110.76,10,5,4,8,1,14.4,18,1439.88,0
15122,UK,21.0,33.31,5,0,2,20,1,2.8,22,699.51,0
12948,Sweden,4.0,98.75,18,3,4,19,0,25.6,18,395.0,0
12585,UK,8.0,20.27,8,0,2,8,1,28.8,26,162.16,0
10698,Germany,16.0,29.51,1,4,4,8,0,47.0,11,472.16,0
16629,Sweden,11.0,107.27,18,4,10,17,0,31.8,1,1179.97,0
13790,UK,,19.32,1,5,8,13,0,20.3,18,483.0,0
11186,UK,4.0,42.39,17,1,10,11,1,28.3,29,169.56,0
13998,France,30.0,134.76,6,5,9,13,1,,3,4042.7999999999997,1
19370,UK,6.0,110.88,2,4,12,12,1,29.4,29,665.28,0
12612,UK,11.0,139.45,5,4,2,20,0,33.8,23,1533.9499999999998,1
18947,Australia,48.0,,13,4,2,11,0,11.2,2,3659.2799999999997,1
12587,France,1.0,,11,3,5,9,0,1.5,16,76.235,0
11859,Australia,14.0,95.04,3,0,7,18,0,55.9,10,1330.5600000000002,0
12606,Norway,25.0,57.12,6,5,10,18,1,16.8,19,1428.0,0
13232,UK,16.0,104.72,5,2,2,19,1,21.5,23,1675.52,1
11206,France,16.0,52.59,13,0,2,20,0,7.8,11,841.44,0
15876,Germany,7.0,0.7,17,4,10,8,0,31.3,14,4.8999999999999995,0
13334,France,21.0,14.54,5,6,7,17,1,44.5,2,305.34,0
17180,France,38.0,115.77,18,4,5,11,0,41.5,1,4399.26,1
14909,France,29.0,13.06,8,1,3,13,0,51.5,23,378.74,0
14426,Japan,46.0,90.11,2,5,9,13,0,17.9,11,4145.06,1
14709,UK,35.0,128.74,7,5,10,20,1,19.6,26,4505.900000000001,1
11562,France,39.0,111.29,17,2,1,14,1,58.0,17,4340.31,1
17128,UK,22.0,62.31,16,3,1,10,0,27.9,12,1370.8200000000002,0
11041,Germany,31.0,31.69,14,5,10,9,0,50.2,26,982.39,0
17215,Netherlands,29.0,138.42,8,1,11,15,0,37.1,2,4014.18,1
19997,Netherlands,40.0,85.18,15,2,3,18,0,11.7,25,3407.2000000000003,1
17639,UK,25.0,61.11,14,3,9,17,1,57.5,3,1527.75,1
14553,UK,20.0,141.34,16,0,11,20,0,20.1,28,2826.8,1
13144,UK,4.0,32.65,11,1,2,8,1,38.9,17,130.6,0
18725,UK,43.0,66.62,10,4,3,13,0,16.0,14,2864.6600000000003,1
12571,UK,22.0,,19,1,2,15,1,35.0,19,1677.17,1
14823,Sweden,40.0,19.17,18,1,10,19,1,32.9,24,766.8000000000001,0
17708,UK,34.0,60.09,11,2,10,12,1,16.4,9,2043.0600000000002,1
19223,Norway,1.0,105.1,4,0,2,16,1,59.3,3,105.1,0
19209,UK,32.0,51.16,8,4,3,10,1,9.3,29,1637.12,1
10877,France,24.0,103.59,10,1,8,15,0,27.1,16,2486.16,1
18982,Germany,12.0,120.88,13,4,11,18,0,2.9,9,1450.56,0
11140,France,13.0,131.7,7,5,10,18,1,,27,1712.1,1
15844,Germany,32.0,7.19,1,3,3,13,0,28.3,2,230.08,0
19296,France,5.0,116.17,16,6,5,14,1,,25,580.85,0
16548,Sweden,30.0,22.5,19,1,1,19,0,42.2,1,675.0,0
19474,Germany,42.0,104.89,2,6,3,15,1,46.1,20,4405.38,1
13443,UK,5.0,56.06,7,2,7,12,0,58.0,2,280.3,0
13147,UK,1.0,106.32,9,2,5,11,1,52.0,5,106.32,0
13262,France,3.0,32.47,15,6,8,17,1,20.1,10,97.41,0
13551,UK,36.0,,15,3,4,17,0,43.9,6,2744.46,1
16828,UK,42.0,19.26,7,5,7,14,1,5.5,2,808.9200000000001,0
14524,Germany,49.0,25.88,6,5,8,10,1,9.0,20,1268.12,0
17374,UK,2.0,,8,3,3,10,0,28.1,23,152.47,0
14161,Netherlands,24.0,50.85,5,2,1,11,1,28.1,10,1220.4,0
13077,France,,105.71,9,3,5,8,0,30.8,21,2642.75,1
11900,France,19.0,102.93,5,2,1,14,1,29.0,10,1955.67,1
15510,France,16.0,93.43,2,2,2,13,0,38.8,7,1494.88,1
18983,Japan,30.0,109.72,14,1,4,13,0,57.3,25,3291.6,1
18589,Germany,45.0,119.19,15,6,5,20,0,11.2,16,5363.55,1
12533,Norway,40.0,136.76,6,4,4,11,0,,1,5470.4,1
14776,UK,4.0,12.54,8,5,1,18,0,5.4,21,50.16,0
17052,Germany,12.0,85.95,8,4,3,10,0,,12,1031.4,0
16124,France,14.0,112.44,1,2,11,15,1,59.3,3,1574.1599999999999,1
10671,UK,13.0,32.93,11,2,9,19,0,,7,428.09,0
15910,UK,18.0,39.91,9,6,6,18,0,13.6,10,718.3799999999999,0
10387,Germany,30.0,40.41,18,0,1,15,0,,1,1212.3,0
11164,UK,37.0,86.06,8,2,5,10,0,18.3,22,3184.2200000000003,1
16537,Sweden,47.0,55.24,16,5,12,12,0,33.2,7,2596.28,1
11025,UK,35.0,100.08,8,3,10,13,0,59.4,5,3502.7999999999997,1
13390,UK,15.0,91.73,4,4,10,18,0,42.5,6,1375.95,0
15884,Germany,10.0,98.74,7,0,3,12,1,24.9,21,987.4,0
16554,UK,19.0,38.22,17,1,5,18,0,41.3,15,726.18,0
14457,UK,40.0,115.22,5,4,1,20,1,52.5,24,4608.8,1
10940,Germany,49.0,99.77,17,2,11,9,1,14.5,13,4888.73,1
17991,UK,20.0,20.03,13,3,2,20,0,43.3,20,400.6,0
19498,UK,9.0,30.43,15,6,8,15,1,37.2,14,273.87,0
18887,Germany,1.0,45.49,15,4,4,15,1,44.3,18,45.49,0
17485,Germany,,140.44,10,4,7,11,0,6.0,26,3511.0,1
14022,Netherlands,32.0,49.29,12,1,10,12,0,,18,1577.28,1
18762,UK,29.0,3.47,2,4,4,15,1,,15,100.63000000000001,0
14881,UK,32.0,21.67,14,6,1,10,1,41.5,26,693.44,0
11364,Norway,2.0,5.31,14,4,8,17,0,12.6,19,10.62,0
18505,Germany,22.0,60.72,2,5,7,16,0,10.5,28,1335.84,0
13201,UK,9.0,,10,6,2,8,0,44.6,19,686.115,0
19387,Australia,17.0,67.84,10,6,1,10,1,39.2,20,1153.28,0
13683,UK,31.0,125.93,6,2,7,14,1,59.0,15,3903.8300000000004,1
18693,Netherlands,14.0,7.61,2,2,8,17,1,27.8,25,106.54,0
15371,France,33.0,70.72,1,1,2,11,0,14.5,9,2333.7599999999998,1
14673,Norway,15.0,118.17,4,5,8,19,0,,16,1772.55,1
12968,Norway,26.0,101.37,5,2,6,14,1,45.2,27,2635.62,1
18357,UK,23.0,128.0,5,5,2,15,1,31.8,7,2944.0,1
10606,Netherlands,19.0,41.44,12,5,8,9,0,45.0,13,787.3599999999999,0
14688,UK,7.0,75.38,9,4,8,16,0,19.3,1,527.66,0
13688,Germany,29.0,101.69,3,0,2,18,0,,17,2949.0099999999998,1
15433,Germany,,25.69,2,4,9,10,0,8.4,11,642.25,0
12545,UK,32.0,122.46,13,1,3,15,0,18.1,17,3918.72,1
16645,UK,37.0,47.06,18,3,8,8,1,39.6,7,1741.22,1
13859,UK,40.0,14.45,16,1,10,10,0,16.2,25,578.0,0
11881,UK,2.0,114.97,15,0,12,8,0,53.1,29,229.94,0
11969,UK,39.0,105.9,7,4,4,18,1,15.7,16,4130.1,1
16965,Sweden,12.0,,14,3,5,20,0,41.4,18,914.8199999999999,0
12618,UK,33.0,133.87,2,4,2,8,0,32.1,14,4417.71,1
13072,Netherlands,49.0,42.14,4,3,12,17,0,13.5,9,2064.86,1
16269,Australia,44.0,96.38,3,2,4,15,0,33.8,14,4240.719999999999,1
13297,France,21.0,149.87,4,0,10,17,1,57.3,15,3147.27,1
13881,UK,42.0,36.95,7,1,12,14,0,56.7,23,1551.9,1
12444,Japan,31.0,71.2,1,6,6,20,0,18.2,21,2207.2000000000003,1
13453,France,7.0,136.57,16,5,9,8,1,32.7,10,955.99,0
16927,France,,15.91,14,3,6,9,1,,18,397.75,0
15339,Sweden,47.0,139.27,13,0,7,11,1,28.7,28,6545.6900000000005,1
19975,Germany,45.0,73.48,4,6,3,18,1,20.0,13,3306.6000000000004,1
17718,UK,44.0,134.01,17,5,11,9,1,55.8,25,5896.44,1
10168,Japan,19.0,93.4,1,0,2,9,1,,14,1774.6000000000001,1
13788,UK,,100.88,19,1,8,17,1,11.9,5,2522.0,1
12898,Australia,40.0,116.06,14,1,12,13,1,59.5,6,4642.4,1
15875,UK,1.0,10.54,4,6,10,17,1,42.0,10,10.54,0
12656,UK,44.0,94.35,4,6,10,12,1,8.9,17,4151.4,1
19662,UK,30.0,138.63,14,2,8,9,0,48.2,27,4158.9,1
12993,UK,32.0,143.44,16,1,12,15,0,33.9,12,4590.08,1
15219,Norway,22.0,145.26,9,4,11,9,1,24.6,9,3195.72,1
11229,UK,48.0,97.05,2,1,4,14,1,12.6,19,4658.4,1
19097,France,37.0,95.18,10,0,8,19,0,17.4,10,3521.6600000000003,1
19118,UK,3.0,83.09,10,1,6,10,1,10.9,13,249.27,0
17936,Norway,26.0,91.33,7,1,4,10,0,48.4,7,2374.58,1
13516,UK,43.0,92.01,18,0,10,20,1,17.1,9,3956.4300000000003,1
10587,UK,4.0,6.84,7,4,1,11,1,28.7,2,27.36,0
17109,UK,37.0,13.79,5,2,2,12,1,58.1,17,510.22999999999996,0
14290,Germany,12.0,93.1,13,3,2,16,1,59.7,14,1117.1999999999998,0
19903,Norway,25.0,47.48,12,3,3,9,1,47.7,5,1187.0,0
16983,Norway,,45.56,12,5,7,8,1,48.1,22,1139.0,0
15386,UK,25.0,29.42,10,5,12,18,1,56.7,6,735.5,0
19867,UK,2.0,120.26,7,3,12,20,0,48.0,20,240.52,0
18004,UK,2.0,144.67,5,5,11,20,1,27.6,4,289.34,0
14583,UK,37.0,94.35,3,3,10,8,1,4.6,1,3490.95,1
10188,Germany,46.0,,4,0,6,14,1,13.3,4,3506.81,1
10927,UK,15.0,132.64,11,6,10,19,0,27.2,16,1989.6,1
14437,Germany,46.0,33.08,8,5,4,18,0,16.7,6,1521.6799999999998,1
15620,Japan,23.0,23.45,15,2,8,12,1,20.4,10,539.35,0
10301,UK,3.0,32.13,16,2,1,14,1,4.5,16,96.39000000000001,0
11265,UK,27.0,14.88,11,6,11,9,0,33.6,19,401.76000000000005,0
17042,UK,48.0,87.64,2,2,12,9,0,21.7,23,4206.72,1
17515,UK,13.0,42.76,1,2,9,12,0,16.3,12,555.88,0
10298,UK,48.0,136.98,5,5,3,10,1,37.0,4,6575.039999999999,1
15076,Germany,32.0,92.2,6,2,4,20,0,17.3,29,2950.4,1
10809,UK,20.0,54.26,2,2,9,9,0,29.1,23,1085.2,0
17234,France,34.0,147.7,15,5,6,14,1,15.5,25,5021.799999999999,1
18340,Japan,20.0,143.0,7,1,7,15,1,41.2,27,2860.0,1
18693,Sweden,5.0,116.9,15,0,5,8,0,51.4,21,584.5,0
15981,France,43.0,118.86,4,2,11,13,0,5.8,29,5110.98,1
16289,UK,19.0,146.6,1,1,2,20,0,49.4,15,2785.4,1
19265,UK,28.0,90.27,3,2,6,9,1,51.3,17,2527.56,1
16124,UK,37.0,,9,0,3,9,0,57.9,18,2820.695,1
14462,Norway,5.0,10.19,10,4,9,10,1,49.8,15,50.949999999999996,0
17545,Norway,36.0,83.33,9,3,4,8,0,33.6,13,2999.88,1
15908,UK,18.0,75.63,19,1,4,19,1,5.1,10,1361.34,0
18424,UK,27.0,6.14,13,4,3,8,0,5.4,24,165.78,0
15247,UK,23.0,13.5,14,1,11,11,0,12.6,10,310.5,0
18690,UK,39.0,3.76,3,0,3,18,1,27.4,27,146.64,0
10448,Norway,10.0,44.46,9,3,11,20,1,57.4,22,444.6,0
10364,UK,6.0,8.5,12,1,11,9,0,11.3,29,51.0,0
10990,UK,21.0,63.76,12,5,12,12,0,32.8,19,1338.96,0
15561,UK,6.0,122.01,18,2,5,10,0,,18,732.0600000000001,0
17089,UK,12.0,92.27,10,3,8,10,0,1.8,10,1107.24,0
12162,UK,33.0,101.23,8,2,10,20,0,3.8,20,3340.59,1
11557,Japan,,5.21,18,3,1,12,1,16.9,17,130.25,0
18603,UK,34.0,126.01,7,0,1,15,0,14.3,12,4284.34,1
17505,Germany,16.0,22.36,11,6,3,10,0,30.4,2,357.76,0
16483,UK,40.0,,1,1,12,11,1,25.8,1,3049.4,1
14883,UK,20.0,77.76,4,2,2,12,0,35.4,7,1555.2,1
14202,UK,9.0,139.53,2,5,10,15,0,9.7,21,1255.77,0
10205,UK,38.0,149.72,8,2,11,19,1,41.5,27,5689.36,1
11881,UK,26.0,117.51,18,4,11,11,1,13.7,28,3055.26,1
18969,UK,19.0,109.53,2,0,7,16,0,27.7,16,2081.07,1
13390,Australia,33.0,79.39,19,2,7,14,0,3.0,25,2619.87,1
17045,France,36.0,100.01,17,5,9,18,1,48.1,1,3600.36,1
17037,Sweden,11.0,22.09,1,1,8,12,0,38.0,26,242.99,0
13094,UK,6.0,40.74,1,2,10,13,0,13.3,28,244.44,0
12043,France,26.0,147.7,18,0,5,16,0,36.5,12,3840.2,1
16916,France,3.0,146.95,12,3,12,13,1,26.8,2,440.84999999999997,0
10935,UK,32.0,48.78,4,2,6,17,1,49.7,21,1560.96,1
14948,UK,,36.54,19,6,3,8,1,59.0,1,913.5,0
18880,UK,11.0,34.81,11,2,10,12,0,,19,382.91,0
17113,Netherlands,30.0,72.99,13,5,8,10,0,29.9,10,2189.7,1
17642,UK,19.0,33.95,13,6,1,9,1,,16,645.0500000000001,0
10832,UK,20.0,97.45,4,5,2,8,1,45.2,27,1949.0,1
11997,Norway,11.0,11.69,7,5,1,12,1,3.0,5,128.59,0
12750,UK,34.0,16.0,3,4,7,10,1,33.1,1,544.0,0
12923,Norway,45.0,41.9,11,3,11,17,0,51.6,17,1885.5,1
11940,Australia,31.0,116.73,19,0,4,14,0,24.0,21,3618.63,1
19720,Australia,12.0,48.83,12,0,2,18,0,50.4,9,585.96,0
11649,Netherlands,41.0,70.89,14,2,11,19,1,9.7,5,2906.4900000000002,1
17081,UK,6.0,98.66,4,4,9,18,0,55.2,21,591.96,0
15867,Germany,15.0,118.39,11,0,7,13,0,47.7,20,1775.85,1
16105,Netherlands,2.0,46.41,19,6,3,20,0,24.1,28,92.82,0
12146,France,42.0,109.78,2,6,9,13,0,8.7,26,4610.76,1
13076,UK,3.0,43.27,4,0,5,18,0,31.7,22,129.81,0
16064,UK,27.0,96.85,14,0,3,10,0,40.6,1,2614.95,1
12991,UK,10.0,67.91,1,5,4,20,1,8.6,8,679.0999999999999,0
16941,UK,11.0,139.03,4,1,1,11,0,56.1,19,1529.33,1
10395,Germany,,147.32,18,1,6,16,1,,14,3683.0,1
10728,Australia,40.0,116.23,1,1,10,12,1,57.1,2,4649.2,1
17284,Netherlands,1.0,137.36,9,4,10,10,1,18.7,17,137.36,0
16167,France,8.0,20.91,7,0,9,12,1,26.6,23,167.28,0
10431,UK,15.0,98.34,8,1,11,15,0,15.2,22,1475.1000000000001,1
18990,UK,47.0,30.16,5,2,12,9,0,17.2,27,1417.52,0
10048,UK,3.0,41.91,6,4,3,10,0,9.6,5,125.72999999999999,0
19555,UK,9.0,78.66,15,6,6,19,1,8.4,28,707.9399999999999,0
17294,UK,20.0,111.43,1,1,5,9,1,40.6,16,2228.6000000000004,1
19881,UK,16.0,108.36,3,1,9,17,0,,9,1733.76,1
19488,UK,3.0,130.48,6,3,11,11,0,8.9,25,391.43999999999994,0
13131,Germany,27.0,84.11,16,2,11,12,1,32.5,3,2270.97,1
17565,UK,30.0,138.99,8,4,2,12,1,42.5,1,4169.700000000001,1
12109,UK,9.0,133.24,1,1,7,12,1,46.9,22,1199.16,0
14716,UK,34.0,127.43,10,4,2,17,1,35.2,22,4332.62,1
12401,Germany,3.0,34.81,12,6,4,18,0,12.9,3,104.43,0
14860,Germany,36.0,79.95,9,4,6,12,0,34.8,26,2878.2000000000003,1
18723,UK,13.0,110.57,2,5,8,10,1,37.9,25,1437.4099999999999,0
14361,UK,11.0,146.43,17,0,10,8,0,16.2,24,1610.73,1
10923,Norway,10.0,2.24,17,6,12,17,1,9.5,12,22.400000000000002,0
13246,Germany,43.0,49.4,18,4,5,19,1,55.6,28,2124.2,1
17865,France,25.0,51.68,19,4,7,8,1,6.7,4,1292.0,0
15217,UK,34.0,43.64,7,1,1,15,1,17.4,23,1483.76,1
15601,Australia,10.0,122.7,9,3,2,10,1,14.7,25,1227.0,0
14311,Japan,3.0,7.24,19,4,12,10,0,53.6,16,21.72,0
12927,UK,2.0,54.24,9,4,12,18,1,30.6,11,108.48,0
15981,France,22.0,106.9,17,0,12,11,0,57.4,14,2351.8,1
16330,UK,16.0,61.31,13,0,4,11,1,49.9,2,980.96,0
18981,France,,22.04,18,3,8,9,0,45.5,1,551.0,0
16177,UK,39.0,91.82,1,5,3,19,0,11.4,10,3580.9799999999996,1
19950,UK,16.0,78.63,14,2,9,19,1,21.3,1,1258.08,0
18265,Norway,22.0,147.28,16,4,6,19,1,49.4,19,3240.16,1
10787,Japan,19.0,112.4,4,6,12,10,0,59.0,19,2135.6,1
13921,UK,34.0,147.93,14,6,5,10,0,52.8,25,5029.62,1
13846,Norway,31.0,28.36,4,4,8,20,1,57.0,8,879.16,0
10030,UK,32.0,114.36,18,5,8,15,0,38.9,24,3659.52,1
11807,UK,3.0,82.97,18,0,10,11,1,29.5,9,248.91,0
17621,Japan,17.0,107.02,1,0,1,8,1,31.4,16,1819.34,1
13521,UK,48.0,70.4,10,4,6,18,1,28.1,24,3379.2000000000003,1
11478,UK,17.0,32.25,8,5,6,18,1,10.1,11,548.25,0
12874,France,,7.34,17,1,3,8,0,,4,183.5,0
12747,UK,10.0,125.82,7,4,10,14,1,6.3,24,1258.1999999999998,0
11745,UK,2.0,122.31,14,2,10,14,0,6.2,9,244.62,0
11011,UK,39.0,24.8,3,0,1,14,0,,7,967.2,0
17640,France,1.0,96.95,5,2,9,12,1,40.3,20,96.95,0
18245,UK,30.0,110.79,19,3,11,12,0,37.2,16,3323.7000000000003,1
14962,UK,20.0,83.86,8,5,4,12,1,34.0,1,1677.2,1
16154,France,5.0,47.93,15,6,8,19,1,45.2,27,239.65,0
19192,UK,44.0,132.2,19,6,8,20,0,25.9,16,5816.799999999999,1
18426,UK,37.0,96.54,19,0,1,9,1,27.1,8,3571.98,1
10325,France,41.0,,1,6,10,17,1,31.6,3,3125.6349999999998,1
19529,Netherlands,46.0,97.99,5,3,10,15,1,4.9,20,4507.54,1
10669,UK,,108.33,14,1,4,11,1,35.3,23,2708.25,1
10265,Japan,35.0,22.19,18,4,4,10,0,45.3,22,776.6500000000001,0
14032,France,27.0,138.43,19,0,10,17,1,16.6,19,3737.61,1
17458,UK,35.0,43.23,14,3,10,12,1,51.4,26,1513.05,1
10802,Netherlands,22.0,125.56,2,5,1,9,1,16.7,18,2762.32,1
12929,France,9.0,134.06,15,6,5,20,1,31.3,8,1206.54,0
12627,Germany,19.0,97.86,6,2,8,20,1,52.6,7,1859.34,1
13973,Germany,23.0,89.95,16,1,2,13,1,44.5,12,2068.85,1
19860,France,3.0,16.8,11,4,12,13,1,35.0,22,50.400000000000006,0
13314,Norway,42.0,65.72,4,1,3,13,1,,1,2760.24,1
12089,Germany,45.0,91.94,17,6,11,10,0,7.4,9,4137.3,1
11223,Australia,21.0,12.74,19,2,1,9,1,42.3,13,267.54,0
11981,France,25.0,,10,1,11,11,1,37.1,17,1905.875,1
11331,Japan,,149.03,16,1,1,13,0,6.0,5,3725.75,1
15736,Norway,23.0,50.17,2,2,9,10,1,8.3,3,1153.91,0
14205,UK,34.0,52.79,6,5,5,8,1,58.3,27,1794.86,1
14979,UK,,38.1,3,6,6,20,1,11.5,3,952.5,0
18321,Germany,14.0,97.08,6,5,2,19,0,53.9,3,1359.12,0
15804,UK,39.0,71.22,8,4,9,11,0,17.3,6,2777.58,1
11551,Germany,10.0,118.67,9,1,8,15,1,24.4,10,1186.7,0
13767,Netherlands,11.0,77.12,7,6,4,9,1,33.8,7,848.32,0
13125,Sweden,34.0,2.8,11,6,6,20,0,37.9,24,95.19999999999999,0
18267,UK,35.0,72.66,5,4,7,18,1,30.4,4,2543.1,1
13070,France,47.0,8.75,7,5,9,10,0,21.6,5,411.25,0
11385,UK,35.0,124.1,16,2,7,10,1,30.4,4,4343.5,1
17360,UK,2.0,17.49,11,3,1,12,1,42.3,19,34.98,0
14283,UK,42.0,32.93,1,5,7,9,1,24.4,26,1383.06,0
10958,UK,21.0,69.26,7,2,5,12,0,33.2,5,1454.46,0
16897,UK,1.0,29.68,16,5,5,16,0,,17,29.68,0
12105,France,29.0,,4,6,5,17,0,20.5,11,2210.815,1
18682,Germany,,69.37,18,6,5,8,1,18.6,19,1734.25,1
18324,UK,21.0,142.9,6,2,3,12,1,14.2,19,3000.9,1
13695,UK,24.0,13.71,12,3,4,18,1,45.9,9,329.04,0
15555,UK,4.0,86.72,10,2,9,19,1,59.0,18,346.88,0
15677,Norway,42.0,108.2,12,3,3,15,1,2.7,2,4544.400000000001,1
16534,Sweden,26.0,19.58,16,5,10,17,1,12.6,15,509.0799999999999,0
10691,UK,48.0,,3,2,6,11,0,57.9,29,3659.2799999999997,1
13248,UK,23.0,129.7,7,1,8,19,0,21.2,27,2983.1,1
11703,UK,30.0,118.24,11,1,2,14,1,,2,3547.2,1
16974,France,40.0,140.31,5,5,3,16,0,40.1,2,5612.4,1
10691,UK,11.0,108.23,8,6,11,11,1,21.8,24,1190.53,0
15169,UK,45.0,59.4,17,0,10,10,1,30.1,7,2673.0,1
17278,UK,10.0,138.11,5,6,1,14,0,,20,1381.1000000000001,0
19483,UK,49.0,34.19,4,0,11,14,1,,16,1675.31,1
12880,UK,32.0,87.76,12,3,11,15,1,40.3,12,2808.32,1
10079,UK,26.0,114.97,2,0,2,18,1,13.8,9,2989.22,1
17237,France,11.0,130.91,1,6,3,18,1,16.4,22,1440.01,0
10015,UK,28.0,137.52,17,5,3,11,0,53.6,8,3850.5600000000004,1
10663,UK,28.0,13.2,6,2,11,14,1,55.1,23,369.59999999999997,0
19904,Germany,49.0,109.05,3,4,11,9,1,48.6,7,5343.45,1
18625,UK,41.0,31.01,13,5,9,18,1,8.2,26,1271.41,0
17075,Netherlands,24.0,,10,1,4,9,1,,21,1829.6399999999999,1
18355,Norway,20.0,105.25,9,4,12,8,0,2.1,16,2105.0,1
10753,UK,19.0,27.61,9,2,11,14,1,36.2,3,524.59,0
10889,Japan,19.0,125.01,3,5,11,19,1,40.8,7,2375.19,1
13008,France,1.0,69.54,17,3,5,12,1,26.2,19,69.54,0
10237,France,2.0,81.81,1,5,9,10,1,29.3,17,163.62,0
18883,UK,37.0,145.72,10,4,9,10,1,44.8,3,5391.64,1
10562,UK,13.0,98.67,6,4,2,18,1,53.8,3,1282.71,0
15440,UK,21.0,88.49,13,0,7,16,0,12.2,18,1858.29,1
18536,Norway,35.0,3.01,11,5,7,14,0,9.2,11,105.35,0
17349,Germany,30.0,,8,1,8,20,1,38.2,14,2287.05,1
12347,UK,18.0,4.47,11,2,5,9,0,14.6,18,80.46,0
14703,UK,37.0,50.33,5,3,9,16,0,12.5,25,1862.21,1
15482,UK,8.0,52.0,3,5,11,12,0,13.0,8,416.0,0
17679,UK,24.0,79.78,18,4,8,11,1,12.6,21,1914.72,1
14262,Germany,6.0,103.62,12,1,11,19,1,29.1,26,621.72,0
12850,UK,27.0,27.31,13,2,10,20,0,57.9,27,737.37,0
17955,Netherlands,,90.45,19,1,4,18,1,49.9,29,2261.25,1
18864,France,,137.59,18,4,9,9,1,33.1,1,3439.75,1
14888,Germany,33.0,28.16,12,5,9,17,1,5.8,3,929.28,0
10280,Australia,13.0,99.03,16,4,12,12,1,40.7,26,1287.39,0
15006,UK,31.0,7.32,11,5,5,12,1,,6,226.92000000000002,0
18892,France,,79.91,5,4,2,10,0,46.9,9,1997.75,1
19890,France,26.0,111.36,12,6,9,15,0,30.1,14,2895.36,1
14010,UK,9.0,5.59,18,6,8,19,0,40.4,20,50.31,0
11501,UK,25.0,50.38,17,1,8,11,0,12.8,2,1259.5,0
15721,UK,6.0,131.75,10,2,9,14,1,50.2,19,790.5,0
18307,UK,8.0,34.21,18,0,7,16,1,47.0,3,273.68,0
19450,UK,29.0,108.57,4,1,1,16,1,23.1,11,3148.5299999999997,1
10517,UK,25.0,92.03,1,3,11,11,0,57.9,27,2300.75,1
12905,France,15.0,24.97,8,4,4,8,1,10.5,4,374.54999999999995,0
14776,UK,3.0,,4,6,3,18,1,2.2,2,228.70499999999998,0
10982,UK,21.0,80.05,19,4,10,15,0,46.0,14,1681.05,1
18863,UK,46.0,17.25,3,6,10,17,1,36.4,8,793.5,0
11121,UK,35.0,142.43,11,3,7,14,0,7.5,8,4985.05,1
16652,Norway,3.0,,15,6,9,13,0,10.4,13,228.70499999999998,0
19186,UK,46.0,111.89,3,5,1,11,0,8.7,5,5146.94,1
16852,UK,,33.05,1,3,4,16,1,10.8,1,826.2499999999999,0
17632,UK,29.0,21.01,11,6,3,18,0,28.2,27,609.2900000000001,0
12633,UK,1.0,111.33,18,6,6,12,1,4.0,24,111.33,0
18274,Germany,16.0,101.24,1,2,5,8,0,31.6,12,1619.84,1
14185,Netherlands,39.0,41.48,1,1,1,10,1,36.7,25,1617.7199999999998,1
10613,UK,,112.07,18,0,9,15,0,43.9,29,2801.75,1
13665,Germany,9.0,76.0,12,6,8,11,1,56.8,12,684.0,0
13498,UK,5.0,52.62,14,3,5,18,1,5.9,5,263.09999999999997,0
15214,Australia,46.0,118.14,6,3,11,11,1,3.1,6,5434.44,1
12648,Germany,40.0,92.71,6,1,5,14,0,9.2,28,3708.3999999999996,1
14622,UK,3.0,76.34,9,2,2,10,1,,26,229.02,0
14279,France,46.0,116.08,5,2,11,13,0,,21,5339.68,1
13268,Australia,41.0,81.95,9,4,2,16,0,,20,3359.9500000000003,1
16962,UK,18.0,140.81,19,1,1,18,1,41.8,9,2534.58,1
13054,Norway,33.0,122.8,15,5,6,17,1,57.5,16,4052.4,1
17657,Japan,13.0,54.05,17,2,7,14,0,15.7,11,702.65,0
12508,UK,13.0,70.01,10,1,4,13,1,1.5,12,910.1300000000001,0
18648,Netherlands,36.0,143.62,15,0,11,12,1,45.4,22,5170.32,1
13650,Germany,10.0,134.33,9,0,4,20,1,46.4,16,1343.3000000000002,0
10406,UK,18.0,29.08,12,1,12,17,0,3.6,13,523.4399999999999,0
11499,UK,18.0,41.51,14,5,8,19,0,37.4,8,747.18,0
18062,Japan,8.0,54.98,16,5,3,17,0,15.3,20,439.84,0
18721,Germany,,132.04,18,6,5,9,0,38.3,14,3301.0,1
12119,UK,34.0,139.15,3,2,1,11,0,43.9,2,4731.1,1
16021,UK,43.0,120.45,16,4,11,13,1,14.1,20,5179.35,1
15743,UK,26.0,41.72,14,1,8,12,0,16.4,10,1084.72,0
11337,Sweden,9.0,133.12,14,0,6,19,1,37.1,12,1198.08,0
14519,France,14.0,5.42,1,3,9,14,0,35.4,29,75.88,0
16938,UK,18.0,63.71,10,4,8,10,1,53.3,20,1146.78,0
19671,Japan,47.0,56.96,19,5,8,15,1,31.1,2,2677.12,1
18476,Australia,12.0,80.52,18,0,5,12,0,48.2,22,966.24,0
10978,UK,34.0,84.32,5,5,5,9,0,44.2,9,2866.8799999999997,1
12375,UK,7.0,34.2,10,2,4,20,1,40.3,22,239.40000000000003,0
14367,Germany,47.0,31.08,17,1,10,20,0,12.3,11,1460.76,0
11506,UK,32.0,120.63,18,0,6,18,1,17.3,17,3860.16,1
15706,UK,22.0,11.89,7,1,6,12,1,34.4,21,261.58000000000004,0
10086,Germany,17.0,74.25,16,3,9,18,1,4.9,6,1262.25,0
11135,Sweden,18.0,29.15,16,1,7,11,1,3.7,4,524.6999999999999,0
10472,UK,12.0,48.28,3,2,12,19,1,3.9,21,579.36,0
12954,Japan,30.0,41.96,1,3,3,19,1,55.4,3,1258.8,0
17622,Sweden,43.0,106.42,1,0,1,10,0,41.6,24,4576.06,1
11772,UK,12.0,68.68,3,6,6,12,1,50.4,13,824.1600000000001,0
19871,UK,37.0,45.27,15,2,7,17,1,57.8,3,1674.99,1
12695,France,28.0,124.79,8,5,10,11,0,42.4,23,3494.1200000000003,1
10448,Netherlands,38.0,13.33,14,4,8,18,0,31.4,26,506.54,0
13354,UK,38.0,115.07,2,5,12,16,0,29.3,2,4372.66,1
17480,France,2.0,37.62,12,2,2,10,1,45.0,28,75.24,0
11066,Germany,,137.74,15,1,7,18,0,52.2,13,3443.5,1
10718,France,45.0,1.33,19,1,10,8,0,49.9,20,59.85,0
18493,France,8.0,83.72,7,1,7,12,0,30.1,8,669.76,0
15921,UK,29.0,93.53,11,3,4,10,1,46.6,4,2712.37,1
13432,UK,37.0,86.81,10,4,10,8,0,29.1,29,3211.9700000000003,1
17560,UK,25.0,122.34,7,5,11,17,0,23.7,19,3058.5,1
18443,Sweden,1.0,17.27,13,6,4,9,1,18.6,8,17.27,0
13592,Sweden,1.0,62.63,11,5,7,17,0,4.2,11,62.63,0
15611,Netherlands,33.0,129.63,16,2,10,8,0,12.9,22,4277.79,1
10109,UK,44.0,133.37,1,3,2,19,1,44.1,9,5868.280000000001,1
13061,Germany,17.0,75.0,5,6,1,20,0,11.1,20,1275.0,0
15951,UK,27.0,83.92,12,4,9,12,0,54.2,2,2265.84,1
11971,UK,46.0,114.7,11,2,10,14,1,,29,5276.2,1
19912,UK,41.0,117.05,18,5,2,16,0,4.0,22,4799.05,1
19711,Australia,27.0,133.27,13,0,8,15,0,29.4,10,3598.2900000000004,1
12576,UK,33.0,,1,4,9,8,1,14.1,17,2515.755,1
13963,Germany,48.0,62.46,10,6,12,20,1,7.1,6,2998.08,1
11894,Norway,40.0,97.64,17,3,10,20,0,,14,3905.6,1
15039,France,21.0,72.74,17,4,3,14,1,32.1,11,1527.54,1
11239,UK,34.0,18.14,16,0,7,15,1,16.3,12,616.76,0
13909,Sweden,17.0,123.34,10,4,9,10,1,33.8,24,2096.78,1
15552,Germany,46.0,90.46,3,2,4,17,1,9.7,12,4161.16,1
16118,UK,5.0,9.17,5,6,2,14,1,2.4,1,45.85,0
15964,France,12.0,101.69,17,2,6,11,0,2.6,14,1220.28,0
12214,Japan,17.0,42.82,7,2,9,11,1,7.6,2,727.94,0
17922,UK,10.0,,15,2,7,9,0,48.0,14,762.35,0
16917,UK,30.0,91.19,1,4,8,18,0,27.5,20,2735.7,1
17530,UK,,109.97,10,6,8,8,1,37.8,3,2749.25,1
14678,UK,44.0,77.83,19,2,12,15,0,52.6,2,3424.52,1
18925,Netherlands,25.0,1.34,5,1,8,18,1,13.5,12,33.5,0
13898,UK,31.0,86.74,1,5,2,8,0,52.4,14,2688.94,1
18057,UK,30.0,,6,3,5,9,0,45.0,2,2287.05,1
12035,UK,1.0,139.0,2,3,3,17,0,44.0,10,139.0,0
12472,UK,35.0,40.46,12,6,10,18,1,52.4,23,1416.1000000000001,0
15267,UK,2.0,130.72,4,3,12,9,0,8.4,17,261.44,0
15558,Germany,27.0,2.31,5,4,10,11,0,32.9,16,62.370000000000005,0
17462,UK,49.0,15.03,12,6,3,15,1,29.5,4,736.4699999999999,0
12974,UK,39.0,67.99,7,1,9,15,0,40.2,24,2651.6099999999997,1
18726,Japan,25.0,113.91,13,6,1,14,0,15.0,18,2847.75,1
13297,Norway,16.0,141.41,18,6,4,11,0,8.5,13,2262.56,1
15341,UK,42.0,78.4,18,3,4,15,0,58.4,18,3292.8,1
19319,UK,43.0,53.64,14,2,6,8,1,28.5,5,2306.52,1
15394,UK,19.0,7.16,19,1,4,19,1,14.7,20,136.04,0
16818,UK,6.0,87.76,14,0,6,15,0,8.6,9,526.5600000000001,0
19086,UK,29.0,57.32,2,6,1,12,1,36.0,2,1662.28,1
19745,Sweden,32.0,136.42,19,3,10,12,0,9.7,7,4365.44,1
14994,France,46.0,72.27,11,4,5,12,0,11.8,11,3324.4199999999996,1
14169,UK,44.0,114.93,1,1,10,13,1,57.2,13,5056.92,1
11969,Norway,12.0,127.31,12,2,1,10,0,2.7,7,1527.72,1
15374,UK,13.0,15.19,5,5,11,15,0,12.0,23,197.47,0
19183,UK,49.0,66.41,11,4,8,10,1,40.6,8,3254.0899999999997,1
14871,UK,17.0,134.11,13,1,3,12,1,13.8,4,2279.8700000000003,1
13484,UK,23.0,63.96,1,0,10,19,1,11.7,7,1471.08,0
11072,Japan,15.0,84.99,9,5,9,15,1,33.8,12,1274.85,0
13897,UK,20.0,131.03,2,0,9,19,1,42.1,2,2620.6,1
12367,France,28.0,35.27,3,0,11,16,0,26.4,3,987.5600000000001,0
19767,UK,15.0,134.24,5,2,12,18,0,47.1,5,2013.6000000000001,1
15276,Sweden,21.0,,15,6,2,9,0,49.1,12,1600.935,1
11369,Germany,18.0,89.16,8,4,4,14,0,37.8,28,1604.8799999999999,1
10673,UK,6.0,49.54,1,0,1,12,0,35.1,17,297.24,0
18507,UK,39.0,79.3,15,6,1,8,1,49.2,3,3092.7,1
19314,Sweden,44.0,7.87,11,6,2,9,0,1.9,3,346.28000000000003,0
17630,UK,25.0,,3,4,9,10,1,31.1,3,1905.875,1
11238,UK,11.0,62.5,11,0,8,8,0,8.6,2,687.5,0
10982,Japan,32.0,,5,0,1,13,1,14.1,15,2439.52,1
11979,UK,27.0,92.56,13,6,6,8,0,57.0,22,2499.12,1
17511,UK,28.0,,19,5,2,18,0,1.2,13,2134.58,1
17653,UK,30.0,25.57,6,5,3,15,0,19.1,12,767.1,0
18378,UK,36.0,31.83,15,3,1,20,1,10.1,18,1145.8799999999999,0
10969,UK,2.0,66.35,1,4,7,9,1,,11,132.7,0
11532,UK,5.0,37.4,8,1,1,9,0,50.8,24,187.0,0
19002,UK,,21.08,17,0,10,19,0,24.1,20,527.0,0
19287,UK,8.0,89.84,2,1,12,13,1,50.4,29,718.72,0
17257,UK,,111.71,18,4,11,17,0,27.0,3,2792.75,1
11060,Norway,36.0,102.95,2,2,10,10,0,54.6,13,3706.2000000000003,1
10686,Germany,33.0,41.79,10,4,10,8,0,51.0,25,1379.07,0
10555,UK,35.0,128.24,4,3,11,14,0,11.6,20,4488.400000000001,1
16918,UK,2.0,91.97,1,3,11,15,0,53.2,23,183.94,0
18459,France,11.0,92.39,7,6,3,9,0,12.4,14,1016.29,0
16316,UK,39.0,,12,4,8,8,1,29.9,12,2973.165,1
12621,UK,23.0,36.71,14,6,4,10,0,12.6,22,844.33,0
17573,France,25.0,71.48,7,6,11,9,1,23.8,14,1787.0,1
10591,UK,37.0,36.05,10,4,1,20,0,59.2,12,1333.85,0
18281,Netherlands,4.0,103.37,4,6,6,20,0,46.1,12,413.48,0
18918,Japan,40.0,46.63,14,1,5,8,0,33.7,4,1865.2,1
17183,Australia,34.0,23.21,4,3,11,13,1,56.2,23,789.14,0
18792,UK,20.0,23.17,17,0,4,12,1,22.2,25,463.40000000000003,0
15861,UK,25.0,19.52,4,0,11,8,0,11.2,1,488.0,0
14683,UK,4.0,66.24,13,0,6,16,0,49.9,12,264.96,0
13224,Netherlands,11.0,0.95,7,0,9,19,1,1.7,20,10.45,0
19217,Sweden,13.0,81.58,19,2,7,15,0,48.5,5,1060.54,0
16972,Sweden,44.0,45.1,6,5,6,19,0,2.3,9,1984.4,1
11904,UK,6.0,83.1,19,6,4,16,0,17.8,28,498.59999999999997,0
19569,Australia,15.0,140.35,16,6,4,15,1,22.0,23,2105.25,1
10592,UK,7.0,130.42,9,1,8,20,0,19.8,26,912.9399999999999,0
15875,Australia,14.0,86.68,10,3,4,17,0,15.4,29,1213.52,0
11905,UK,1.0,63.0,7,3,11,17,0,7.4,20,63.0,0
16643,UK,14.0,104.91,9,0,2,18,0,1.2,9,1468.74,0
14126,UK,36.0,138.51,9,0,3,8,0,46.7,28,4986.36,1
14371,Norway,38.0,73.69,3,2,1,17,1,28.0,13,2800.22,1
16715,UK,19.0,15.35,7,5,11,17,1,10.6,16,291.65,0
17561,UK,35.0,115.03,17,2,5,14,0,5.8,16,4026.05,1
13800,UK,31.0,2.07,19,2,1,15,0,17.4,16,64.17,0
19976,UK,45.0,114.81,2,6,1,18,1,21.9,16,5166.45,1
14984,Sweden,40.0,13.2,14,2,12,9,0,28.2,23,528.0,0
11603,UK,12.0,16.44,5,4,11,14,1,7.0,5,197.28000000000003,0
10063,UK,29.0,117.37,13,6,4,18,0,58.8,13,3403.73,1
12024,Netherlands,39.0,,12,0,8,11,0,16.9,17,2973.165,1
16910,UK,15.0,84.5,17,3,4,11,1,27.0,17,1267.5,0
15394,UK,29.0,123.18,14,2,11,8,1,42.8,21,3572.2200000000003,1
13378,UK,20.0,127.78,16,0,9,12,0,19.3,10,2555.6,1
14813,UK,,68.9,16,0,6,12,0,5.9,28,1722.5000000000002,1
18381,UK,10.0,149.45,13,4,12,20,0,23.2,1,1494.5,1
15715,UK,2.0,53.96,8,4,3,9,1,33.6,22,107.92,0
10580,UK,37.0,26.14,7,3,12,16,1,50.7,5,967.1800000000001,0
10490,France,41.0,126.97,7,4,4,8,0,22.7,18,5205.7699999999995,1
14820,Japan,32.0,62.63,7,5,11,18,1,53.5,1,2004.16,1
14042,Japan,12.0,131.24,6,0,11,14,0,33.2,7,1574.88,1
18505,UK,1.0,9.64,6,0,7,13,0,43.3,12,9.64,0
15829,UK,31.0,17.1,11,2,2,20,0,2.8,3,530.1,0
17568,Norway,10.0,6.52,6,3,10,17,1,53.8,10,65.19999999999999,0
15851,Netherlands,27.0,90.5,7,6,9,9,1,13.6,19,2443.5,1
13452,UK,48.0,124.86,14,6,11,11,1,20.2,5,5993.28,1
16573,UK,,,7,5,3,11,1,31.9,19,1905.875,1
16214,UK,29.0,14.06,3,2,3,15,1,57.6,14,407.74,0
17202,UK,49.0,56.33,1,4,5,18,1,21.4,25,2760.17,1
11892,UK,,52.53,15,0,5,16,1,14.0,19,1313.25,0
16415,UK,40.0,96.7,19,3,1,13,0,57.7,13,3868.0,1
12854,Norway,41.0,98.0,13,0,2,17,1,48.7,24,4018.0,1
17902,Germany,24.0,15.9,2,6,6,17,0,40.1,5,381.6,0
17985,Germany,16.0,63.32,11,3,12,9,0,25.2,17,1013.12,0
16247,UK,34.0,96.56,6,5,2,15,1,25.8,7,3283.04,1
19466,Netherlands,31.0,39.2,7,0,3,17,0,57.1,14,1215.2,0
15375,France,24.0,61.36,18,6,11,15,1,5.1,14,1472.6399999999999,1
10251,UK,10.0,92.25,16,3,1,11,0,45.7,18,922.5,0
16061,Germany,37.0,60.73,14,0,2,10,0,36.5,10,2247.0099999999998,1
17776,France,11.0,5.11,10,2,11,11,0,58.1,20,56.21,0
11011,Australia,7.0,,11,1,4,12,1,33.9,6,533.645,0
11046,UK,4.0,116.52,18,0,4,19,0,17.6,5,466.08,0
12731,Japan,22.0,37.65,13,0,1,16,1,47.0,4,828.3,0
18442,UK,6.0,122.75,12,4,5,18,0,59.2,14,736.5,0
15273,UK,17.0,70.3,2,6,12,8,1,54.5,12,1195.1,0
19764,UK,12.0,71.2,19,4,12,18,0,18.4,24,854.4000000000001,0
18729,UK,23.0,115.69,16,4,8,10,1,21.4,10,2660.87,1
15548,UK,39.0,57.8,7,0,9,15,1,45.5,17,2254.2,1
16790,UK,23.0,36.15,5,1,8,13,0,36.3,28,831.4499999999999,0
13310,France,28.0,16.2,19,0,9,19,0,1.7,18,453.59999999999997,0
10904,UK,8.0,,19,6,7,16,0,9.4,25,609.88,0
13987,Norway,6.0,70.76,8,5,3,13,0,6.0,15,424.56000000000006,0
15922,UK,48.0,121.51,5,6,11,14,1,11.5,6,5832.4800000000005,1
11821,Germany,31.0,68.92,16,6,11,17,0,19.0,14,2136.52,1
12217,Sweden,1.0,62.51,12,1,2,17,1,58.1,22,62.51,0
10149,Australia,28.0,45.18,18,3,2,15,0,40.9,4,1265.04,0
17340,Germany,1.0,30.31,11,4,10,17,1,,14,30.31,0
18994,France,4.0,124.65,11,5,1,18,1,36.8,16,498.6,0
18274,UK,19.0,14.73,3,4,10,8,0,26.8,27,279.87,0
13799,UK,33.0,135.37,12,3,12,12,1,,29,4467.21,1
15934,UK,31.0,4.52,7,0,1,19,0,53.2,18,140.11999999999998,0
19608,UK,39.0,78.58,4,6,10,12,1,4.8,7,3064.62,1
15913,UK,9.0,9.22,15,4,2,18,0,58.8,6,82.98,0
12958,UK,10.0,117.05,7,5,4,15,1,4.4,18,1170.5,0
13385,Sweden,27.0,32.12,5,1,7,11,1,44.2,6,867.2399999999999,0
17271,Japan,43.0,85.11,19,0,9,12,0,54.3,20,3659.73,1
14462,Australia,36.0,137.51,19,6,2,14,0,45.4,29,4950.36,1
18373,France,,97.56,10,5,2,9,0,9.9,6,2439.0,1
18641,UK,5.0,27.16,6,5,4,12,0,13.3,27,135.8,0
10358,UK,,119.6,4,3,9,16,0,3.4,2,2990.0,1
17233,France,49.0,66.5,12,6,5,19,1,8.7,15,3258.5,1
13699,Germany,29.0,2.47,12,1,4,20,0,4.6,12,71.63000000000001,0
15197,UK,17.0,73.27,12,5,2,12,0,4.2,17,1245.59,0
12647,UK,33.0,121.97,15,3,12,18,0,34.2,15,4025.0099999999998,1
13682,UK,32.0,64.78,9,1,9,13,0,5.5,16,2072.96,1
13303,UK,46.0,113.88,13,5,12,18,0,26.1,4,5238.48,1
10503,UK,6.0,105.98,13,2,6,19,1,42.9,23,635.88,0
17827,UK,26.0,68.81,16,1,10,13,0,1.9,28,1789.06,1
11430,Germany,35.0,48.83,15,4,8,15,0,38.7,14,1709.05,1
13757,Norway,18.0,109.12,1,5,7,19,0,45.7,25,1964.16,1
11930,UK,42.0,55.65,12,2,6,9,0,32.7,4,2337.2999999999997,1
11606,France,4.0,25.93,19,6,7,11,0,29.1,22,103.72,0
13733,Australia,6.0,48.47,11,4,5,16,0,44.1,10,290.82,0
19187,UK,39.0,131.59,11,0,8,10,1,32.3,20,5132.01,1
19441,France,7.0,42.87,12,2,6,18,0,31.0,17,300.09,0
13817,UK,21.0,35.63,11,6,12,11,1,48.3,2,748.23,0
15051,Germany,,20.45,8,1,11,12,1,50.4,11,511.25,0
19856,UK,34.0,8.75,19,6,6,18,0,22.7,13,297.5,0
12348,Sweden,1.0,,2,3,5,14,1,25.5,24,76.235,0
19447,Norway,18.0,,16,4,10,18,1,48.2,4,1372.23,0
11057,UK,49.0,109.58,4,4,8,16,0,33.1,28,5369.42,1
12258,UK,19.0,116.06,4,3,3,14,0,41.5,2,2205.14,1
13383,UK,30.0,53.17,12,3,11,14,0,5.4,8,1595.1000000000001,1
10370,Netherlands,49.0,119.94,13,3,9,18,0,6.6,5,5877.0599999999995,1
18157,Germany,30.0,,18,4,8,20,0,32.4,26,2287.05,1
18554,UK,37.0,111.39,6,5,10,8,0,49.3,17,4121.43,1
13833,Australia,47.0,106.9,1,3,3,14,1,19.7,21,5024.3,1
18363,UK,31.0,65.12,5,3,10,18,0,57.7,20,2018.7200000000003,1
17725,UK,41.0,126.28,11,5,2,16,1,45.9,18,5177.4800000000005,1
18014,UK,25.0,13.78,7,5,10,14,0,47.1,9,344.5,0
18027,UK,40.0,,5,4,8,18,1,50.2,4,3049.4,1
15734,UK,32.0,54.62,18,3,7,14,1,16.0,13,1747.84,1
11108,UK,17.0,85.11,11,4,9,9,0,20.5,12,1446.87,0
19234,UK,28.0,134.0,13,3,4,11,0,8.0,13,3752.0,1
16086,Sweden,17.0,,15,3,10,8,1,23.4,29,1295.995,0
19012,UK,20.0,4.32,8,1,1,17,1,3.1,4,86.4,0
19590,Sweden,15.0,108.53,14,3,9,20,1,45.3,19,1627.95,1
11871,Germany,25.0,139.39,19,3,10,12,0,48.4,5,3484.7499999999995,1
14021,Netherlands,17.0,96.48,14,0,1,17,0,13.6,18,1640.16,1
11924,UK,31.0,129.28,6,6,9,20,0,29.9,20,4007.68,1
10509,Netherlands,19.0,123.88,15,4,10,13,0,40.6,2,2353.72,1
19664,UK,25.0,129.26,5,0,7,19,1,44.8,14,3231.5,1
19233,UK,7.0,51.94,2,1,8,8,0,58.2,10,363.58,0
19317,UK,19.0,71.39,9,3,1,16,1,12.8,15,1356.41,0
18836,UK,18.0,127.28,10,6,12,10,1,15.6,15,2291.04,1
16487,Sweden,48.0,136.6,9,3,12,18,0,51.4,14,6556.799999999999,1
15221,Norway,22.0,22.45,5,5,10,8,0,6.7,19,493.9,0
19914,Netherlands,2.0,27.64,6,0,1,18,1,47.4,6,55.28,0
15522,UK,16.0,52.35,18,3,6,13,0,8.9,25,837.6,0
16424,Japan,36.0,115.66,6,5,10,11,0,28.4,25,4163.76,1
12117,France,9.0,131.31,15,5,9,15,1,35.9,14,1181.79,0
17467,UK,8.0,87.25,5,1,11,20,0,46.3,27,698.0,0
18194,UK,19.0,17.43,3,4,8,10,1,7.8,8,331.17,0
16785,France,18.0,45.91,2,0,9,12,1,49.6,6,826.3799999999999,0
14986,UK,24.0,128.62,5,0,5,16,0,51.2,9,3086.88,1
